Date,Open,High,Low,Close,Volume
2021-01-04 09:00:00,3698.89,3707.92,3690.7,3703.78,650363202
2021-01-04 10:00:00,3703.78,3719.24,3698.67,3707.63,682059241
2021-01-04 11:00:00,3707.63,3724.03,3700.36,3709.05,398567283
2021-01-04 12:00:00,3709.05,3716.92,3698.83,3701.45,210732038
2021-01-04 13:00:00,3701.45,3706.76,3686.29,3691.04,339385938
2021-01-04 14:00:00,3691.04,3710.45,3679.21,3708.96,469333160
2021-01-04 15:00:00,3708.96,3712.52,3700.36,3702.22,1029805445
2021-01-05 09:00:00,3707.98,3710.55,3699.99,3702.66,516668653
2021-01-05 10:00:00,3702.66,3721.36,3697.03,3701.21,632721423
2021-01-05 11:00:00,3701.21,3706.02,3686.61,3698.73,317661923
2021-01-05 12:00:00,3698.73,3708.86,3694.73,3708.03,134590545
2021-01-05 13:00:00,3708.03,3712.78,3692.32,3702.55,257487301
2021-01-05 14:00:00,3702.55,3706.54,3689.86,3697.28,409277623
2021-01-05 15:00:00,3697.28,3715.3,3693.53,3711.06,758135703
2021-01-06 09:00:00,3701.02,3712.03,3694.06,3710.75,500606678
2021-01-06 10:00:00,3710.75,3720.8,3695.92,3716.65,639467037
2021-01-06 11:00:00,3716.65,3727.25,3709.53,3714.97,332550960
2021-01-06 12:00:00,3714.97,3728.82,3694.43,3727.92,148116650
2021-01-06 13:00:00,3727.92,3729.89,3703.1,3704.52,266907058
2021-01-06 14:00:00,3704.52,3705.87,3668.29,3671.49,409275504
2021-01-06 15:00:00,3671.49,3675.98,3658.78,3674.3,799156998
2021-01-07 09:00:00,3671.64,3675.08,3662.2,3673.03,460811031
2021-01-07 10:00:00,3673.03,3676.14,3653.05,3653.4,507938216
2021-01-07 11:00:00,3653.4,3662.19,3649.74,3654.48,216515251
2021-01-07 12:00:00,3654.48,3659.15,3644.09,3645.23,120566400
2021-01-07 13:00:00,3645.23,3648.03,3619.84,3623.11,200933890
2021-01-07 14:00:00,3623.11,3628.61,3608.91,3612.45,292147533
2021-01-07 15:00:00,3612.45,3640.35,3611.15,3625.95,571249511
2021-01-08 09:00:00,3634.94,3643.29,3628.57,3641.52,529949685
2021-01-08 10:00:00,3641.52,3644.41,3632.22,3643.31,679572717
2021-01-08 11:00:00,3643.31,3656.66,3637.9,3642.3,354478798
2021-01-08 12:00:00,3642.3,3662.25,3640.18,3661.34,164731875
2021-01-08 13:00:00,3661.34,3661.47,3644.49,3654.76,249566811
2021-01-08 14:00:00,3654.76,3664.99,3643.26,3646.85,365688905
2021-01-08 15:00:00,3646.85,3657.08,3643.17,3651.32,812092270
2021-01-11 09:00:00,3659.5,3667.86,3654.08,3662.17,848099694
2021-01-11 10:00:00,3662.17,3664.84,3644.94,3658.26,908820090
2021-01-11 11:00:00,3658.26,3679.1,3655.86,3676.21,452774772
2021-01-11 12:00:00,3676.21,3702.6,3674.48,3695.68,233779123
2021-01-11 13:00:00,3695.68,3699.29,3671.42,3673.77,346963995
2021-01-11 14:00:00,3673.77,3695.01,3666.14,3693.96,553561849
2021-01-11 15:00:00,3693.96,3720.16,3692.54,3711.24,1123370485
2021-01-12 09:00:00,3701.57,3708.41,3695.88,3703.67,501759423
2021-01-12 10:00:00,3703.67,3708.7,3697.0,3699.16,696277237
2021-01-12 11:00:00,3699.16,3709.74,3686.12,3689.55,363563214
2021-01-12 12:00:00,3689.55,3696.55,3678.09,3678.68,167905588
2021-01-12 13:00:00,3678.68,3690.8,3676.08,3686.87,303623824
2021-01-12 14:00:00,3686.87,3691.08,3680.1,3689.87,456388008
2021-01-12 15:00:00,3689.87,3706.82,3686.1,3705.97,887653263
2021-01-13 09:00:00,3691.02,3707.95,3690.17,3700.01,748385840
2021-01-13 10:00:00,3700.01,3700.92,3684.43,3691.65,817059300
2021-01-13 11:00:00,3691.65,3705.1,3685.05,3695.96,401436698
2021-01-13 12:00:00,3695.96,3705.49,3689.74,3696.62,164234868
2021-01-13 13:00:00,3696.62,3711.98,3693.91,3704.97,291502471
2021-01-13 14:00:00,3704.97,3710.0,3671.67,3677.43,494511435
2021-01-13 15:00:00,3677.43,3712.96,3677.18,3711.64,954029137
2021-01-14 09:00:00,3726.1,3734.89,3717.98,3723.89,830895968
2021-01-14 10:00:00,3723.89,3750.81,3723.05,3749.4,784912151
2021-01-14 11:00:00,3749.4,3750.45,3729.09,3740.49,446819828
2021-01-14 12:00:00,3740.49,3769.51,3739.36,3762.72,218167971
2021-01-14 13:00:00,3762.72,3769.05,3755.52,3767.08,344300398
2021-01-14 14:00:00,3767.08,3768.25,3752.78,3758.69,521074594
2021-01-14 15:00:00,3758.69,3776.64,3748.88,3771.54,1212109621
2021-01-15 09:00:00,3771.69,3790.45,3770.17,3789.73,503395227
2021-01-15 10:00:00,3789.73,3816.19,3786.59,3814.85,502322412
2021-01-15 11:00:00,3814.85,3824.66,3814.12,3819.77,212047402
2021-01-15 12:00:00,3819.77,3821.37,3806.8,3810.49,114749617
2021-01-15 13:00:00,3810.49,3826.07,3803.31,3811.38,213417931
2021-01-15 14:00:00,3811.38,3817.69,3805.61,3806.05,297952912
2021-01-15 15:00:00,3806.05,3818.61,3783.37,3804.5,678802934
2021-01-19 09:00:00,3814.41,3818.39,3803.99,3809.54,443360328
2021-01-19 10:00:00,3809.54,3826.55,3806.82,3824.04,415220255
2021-01-19 11:00:00,3824.04,3852.87,3813.84,3850.09,221752197
2021-01-19 12:00:00,3850.09,3854.91,3841.62,3853.46,117961723
2021-01-19 13:00:00,3853.46,3865.51,3843.18,3852.81,176500358
2021-01-19 14:00:00,3852.81,3859.79,3847.07,3854.35,271432715
2021-01-19 15:00:00,3854.35,3889.17,3853.54,3886.06,588817190
2021-01-20 09:00:00,3886.68,3887.25,3872.64,3876.47,720387718
2021-01-20 10:00:00,3876.47,3881.68,3856.29,3865.93,722898093
2021-01-20 11:00:00,3865.93,3893.01,3863.24,3875.6,314178108
2021-01-20 12:00:00,3875.6,3879.99,3851.62,3856.92,174017439
2021-01-20 13:00:00,3856.92,3864.46,3845.91,3860.89,321157765
2021-01-20 14:00:00,3860.89,3861.42,3822.54,3823.49,454720553
2021-01-20 15:00:00,3823.49,3839.8,3820.48,3838.75,987887696
2021-01-21 09:00:00,3836.79,3851.83,3830.93,3837.2,742505926
2021-01-21 10:00:00,3837.2,3838.0,3817.68,3820.99,679375569
2021-01-21 11:00:00,3820.99,3821.73,3792.56,3794.03,366842951
2021-01-21 12:00:00,3794.03,3807.14,3782.76,3803.41,162955430
2021-01-21 13:00:00,3803.41,3810.94,3796.69,3804.62,331114594
2021-01-21 14:00:00,3804.62,3822.94,3796.71,3818.03,508528698
2021-01-21 15:00:00,3818.03,3833.58,3814.75,3817.28,990757328
2021-01-22 09:00:00,3803.52,3809.28,3795.63,3797.86,663000169
2021-01-22 10:00:00,3797.86,3806.37,3787.26,3794.8,738673488
2021-01-22 11:00:00,3794.8,3801.45,3781.08,3782.32,335549433
2021-01-22 12:00:00,3782.32,3789.92,3762.76,3770.16,172075955
2021-01-22 13:00:00,3770.16,3772.36,3761.86,3762.23,287427434
2021-01-22 14:00:00,3762.23,3762.73,3748.82,3755.47,397549569
2021-01-22 15:00:00,3755.47,3787.28,3755.1,3787.15,884005202
2021-01-25 09:00:00,3781.34,3793.64,3777.2,3782.49,806445505
2021-01-25 10:00:00,3782.49,3788.37,3771.52,3779.13,770723110
2021-01-25 11:00:00,3779.13,3788.28,3777.66,3783.51,350853401
2021-01-25 12:00:00,3783.51,3803.86,3782.48,3799.23,190058730
2021-01-25 13:00:00,3799.23,3806.91,3794.25,3805.26,345889364
2021-01-25 14:00:00,3805.26,3812.35,3793.62,3794.88,599293119
2021-01-25 15:00:00,3794.88,3799.54,3775.22,3781.2,1112683859
2021-01-26 09:00:00,3773.28,3775.06,3758.91,3769.45,876918525
2021-01-26 10:00:00,3769.45,3771.75,3743.8,3745.86,1082490522
2021-01-26 11:00:00,3745.86,3753.72,3735.19,3751.83,477502198
2021-01-26 12:00:00,3751.83,3756.72,3734.85,3738.48,220533772
2021-01-26 13:00:00,3738.48,3766.53,3737.61,3762.43,398365452
2021-01-26 14:00:00,3762.43,3775.32,3745.82,3752.28,717504848
2021-01-26 15:00:00,3752.28,3757.69,3740.07,3756.9,1188115656
2021-01-27 09:00:00,3744.5,3745.8,3728.65,3733.3,542163379
2021-01-27 10:00:00,3733.3,3746.72,3724.4,3746.71,573641079
2021-01-27 11:00:00,3746.71,3769.04,3745.4,3767.82,281538439
2021-01-27 12:00:00,3767.82,3776.23,3747.08,3750.22,150893372
2021-01-27 13:00:00,3750.22,3773.4,3749.98,3770.63,255446544
2021-01-27 14:00:00,3770.63,3777.47,3760.14,3762.8,400159339
2021-01-27 15:00:00,3762.8,3765.59,3735.79,3735.88,750304260
2021-01-28 09:00:00,3736.75,3739.66,3730.55,3731.15,443553068
2021-01-28 10:00:00,3731.15,3748.91,3724.89,3727.56,452632322
2021-01-28 11:00:00,3727.56,3770.66,3723.16,3765.47,228621427
2021-01-28 12:00:00,3765.47,3781.6,3764.19,3770.23,104581357
2021-01-28 13:00:00,3770.23,3788.74,3763.95,3786.94,196397343
2021-01-28 14:00:00,3786.94,3802.62,3782.47,3794.68,326623768
2021-01-28 15:00:00,3794.68,3800.31,3779.92,3782.84,554138074
2021-01-29 09:00:00,3788.05,3791.72,3777.32,3786.04,732452492
2021-01-29 10:00:00,3786.04,3821.14,3781.19,3817.84,775832177
2021-01-29 11:00:00,3817.84,3878.83,3799.2,3874.63,349506278
2021-01-29 12:00:00,3874.63,3880.49,3864.56,3865.76,200807987
2021-01-29 13:00:00,3865.76,3881.04,3863.27,3875.8,305273534
2021-01-29 14:00:00,3875.8,3877.44,3845.27,3850.3,474046568
2021-01-29 15:00:00,3850.3,3900.24,3845.12,3894.97,1007776887
2021-02-01 09:00:00,3886.02,3887.5,3871.45,3873.98,941195608
2021-02-01 10:00:00,3873.98,3881.86,3855.24,3865.9,1134048444
2021-02-01 11:00:00,3865.9,3895.49,3861.2,3892.02,506192274
2021-02-01 12:00:00,3892.02,3909.82,3885.18,3902.08,268683889
2021-02-01 13:00:00,3902.08,3903.32,3882.38,3884.67,431047533
2021-02-01 14:00:00,3884.67,3895.57,3874.72,3891.43,628692659
2021-02-01 15:00:00,3891.43,3901.52,3885.69,3888.62,1264268936
2021-02-02 09:00:00,3896.12,3897.38,3886.14,3896.44,658721694
2021-02-02 10:00:00,3896.44,3903.83,3883.3,3899.65,730547239
2021-02-02 11:00:00,3899.65,3911.72,3888.29,3907.79,336568865
2021-02-02 12:00:00,3907.79,3921.15,3904.63,3915.53,176733520
2021-02-02 13:00:00,3915.53,3916.68,3896.87,3898.45,281032433
2021-02-02 14:00:00,3898.45,3905.15,3883.93,3903.87,474360823
2021-02-02 15:00:00,3903.87,3911.81,3900.04,3901.5,837071136
2021-02-03 09:00:00,3905.36,3910.56,3897.84,3908.38,531701954
2021-02-03 10:00:00,3908.38,3926.72,3903.07,3926.13,554694377
2021-02-03 11:00:00,3926.13,3934.27,3921.39,3923.58,300472508
2021-02-03 12:00:00,3923.58,3924.81,3900.16,3901.38,149654070
2021-02-03 13:00:00,3901.38,3941.4,3895.94,3935.46,238217209
2021-02-03 14:00:00,3935.46,3976.03,3934.44,3975.65,367110396
2021-02-03 15:00:00,3975.65,3976.64,3951.11,3960.06,676235998
2021-02-04 09:00:00,3947.26,3962.86,3947.19,3953.01,681770704
2021-02-04 10:00:00,3953.01,3957.61,3946.09,3952.96,553355505
2021-02-04 11:00:00,3952.96,3953.22,3933.31,3933.56,356348785
2021-02-04 12:00:00,3933.56,3958.15,3931.34,3941.88,173410583
2021-02-04 13:00:00,3941.88,3959.33,3936.99,3943.91,261554095
2021-02-04 14:00:00,3943.91,3967.48,3942.24,3961.9,438971452
2021-02-04 15:00:00,3961.9,3971.77,3948.37,3949.54,875581999
2021-02-05 09:00:00,3938.63,3940.78,3928.77,3933.81,609540981
2021-02-05 10:00:00,3933.81,3974.21,3931.49,3970.25,648962856
2021-02-05 11:00:00,3970.25,3994.66,3963.57,3993.05,309099483
2021-02-05 12:00:00,3993.05,4004.16,3987.37,3995.59,165618367
2021-02-05 13:00:00,3995.59,4002.62,3991.94,3995.54,260445709
2021-02-05 14:00:00,3995.54,4001.21,3976.58,3986.25,428936004
2021-02-05 15:00:00,3986.25,4004.19,3956.85,3973.77,870009333
2021-02-08 09:00:00,3971.59,3977.1,3961.44,3964.75,575053639
2021-02-08 10:00:00,3964.75,3968.14,3944.49,3949.85,569409620
2021-02-08 11:00:00,3949.85,3959.16,3936.53,3942.91,300711667
2021-02-08 12:00:00,3942.91,3955.28,3936.55,3944.86,151901630
2021-02-08 13:00:00,3944.86,3977.17,3944.2,3976.07,224973197
2021-02-08 14:00:00,3976.07,3991.7,3967.33,3991.08,377406681
2021-02-08 15:00:00,3991.08,4005.3,3987.48,3993.58,881456768
2021-02-09 09:00:00,3983.67,3985.13,3962.97,3967.17,841196627
2021-02-09 10:00:00,3967.17,3969.12,3951.97,3962.3,786938743
2021-02-09 11:00:00,3962.3,3968.04,3945.44,3961.54,459896721
2021-02-09 12:00:00,3961.54,3962.4,3941.2,3944.43,214046519
2021-02-09 13:00:00,3944.43,3951.83,3931.4,3936.84,329641898
2021-02-09 14:00:00,3936.84,3938.35,3916.86,3926.91,514621314
2021-02-09 15:00:00,3926.91,3963.04,3926.73,3961.28,1171578971
2021-02-10 09:00:00,3961.26,4021.36,3939.89,4017.13,407463589
2021-02-10 10:00:00,4017.13,4041.37,4008.49,4033.15,456214821
2021-02-10 11:00:00,4033.15,4062.54,4031.81,4062.2,216964355
2021-02-10 12:00:00,4062.2,4091.07,4059.14,4076.01,105414450
2021-02-10 13:00:00,4076.01,4098.14,4074.63,4095.98,181811927
2021-02-10 14:00:00,4095.98,4097.43,4052.02,4053.99,283709080
2021-02-10 15:00:00,4053.99,4068.29,4046.29,4051.63,494456392
2021-02-11 09:00:00,4069.6,4071.11,4055.17,4060.17,1112534218
2021-02-11 10:00:00,4060.17,4074.34,4054.34,4073.18,1198796703
2021-02-11 11:00:00,4073.18,4086.28,4067.89,4074.97,538988409
2021-02-11 12:00:00,4074.97,4081.04,4052.93,4059.24,268088929
2021-02-11 13:00:00,4059.24,4066.31,4044.86,4051.47,459189212
2021-02-11 14:00:00,4051.47,4060.07,4036.05,4055.34,755782033
2021-02-11 15:00:00,4055.34,4063.99,4040.84,4047.89,1363100895
2021-02-12 09:00:00,4055.92,4067.24,4052.19,4058.76,406359007
2021-02-12 10:00:00,4058.76,4067.2,4049.33,4062.97,424710630
2021-02-12 11:00:00,4062.97,4076.46,4052.94,4070.39,212421704
2021-02-12 12:00:00,4070.39,4088.72,4070.29,4084.77,99833834
2021-02-12 13:00:00,4084.77,4094.59,4075.05,4079.49,171053108
2021-02-12 14:00:00,4079.49,4093.55,4074.34,4087.29,299356212
2021-02-12 15:00:00,4087.29,4102.07,4085.69,4093.62,474265056
2021-02-16 09:00:00,4097.61,4109.11,4086.43,4105.09,735572196
2021-02-16 10:00:00,4105.09,4111.35,4090.36,4099.07,675501232
2021-02-16 11:00:00,4099.07,4121.34,4087.9,4116.1,321307581
2021-02-16 12:00:00,4116.1,4116.55,4087.71,4096.02,194909917
2021-02-16 13:00:00,4096.02,4103.93,4091.98,4100.76,351744939
2021-02-16 14:00:00,4100.76,4111.09,4091.34,4094.9,474560878
2021-02-16 15:00:00,4094.9,4098.85,4064.64,4073.95,910110909
2021-02-17 09:00:00,4087.73,4088.74,4074.98,4084.62,1070320741
2021-02-17 10:00:00,4084.62,4110.87,4082.85,4104.22,1023693493
2021-02-17 11:00:00,4104.22,4124.8,4095.71,4121.97,451458954
2021-02-17 12:00:00,4121.97,4126.19,4096.92,4114.81,286494659
2021-02-17 13:00:00,4114.81,4136.99,4113.86,4122.59,496788225
2021-02-17 14:00:00,4122.59,4137.89,4116.11,4132.77,732570181
2021-02-17 15:00:00,4132.77,4134.23,4107.24,4108.19,1359422190
2021-02-18 09:00:00,4104.38,4108.5,4100.01,4104.77,609825523
2021-02-18 10:00:00,4104.77,4124.19,4104.23,4120.37,714860878
2021-02-18 11:00:00,4120.37,4137.5,4116.78,4122.95,301615908
2021-02-18 12:00:00,4122.95,4129.14,4096.84,4098.31,182436993
2021-02-18 13:00:00,4098.31,4106.29,4087.41,4105.72,239725241
2021-02-18 14:00:00,4105.72,4106.36,4084.47,4097.5,419357854
2021-02-18 15:00:00,4097.5,4098.77,4079.67,4094.74,867405745
2021-02-19 09:00:00,4096.83,4103.47,4083.8,4099.76,929960929
2021-02-19 10:00:00,4099.76,4132.11,4098.86,4127.96,948050334
2021-02-19 11:00:00,4127.96,4135.23,4117.15,4133.7,368251266
2021-02-19 12:00:00,4133.7,4154.98,4129.42,4153.9,210979610
2021-02-19 13:00:00,4153.9,4201.0,4152.16,4193.69,385067979
2021-02-19 14:00:00,4193.69,4197.67,4183.6,4191.1,606067209
2021-02-19 15:00:00,4191.1,4192.02,4164.99,4178.72,1189277520
2021-02-22 09:00:00,4177.63,4189.4,4175.4,4181.6,544728262
2021-02-22 10:00:00,4181.6,4186.72,4170.24,4182.17,702131534
2021-02-22 11:00:00,4182.17,4194.68,4180.01,4185.51,332717720
2021-02-22 12:00:00,4185.51,4202.31,4157.52,4160.91,160115103
2021-02-22 13:00:00,4160.91,4170.55,4148.98,4155.02,275540986
2021-02-22 14:00:00,4155.02,4203.58,4143.04,4197.22,489179869
2021-02-22 15:00:00,4197.22,4213.76,4192.93,4211.13,849940161
2021-02-23 09:00:00,4192.55,4206.22,4190.61,4204.93,933414504
2021-02-23 10:00:00,4204.93,4210.12,4193.96,4201.93,1052395745
2021-02-23 11:00:00,4201.93,4213.03,4193.86,4206.67,399176033
2021-02-23 12:00:00,4206.67,4211.81,4193.23,4198.05,239918930
2021-02-23 13:00:00,4198.05,4200.14,4169.1,4171.36,428028016
2021-02-23 14:00:00,4171.36,4184.6,4165.39,4178.19,636479190
2021-02-23 15:00:00,4178.19,4197.71,4174.51,4189.45,1303716424
2021-02-24 09:00:00,4192.0,4202.5,4187.25,4188.01,334802921
2021-02-24 10:00:00,4188.01,4263.1,4186.73,4260.23,348882496
2021-02-24 11:00:00,4260.23,4293.77,4254.71,4288.98,167675181
2021-02-24 12:00:00,4288.98,4306.85,4276.94,4304.81,89638806
2021-02-24 13:00:00,4304.81,4320.89,4304.69,4309.5,140775180
2021-02-24 14:00:00,4309.5,4312.76,4295.46,4312.0,231987773
2021-02-24 15:00:00,4312.0,4315.22,4294.74,4308.18,436252840
2021-02-25 09:00:00,4313.98,4329.83,4313.6,4326.57,780241007
2021-02-25 10:00:00,4326.57,4331.49,4315.58,4315.65,849538325
2021-02-25 11:00:00,4315.65,4328.24,4310.84,4318.93,403674567
2021-02-25 12:00:00,4318.93,4320.04,4298.58,4309.73,207379213
2021-02-25 13:00:00,4309.73,4311.48,4285.64,4296.18,374678753
2021-02-25 14:00:00,4296.18,4324.66,4295.8,4317.64,574203613
2021-02-25 15:00:00,4317.64,4328.24,4294.79,4307.0,1149700557
2021-02-26 09:00:00,4310.76,4324.51,4310.22,4316.37,939541396
2021-02-26 10:00:00,4316.37,4317.04,4286.7,4292.97,828928200
2021-02-26 11:00:00,4292.97,4322.76,4286.24,4306.75,362825687
2021-02-26 12:00:00,4306.75,4318.77,4300.16,4307.97,207422993
2021-02-26 13:00:00,4307.97,4308.22,4281.42,4301.33,376499092
2021-02-26 14:00:00,4301.33,4311.74,4296.69,4298.9,567262816
2021-02-26 15:00:00,4298.9,4313.66,4288.11,4306.34,1012340461
2021-03-01 09:00:00,4306.2,4318.07,4305.13,4308.23,1055635565
2021-03-01 10:00:00,4308.23,4323.84,4285.62,4286.06,924037004
2021-03-01 11:00:00,4286.06,4287.8,4268.8,4272.8,423968133
2021-03-01 12:00:00,4272.8,4273.51,4254.26,4259.24,221872056
2021-03-01 13:00:00,4259.24,4292.81,4257.93,4292.2,373970962
2021-03-01 14:00:00,4292.2,4313.66,4285.52,4290.68,590245350
2021-03-01 15:00:00,4290.68,4293.99,4260.63,4267.6,1103424363
2021-03-02 09:00:00,4279.74,4294.0,4277.3,4288.75,424412559
2021-03-02 10:00:00,4288.75,4307.13,4288.39,4306.85,426496265
2021-03-02 11:00:00,4306.85,4323.35,4291.18,4294.58,216719058
2021-03-02 12:00:00,4294.58,4306.74,4281.6,4305.45,114386207
2021-03-02 13:00:00,4305.45,4314.05,4276.32,4276.89,178635216
2021-03-02 14:00:00,4276.89,4286.04,4263.35,4271.25,268821252
2021-03-02 15:00:00,4271.25,4278.31,4253.98,4278.21,659866795
2021-03-03 09:00:00,4269.75,4282.09,4267.22,4280.43,904063062
2021-03-03 10:00:00,4280.43,4301.13,4277.26,4283.92,894582750
2021-03-03 11:00:00,4283.92,4289.52,4264.66,4265.97,409068842
2021-03-03 12:00:00,4265.97,4266.34,4234.01,4248.86,235830002
2021-03-03 13:00:00,4248.86,4250.08,4232.77,4246.28,401468040
2021-03-03 14:00:00,4246.28,4248.86,4223.07,4236.97,622703856
2021-03-03 15:00:00,4236.97,4240.17,4203.77,4205.92,1128491635
2021-03-04 09:00:00,4215.41,4219.69,4205.43,4207.98,678898597
2021-03-04 10:00:00,4207.98,4215.33,4183.26,4186.31,605511716
2021-03-04 11:00:00,4186.31,4193.06,4168.09,4174.61,338408134
2021-03-04 12:00:00,4174.61,4198.06,4166.19,4195.99,153693632
2021-03-04 13:00:00,4195.99,4198.96,4170.95,4180.36,262963045
2021-03-04 14:00:00,4180.36,4183.92,4168.63,4173.19,417320981
2021-03-04 15:00:00,4173.19,4196.49,4168.94,4191.58,848056492
2021-03-05 09:00:00,4175.2,4176.23,4162.06,4163.46,593627429
2021-03-05 10:00:00,4163.46,4185.44,4161.02,4182.11,728869667
2021-03-05 11:00:00,4182.11,4209.85,4181.26,4202.8,361082313
2021-03-05 12:00:00,4202.8,4207.38,4183.53,4196.58,184561406
2021-03-05 13:00:00,4196.58,4200.72,4177.23,4197.53,293368879
2021-03-05 14:00:00,4197.53,4206.63,4190.27,4192.16,519873242
2021-03-05 15:00:00,4192.16,4201.52,4187.17,4199.92,1039740410
2021-03-08 09:00:00,4221.76,4224.76,4211.87,4220.62,621703016
2021-03-08 10:00:00,4220.62,4237.53,4219.18,4230.08,651526446
2021-03-08 11:00:00,4230.08,4239.46,4216.85,4223.19,323324283
2021-03-08 12:00:00,4223.19,4246.09,4220.1,4242.48,147114936
2021-03-08 13:00:00,4242.48,4274.19,4240.64,4269.5,254080126
2021-03-08 14:00:00,4269.5,4273.33,4257.34,4265.1,447935251
2021-03-08 15:00:00,4265.1,4269.6,4244.59,4246.38,841770017
2021-03-09 09:00:00,4274.56,4276.88,4258.75,4262.24,375809697
2021-03-09 10:00:00,4262.24,4265.23,4246.79,4252.69,431521239
2021-03-09 11:00:00,4252.69,4261.35,4234.2,4235.32,206799290
2021-03-09 12:00:00,4235.32,4236.54,4203.89,4204.85,105059151
2021-03-09 13:00:00,4204.85,4234.4,4202.98,4233.27,168486367
2021-03-09 14:00:00,4233.27,4240.46,4211.97,4212.76,267578792
2021-03-09 15:00:00,4212.76,4223.75,4199.94,4204.84,531630763
2021-03-10 09:00:00,4188.0,4191.98,4182.37,4187.11,343234553
2021-03-10 10:00:00,4187.11,4231.01,4186.19,4224.3,419894931
2021-03-10 11:00:00,4224.3,4230.81,4189.91,4190.19,194154438
2021-03-10 12:00:00,4190.19,4212.76,4187.5,4211.62,103082278
2021-03-10 13:00:00,4211.62,4221.14,4192.58,4194.58,177370280
2021-03-10 14:00:00,4194.58,4196.19,4159.96,4161.54,261641216
2021-03-10 15:00:00,4161.54,4162.43,4141.42,4144.68,534302024
2021-03-11 09:00:00,4137.04,4157.69,4134.97,4153.93,691346760
2021-03-11 10:00:00,4153.93,4167.22,4147.98,4162.57,827370893
2021-03-11 11:00:00,4162.57,4194.82,4159.92,4184.01,384617295
2021-03-11 12:00:00,4184.01,4194.07,4174.82,4180.15,244008717
2021-03-11 13:00:00,4180.15,4206.75,4178.07,4194.32,352610451
2021-03-11 14:00:00,4194.32,4198.01,4184.33,4192.38,555685590
2021-03-11 15:00:00,4192.38,4204.4,4186.89,4192.35,1147305176
2021-03-12 09:00:00,4208.46,4216.77,4201.34,4215.9,635692165
2021-03-12 10:00:00,4215.9,4238.79,4215.48,4226.56,741244974
2021-03-12 11:00:00,4226.56,4238.96,4219.59,4237.76,280739991
2021-03-12 12:00:00,4237.76,4275.05,4235.45,4272.38,166976462
2021-03-12 13:00:00,4272.38,4293.94,4271.67,4291.74,229268624
2021-03-12 14:00:00,4291.74,4303.31,4259.78,4268.8,488218077
2021-03-12 15:00:00,4268.8,4277.01,4256.22,4271.97,888918423
2021-03-15 09:00:00,4282.68,4290.34,4250.22,4258.2,935166362
2021-03-15 10:00:00,4258.2,4264.54,4251.34,4259.52,966450198
2021-03-15 11:00:00,4259.52,4267.13,4243.55,4244.28,490402361
2021-03-15 12:00:00,4244.28,4256.4,4236.93,4249.41,264672107
2021-03-15 13:00:00,4249.41,4254.35,4234.19,4249.72,435622991
2021-03-15 14:00:00,4249.72,4263.04,4247.56,4257.3,687798251
2021-03-15 15:00:00,4257.3,4268.39,4244.79,4267.42,1345766072
2021-03-16 09:00:00,4271.35,4275.08,4257.32,4258.22,876131729
2021-03-16 10:00:00,4258.22,4263.86,4245.14,4259.43,847972310
2021-03-16 11:00:00,4259.43,4295.15,4253.35,4290.36,395946862
2021-03-16 12:00:00,4290.36,4295.4,4281.27,4292.35,215303176
2021-03-16 13:00:00,4292.35,4296.28,4274.51,4284.29,310604468
2021-03-16 14:00:00,4284.29,4286.49,4261.25,4267.1,583848349
2021-03-16 15:00:00,4267.1,4282.43,4254.62,4258.36,1126242479
2021-03-17 09:00:00,4265.18,4272.24,4255.32,4264.87,551327501
2021-03-17 10:00:00,4264.87,4286.38,4257.0,4284.23,469911124
2021-03-17 11:00:00,4284.23,4299.63,4281.45,4283.68,252776669
2021-03-17 12:00:00,4283.68,4303.19,4281.72,4296.12,139398405
2021-03-17 13:00:00,4296.12,4306.22,4279.55,4298.97,242248976
2021-03-17 14:00:00,4298.97,4303.82,4253.17,4266.11,330645392
2021-03-17 15:00:00,4266.11,4267.4,4221.71,4223.34,651280265
2021-03-18 09:00:00,4234.95,4237.77,4223.23,4224.03,459979718
2021-03-18 10:00:00,4224.03,4229.72,4211.61,4216.6,525429792
2021-03-18 11:00:00,4216.6,4240.55,4213.08,4229.81,228356157
2021-03-18 12:00:00,4229.81,4249.96,4226.66,4236.9,132531424
2021-03-18 13:00:00,4236.9,4256.6,4235.93,4245.49,237548003
2021-03-18 14:00:00,4245.49,4246.88,4224.56,4235.31,384081139
2021-03-18 15:00:00,4235.31,4247.77,4234.23,4238.12,801371934
2021-03-19 09:00:00,4245.19,4255.43,4243.44,4250.06,662003931
2021-03-19 10:00:00,4250.06,4261.2,4247.26,4254.07,635553147
2021-03-19 11:00:00,4254.07,4264.03,4243.27,4258.06,290732835
2021-03-19 12:00:00,4258.06,4270.25,4254.33,4265.28,149010206
2021-03-19 13:00:00,4265.28,4283.3,4262.19,4276.89,244425479
2021-03-19 14:00:00,4276.89,4279.78,4263.99,4276.75,403618401
2021-03-19 15:00:00,4276.75,4282.09,4262.48,4263.34,755847545
2021-03-22 09:00:00,4260.74,4274.73,4258.7,4272.91,600696883
2021-03-22 10:00:00,4272.91,4298.04,4263.88,4293.61,855441020
2021-03-22 11:00:00,4293.61,4295.84,4273.15,4292.93,439417353
2021-03-22 12:00:00,4292.93,4293.72,4272.86,4281.62,224765922
2021-03-22 13:00:00,4281.62,4282.5,4252.99,4253.3,381098885
2021-03-22 14:00:00,4253.3,4260.91,4241.04,4245.08,582793047
2021-03-22 15:00:00,4245.08,4248.05,4223.01,4223.88,1054644317
2021-03-23 09:00:00,4247.22,4268.98,4246.42,4263.97,321222837
2021-03-23 10:00:00,4263.97,4274.52,4258.42,4271.91,343213091
2021-03-23 11:00:00,4271.91,4274.03,4246.72,4247.1,165791062
2021-03-23 12:00:00,4247.1,4253.72,4221.97,4250.68,89858861
2021-03-23 13:00:00,4250.68,4288.73,4250.0,4278.16,127088031
2021-03-23 14:00:00,4278.16,4295.59,4270.34,4283.03,257326506
2021-03-23 15:00:00,4283.03,4289.3,4260.03,4281.86,454870505
2021-03-24 09:00:00,4279.67,4291.07,4272.45,4286.94,858702130
2021-03-24 10:00:00,4286.94,4304.28,4280.29,4295.68,844204274
2021-03-24 11:00:00,4295.68,4318.15,4290.05,4301.84,442058904
2021-03-24 12:00:00,4301.84,4310.4,4296.53,4301.93,211924634
2021-03-24 13:00:00,4301.93,4311.15,4295.25,4308.37,371162806
2021-03-24 14:00:00,4308.37,4342.59,4307.29,4329.01,533753330
2021-03-24 15:00:00,4329.01,4329.32,4300.45,4304.11,1135075710
2021-03-25 09:00:00,4287.47,4291.1,4273.79,4275.96,559053677
2021-03-25 10:00:00,4275.96,4277.42,4256.98,4264.54,601690661
2021-03-25 11:00:00,4264.54,4277.25,4257.43,4267.82,271789618
2021-03-25 12:00:00,4267.82,4272.35,4257.24,4260.73,166839142
2021-03-25 13:00:00,4260.73,4267.45,4244.73,4253.12,248928739
2021-03-25 14:00:00,4253.12,4266.87,4246.4,4264.89,420115396
2021-03-25 15:00:00,4264.89,4286.89,4264.65,4278.74,923059996
2021-03-26 09:00:00,4277.79,4288.23,4265.87,4272.53,595561092
2021-03-26 10:00:00,4272.53,4300.49,4263.6,4299.98,671467647
2021-03-26 11:00:00,4299.98,4311.53,4291.89,4296.96,312867102
2021-03-26 12:00:00,4296.96,4317.37,4296.03,4314.02,154423080
2021-03-26 13:00:00,4314.02,4322.22,4307.06,4315.07,252087606
2021-03-26 14:00:00,4315.07,4320.36,4300.77,4318.71,404676492
2021-03-26 15:00:00,4318.71,4321.6,4303.9,4312.3,815794286
2021-03-29 09:00:00,4315.52,4320.3,4303.96,4309.28,459547060
2021-03-29 10:00:00,4309.28,4317.07,4301.1,4306.89,662863097
2021-03-29 11:00:00,4306.89,4338.12,4306.55,4320.47,321509278
2021-03-29 12:00:00,4320.47,4326.43,4304.48,4325.57,169379997
2021-03-29 13:00:00,4325.57,4331.68,4314.08,4331.02,300684523
2021-03-29 14:00:00,4331.02,4335.79,4296.21,4297.81,438366922
2021-03-29 15:00:00,4297.81,4335.27,4294.23,4334.12,842084314
2021-03-30 09:00:00,4340.72,4357.25,4334.4,4350.65,628988935
2021-03-30 10:00:00,4350.65,4392.01,4340.14,4389.44,780263090
2021-03-30 11:00:00,4389.44,4390.58,4370.57,4373.08,382354398
2021-03-30 12:00:00,4373.08,4394.75,4369.12,4384.57,176141558
2021-03-30 13:00:00,4384.57,4386.69,4369.92,4379.33,305455536
2021-03-30 14:00:00,4379.33,4391.16,4367.85,4380.24,446425546
2021-03-30 15:00:00,4380.24,4384.27,4360.67,4382.92,1035309081
2021-03-31 09:00:00,4386.53,4386.64,4366.43,4380.15,590577572
2021-03-31 10:00:00,4380.15,4400.56,4376.19,4398.29,654141477
2021-03-31 11:00:00,4398.29,4403.84,4384.76,4397.45,314636683
2021-03-31 12:00:00,4397.45,4406.3,4388.63,4404.79,188479404
2021-03-31 13:00:00,4404.79,4405.67,4368.58,4369.79,301930083
2021-03-31 14:00:00,4369.79,4397.14,4361.8,4391.63,476712157
2021-03-31 15:00:00,4391.63,4404.8,4383.34,4404.32,930703595
2021-04-01 09:00:00,4387.36,4387.98,4378.38,4381.09,569216968
2021-04-01 10:00:00,4381.09,4381.92,4362.96,4381.03,587931810
2021-04-01 11:00:00,4381.03,4389.28,4375.28,4385.54,284149352
2021-04-01 12:00:00,4385.54,4392.58,4379.51,4380.38,151544468
2021-04-01 13:00:00,4380.38,4380.82,4354.97,4362.58,275417428
2021-04-01 14:00:00,4362.58,4366.06,4342.16,4354.14,424106054
2021-04-01 15:00:00,4354.14,4368.41,4348.83,4359.55,828031498
2021-04-05 09:00:00,4395.24,4402.36,4381.37,4382.2,588205630
2021-04-05 10:00:00,4382.2,4387.0,4371.4,4383.05,615078496
2021-04-05 11:00:00,4383.05,4394.33,4368.13,4393.99,315940790
2021-04-05 12:00:00,4393.99,4403.05,4375.6,4383.95,165037304
2021-04-05 13:00:00,4383.95,4389.65,4359.96,4361.57,266934150
2021-04-05 14:00:00,4361.57,4378.42,4348.91,4354.6,440725965
2021-04-05 15:00:00,4354.6,4359.06,4337.12,4351.74,895101289
2021-04-06 09:00:00,4357.13,4377.52,4355.98,4377.29,467984825
2021-04-06 10:00:00,4377.29,4389.23,4366.76,4389.08,539186082
2021-04-06 11:00:00,4389.08,4408.85,4385.46,4408.13,275424269
2021-04-06 12:00:00,4408.13,4429.4,4405.8,4424.45,145477111
2021-04-06 13:00:00,4424.45,4448.88,4413.41,4425.5,221917881
2021-04-06 14:00:00,4425.5,4443.83,4417.95,4439.76,410866934
2021-04-06 15:00:00,4439.76,4442.84,4413.69,4413.88,705637923
2021-04-07 09:00:00,4419.28,4433.29,4416.13,4425.71,658480480
2021-04-07 10:00:00,4425.71,4431.13,4411.05,4415.48,682246596
2021-04-07 11:00:00,4415.48,4417.1,4375.02,4385.76,289516049
2021-04-07 12:00:00,4385.76,4409.71,4379.31,4409.54,177748841
2021-04-07 13:00:00,4409.54,4413.55,4394.56,4401.86,274453278
2021-04-07 14:00:00,4401.86,4432.22,4400.75,4429.79,527566715
2021-04-07 15:00:00,4429.79,4434.17,4423.95,4428.29,888725136
2021-04-08 09:00:00,4444.32,4447.04,4436.09,4436.22,1232799457
2021-04-08 10:00:00,4436.22,4457.66,4433.0,4454.26,1269919312
2021-04-08 11:00:00,4454.26,4459.31,4425.73,4427.77,535303358
2021-04-08 12:00:00,4427.77,4440.05,4415.78,4418.56,321527073
2021-04-08 13:00:00,4418.56,4420.89,4401.18,4406.13,509239032
2021-04-08 14:00:00,4406.13,4409.76,4383.01,4388.68,774031661
2021-04-08 15:00:00,4388.68,4409.52,4386.95,4391.78,1695420805
2021-04-09 09:00:00,4384.57,4401.86,4383.67,4396.36,710334599
2021-04-09 10:00:00,4396.36,4400.32,4370.57,4375.32,666975739
2021-04-09 11:00:00,4375.32,4403.64,4364.51,4399.95,321214784
2021-04-09 12:00:00,4399.95,4417.23,4395.39,4403.88,172004756
2021-04-09 13:00:00,4403.88,4416.05,4382.8,4390.66,287346513
2021-04-09 14:00:00,4390.66,4398.85,4369.23,4380.52,376660499
2021-04-09 15:00:00,4380.52,4418.84,4379.97,4417.78,901576336
2021-04-12 09:00:00,4441.75,4443.98,4421.9,4426.95,487003386
2021-04-12 10:00:00,4426.95,4429.5,4406.62,4414.22,646181280
2021-04-12 11:00:00,4414.22,4425.49,4391.19,4399.92,303769441
2021-04-12 12:00:00,4399.92,4410.72,4378.98,4379.13,162686056
2021-04-12 13:00:00,4379.13,4391.84,4367.58,4379.16,256871082
2021-04-12 14:00:00,4379.16,4381.35,4363.81,4365.29,418126516
2021-04-12 15:00:00,4365.29,4368.73,4332.93,4340.79,865291380
2021-04-13 09:00:00,4336.68,4337.87,4321.09,4325.11,402367949
2021-04-13 10:00:00,4325.11,4337.95,4310.54,4325.94,425815242
2021-04-13 11:00:00,4325.94,4328.19,4295.18,4311.67,243964662
2021-04-13 12:00:00,4311.67,4314.87,4286.69,4305.59,112344651
2021-04-13 13:00:00,4305.59,4314.77,4292.53,4300.36,182701645
2021-04-13 14:00:00,4300.36,4323.83,4299.38,4320.53,277328061
2021-04-13 15:00:00,4320.53,4322.49,4289.36,4311.33,591722462
2021-04-14 09:00:00,4310.38,4328.12,4310.29,4327.51,867280474
2021-04-14 10:00:00,4327.51,4339.36,4312.39,4324.64,846879857
2021-04-14 11:00:00,4324.64,4327.39,4314.16,4317.82,401513747
2021-04-14 12:00:00,4317.82,4340.61,4312.93,4339.15,221634690
2021-04-14 13:00:00,4339.15,4368.49,4324.27,4359.75,305793682
2021-04-14 14:00:00,4359.75,4384.64,4339.84,4381.32,489976253
2021-04-14 15:00:00,4381.32,4386.87,4371.15,4376.11,1059070454
2021-04-15 09:00:00,4388.52,4407.54,4386.58,4401.0,770885874
2021-04-15 10:00:00,4401.0,4406.15,4384.68,4405.14,820532149
2021-04-15 11:00:00,4405.14,4422.77,4398.54,4419.34,429522213
2021-04-15 12:00:00,4419.34,4448.74,4417.48,4447.45,202313499
2021-04-15 13:00:00,4447.45,4456.87,4431.04,4431.31,307939967
2021-04-15 14:00:00,4431.31,4432.98,4413.17,4423.52,540802459
2021-04-15 15:00:00,4423.52,4435.8,4420.41,4433.7,999964592
2021-04-16 09:00:00,4419.1,4434.33,4416.53,4422.46,552555805
2021-04-16 10:00:00,4422.46,4431.31,4406.53,4412.05,648545993
2021-04-16 11:00:00,4412.05,4433.73,4406.28,4431.59,314617364
2021-04-16 12:00:00,4431.59,4445.08,4426.78,4436.47,171325673
2021-04-16 13:00:00,4436.47,4455.46,4431.69,4432.96,266253800
2021-04-16 14:00:00,4432.96,4458.82,4428.85,4452.02,469909523
2021-04-16 15:00:00,4452.02,4465.1,4441.7,4464.07,807412486
2021-04-19 09:00:00,4462.75,4471.92,4456.87,4471.44,813172728
2021-04-19 10:00:00,4471.44,4494.48,4452.8,4465.66,836413435
2021-04-19 11:00:00,4465.66,4467.49,4429.01,4429.49,384781685
2021-04-19 12:00:00,4429.49,4435.05,4415.32,4425.22,194062003
2021-04-19 13:00:00,4425.22,4430.25,4411.93,4427.42,336845270
2021-04-19 14:00:00,4427.42,4432.52,4408.9,4408.9,588468653
2021-04-19 15:00:00,4408.9,4414.68,4385.19,4406.43,1218811368
2021-04-20 09:00:00,4435.13,4446.69,4429.11,4429.8,405718061
2021-04-20 10:00:00,4429.8,4452.17,4426.19,4448.88,610230111
2021-04-20 11:00:00,4448.88,4452.67,4431.82,4440.65,283639256
2021-04-20 12:00:00,4440.65,4462.37,4439.39,4454.91,152445388
2021-04-20 13:00:00,4454.91,4469.18,4445.49,4465.42,238148123
2021-04-20 14:00:00,4465.42,4492.94,4464.96,4489.33,396090202
2021-04-20 15:00:00,4489.33,4510.92,4487.61,4504.14,876645008
2021-04-21 09:00:00,4534.15,4554.33,4530.88,4543.99,658386646
2021-04-21 10:00:00,4543.99,4567.6,4539.36,4541.04,733066540
2021-04-21 11:00:00,4541.04,4545.02,4520.3,4526.0,373627398
2021-04-21 12:00:00,4526.0,4536.94,4520.4,4521.31,196898440
2021-04-21 13:00:00,4521.31,4521.87,4491.74,4494.52,313658027
2021-04-21 14:00:00,4494.52,4517.14,4488.27,4501.54,463569874
2021-04-21 15:00:00,4501.54,4503.88,4478.01,4487.08,961109573
2021-04-22 09:00:00,4476.36,4491.86,4474.28,4480.18,454679271
2021-04-22 10:00:00,4480.18,4487.51,4459.43,4478.3,540072395
2021-04-22 11:00:00,4478.3,4521.65,4466.47,4520.67,243013612
2021-04-22 12:00:00,4520.67,4522.54,4493.42,4498.25,118218826
2021-04-22 13:00:00,4498.25,4501.29,4484.09,4492.18,210164832
2021-04-22 14:00:00,4492.18,4503.66,4479.83,4488.42,319157811
2021-04-22 15:00:00,4488.42,4498.09,4477.52,4483.27,632625970
2021-04-23 09:00:00,4465.83,4467.34,4451.71,4460.14,816796861
2021-04-23 10:00:00,4460.14,4469.63,4438.0,4438.5,947964700
2021-04-23 11:00:00,4438.5,4452.95,4425.32,4427.65,477309217
2021-04-23 12:00:00,4427.65,4435.0,4409.6,4419.26,230241573
2021-04-23 13:00:00,4419.26,4435.15,4407.26,4429.41,399815103
2021-04-23 14:00:00,4429.41,4434.76,4409.55,4428.07,562222180
2021-04-23 15:00:00,4428.07,4449.55,4421.32,4449.23,1275570527
2021-04-26 09:00:00,4447.75,4458.67,4436.55,4436.97,900866611
2021-04-26 10:00:00,4436.97,4449.47,4432.14,4441.39,900715917
2021-04-26 11:00:00,4441.39,4467.06,4438.64,4462.44,469237531
2021-04-26 12:00:00,4462.44,4495.52,4462.36,4475.1,236171539
2021-04-26 13:00:00,4475.1,4475.99,4448.17,4451.17,362389100
2021-04-26 14:00:00,4451.17,4451.51,4425.29,4431.73,604559987
2021-04-26 15:00:00,4431.73,4450.02,4413.27,4436.74,1109078733
2021-04-27 09:00:00,4456.38,4468.64,4454.83,4457.83,841943087
2021-04-27 10:00:00,4457.83,4475.77,4453.1,4454.76,681248384
2021-04-27 11:00:00,4454.76,4473.0,4445.0,4450.4,337237279
2021-04-27 12:00:00,4450.4,4451.82,4426.78,4429.35,186325344
2021-04-27 13:00:00,4429.35,4447.16,4419.85,4436.77,287528743
2021-04-27 14:00:00,4436.77,4463.57,4435.76,4453.89,419920886
2021-04-27 15:00:00,4453.89,4455.13,4433.38,4445.67,934363566
2021-04-28 09:00:00,4486.21,4495.44,4483.91,4494.92,468994219
2021-04-28 10:00:00,4494.92,4500.61,4478.66,4491.72,463382712
2021-04-28 11:00:00,4491.72,4503.33,4474.73,4481.74,228507318
2021-04-28 12:00:00,4481.74,4521.49,4474.13,4519.72,114834174
2021-04-28 13:00:00,4519.72,4531.82,4510.95,4530.06,171933220
2021-04-28 14:00:00,4530.06,4544.47,4504.69,4511.79,297378564
2021-04-28 15:00:00,4511.79,4518.25,4474.39,4475.31,540322111
2021-04-29 09:00:00,4464.67,4489.75,4461.4,4487.66,522285001
2021-04-29 10:00:00,4487.66,4491.15,4450.04,4452.89,484996210
2021-04-29 11:00:00,4452.89,4471.48,4445.73,4465.15,250708264
2021-04-29 12:00:00,4465.15,4465.68,4443.55,4445.76,130365393
2021-04-29 13:00:00,4445.76,4453.0,4431.39,4442.91,226162196
2021-04-29 14:00:00,4442.91,4446.51,4425.2,4429.12,390471800
2021-04-29 15:00:00,4429.12,4441.44,4422.48,4435.53,692324727
2021-04-30 09:00:00,4455.88,4463.76,4449.75,4453.37,690003107
2021-04-30 10:00:00,4453.37,4463.51,4442.26,4454.11,789631377
2021-04-30 11:00:00,4454.11,4465.08,4449.36,4461.08,370692752
2021-04-30 12:00:00,4461.08,4471.0,4454.89,4458.74,180483328
2021-04-30 13:00:00,4458.74,4471.4,4448.39,4451.5,325024551
2021-04-30 14:00:00,4451.5,4475.67,4448.37,4469.12,521289201
2021-04-30 15:00:00,4469.12,4477.26,4453.4,4460.6,948531858
2021-05-03 09:00:00,4481.06,4486.11,4465.35,4471.59,651901751
2021-05-03 10:00:00,4471.59,4502.08,4468.54,4494.24,644038468
2021-05-03 11:00:00,4494.24,4513.26,4492.87,4501.1,360876940
2021-05-03 12:00:00,4501.1,4501.46,4483.67,4490.34,165739216
2021-05-03 13:00:00,4490.34,4495.86,4469.8,4475.9,265649684
2021-05-03 14:00:00,4475.9,4499.13,4472.45,4495.76,501328199
2021-05-03 15:00:00,4495.76,4512.95,4492.52,4505.65,896401286
2021-05-04 09:00:00,4512.73,4519.44,4506.93,4515.06,894627129
2021-05-04 10:00:00,4515.06,4515.59,4495.95,4502.17,961677303
2021-05-04 11:00:00,4502.17,4518.91,4499.27,4515.92,491573690
2021-05-04 12:00:00,4515.92,4522.33,4508.76,4514.99,289531399
2021-05-04 13:00:00,4514.99,4524.02,4509.71,4517.05,445856828
2021-05-04 14:00:00,4517.05,4531.85,4508.45,4530.38,867580142
2021-05-04 15:00:00,4530.38,4542.92,4516.26,4517.18,1319811051
2021-05-05 09:00:00,4529.56,4542.4,4526.8,4540.81,848275182
2021-05-05 10:00:00,4540.81,4566.98,4533.63,4554.47,859263473
2021-05-05 11:00:00,4554.47,4559.28,4534.77,4559.06,440342312
2021-05-05 12:00:00,4559.06,4573.63,4549.39,4558.63,209536458
2021-05-05 13:00:00,4558.63,4577.68,4547.95,4563.61,324083276
2021-05-05 14:00:00,4563.61,4578.22,4555.51,4575.53,607487267
2021-05-05 15:00:00,4575.53,4593.85,4565.12,4592.98,1073949293
2021-05-06 09:00:00,4599.26,4615.78,4596.62,4615.43,1614984578
2021-05-06 10:00:00,4615.43,4624.54,4604.16,4615.7,1723691665
2021-05-06 11:00:00,4615.7,4620.99,4599.24,4609.98,871113502
2021-05-06 12:00:00,4609.98,4610.52,4581.69,4583.74,396316650
2021-05-06 13:00:00,4583.74,4588.91,4571.72,4578.62,705482672
2021-05-06 14:00:00,4578.62,4589.67,4564.79,4565.31,1118902124
2021-05-06 15:00:00,4565.31,4576.2,4555.17,4560.53,2114623341
2021-05-07 09:00:00,4573.74,4574.36,4558.42,4565.39,624101808
2021-05-07 10:00:00,4565.39,4597.29,4562.73,4594.29,830451434
2021-05-07 11:00:00,4594.29,4600.88,4581.72,4590.95,393009024
2021-05-07 12:00:00,4590.95,4603.89,4576.75,4579.08,206566605
2021-05-07 13:00:00,4579.08,4592.93,4572.37,4574.17,353543828
2021-05-07 14:00:00,4574.17,4580.71,4519.7,4520.72,630812576
2021-05-07 15:00:00,4520.72,4532.65,4514.67,4531.93,1164240714
2021-05-10 09:00:00,4516.01,4531.01,4513.47,4513.6,954163693
2021-05-10 10:00:00,4513.6,4515.55,4465.37,4477.74,1042092987
2021-05-10 11:00:00,4477.74,4492.86,4472.3,4490.14,561929045
2021-05-10 12:00:00,4490.14,4504.9,4478.92,4483.43,266931962
2021-05-10 13:00:00,4483.43,4500.33,4478.68,4483.06,482860072
2021-05-10 14:00:00,4483.06,4485.87,4470.11,4476.14,715514974
2021-05-10 15:00:00,4476.14,4492.78,4467.44,4490.94,1498212249
2021-05-11 09:00:00,4470.35,4483.98,4468.93,4476.73,425730864
2021-05-11 10:00:00,4476.73,4481.82,4453.59,4459.78,548862601
2021-05-11 11:00:00,4459.78,4477.59,4451.4,4474.99,273151973
2021-05-11 12:00:00,4474.99,4480.5,4446.12,4448.68,130585476
2021-05-11 13:00:00,4448.68,4458.04,4422.45,4426.63,232146088
2021-05-11 14:00:00,4426.63,4442.23,4405.83,4437.27,315110466
2021-05-11 15:00:00,4437.27,4438.37,4414.86,4426.92,678045793
2021-05-12 09:00:00,4408.33,4412.39,4386.05,4398.21,1214313291
2021-05-12 10:00:00,4398.21,4409.43,4367.65,4369.1,1230667816
2021-05-12 11:00:00,4369.1,4385.26,4365.54,4365.97,515038023
2021-05-12 12:00:00,4365.97,4385.72,4344.89,4373.84,259438398
2021-05-12 13:00:00,4373.84,4393.96,4366.67,4377.54,439401554
2021-05-12 14:00:00,4377.54,4405.43,4376.69,4402.06,765596360
2021-05-12 15:00:00,4402.06,4404.83,4383.36,4390.19,1300312477
2021-05-13 09:00:00,4403.42,4404.46,4369.75,4370.76,702001722
2021-05-13 10:00:00,4370.76,4375.97,4349.2,4362.73,815769258
2021-05-13 11:00:00,4362.73,4375.53,4357.48,4365.73,377435349
2021-05-13 12:00:00,4365.73,4366.47,4335.76,4346.53,198567180
2021-05-13 13:00:00,4346.53,4365.95,4345.76,4361.95,318743386
2021-05-13 14:00:00,4361.95,4367.6,4350.42,4357.13,476548727
2021-05-13 15:00:00,4357.13,4358.05,4326.64,4327.14,911647235
2021-05-14 09:00:00,4318.04,4324.82,4309.36,4311.76,538268115
2021-05-14 10:00:00,4311.76,4319.69,4297.09,4316.24,549350951
2021-05-14 11:00:00,4316.24,4322.93,4281.13,4281.71,263588748
2021-05-14 12:00:00,4281.71,4298.23,4278.61,4296.96,158959480
2021-05-14 13:00:00,4296.96,4307.52,4279.96,4286.95,245072952
2021-05-14 14:00:00,4286.95,4294.1,4273.36,4286.62,400729371
2021-05-14 15:00:00,4286.62,4314.05,4280.49,4311.28,751998286
2021-05-17 09:00:00,4343.14,4352.56,4339.03,4340.93,551532829
2021-05-17 10:00:00,4340.93,4351.53,4330.51,4334.35,500587750
2021-05-17 11:00:00,4334.35,4337.36,4311.22,4330.03,241097500
2021-05-17 12:00:00,4330.03,4341.31,4316.34,4318.33,125386284
2021-05-17 13:00:00,4318.33,4337.93,4318.27,4325.83,227730706
2021-05-17 14:00:00,4325.83,4342.95,4315.68,4317.88,277900440
2021-05-17 15:00:00,4317.88,4341.21,4307.33,4332.02,694122359
2021-05-18 09:00:00,4346.0,4355.61,4339.82,4344.17,616047474
2021-05-18 10:00:00,4344.17,4344.97,4309.26,4319.2,729671986
2021-05-18 11:00:00,4319.2,4345.22,4318.99,4333.78,301692437
2021-05-18 12:00:00,4333.78,4346.82,4327.39,4345.81,176447994
2021-05-18 13:00:00,4345.81,4368.88,4336.35,4351.21,263137345
2021-05-18 14:00:00,4351.21,4369.28,4348.57,4366.38,421760452
2021-05-18 15:00:00,4366.38,4395.74,4357.36,4393.93,987210681
2021-05-19 09:00:00,4401.44,4408.04,4398.86,4399.36,603822248
2021-05-19 10:00:00,4399.36,4411.61,4387.58,4406.45,775152185
2021-05-19 11:00:00,4406.45,4415.08,4366.82,4368.86,370584361
2021-05-19 12:00:00,4368.86,4387.83,4355.0,4384.22,169897859
2021-05-19 13:00:00,4384.22,4417.84,4383.07,4407.92,297684602
2021-05-19 14:00:00,4407.92,4409.63,4385.86,4385.91,505029191
2021-05-19 15:00:00,4385.91,4398.13,4381.35,4390.44,839062357
2021-05-20 09:00:00,4386.13,4393.56,4382.55,4385.22,509339333
2021-05-20 10:00:00,4385.22,4405.44,4383.98,4398.74,500006459
2021-05-20 11:00:00,4398.74,4434.99,4391.47,4431.72,227608279
2021-05-20 12:00:00,4431.72,4443.19,4386.67,4398.66,139867367
2021-05-20 13:00:00,4398.66,4407.18,4389.95,4391.34,200935547
2021-05-20 14:00:00,4391.34,4402.6,4381.5,4384.23,336216555
2021-05-20 15:00:00,4384.23,4400.48,4380.12,4394.85,657347528
2021-05-21 09:00:00,4398.48,4408.27,4392.91,4397.72,697821714
2021-05-21 10:00:00,4397.72,4399.25,4383.42,4388.81,755024701
2021-05-21 11:00:00,4388.81,4403.89,4367.49,4368.98,347485904
2021-05-21 12:00:00,4368.98,4402.29,4367.86,4401.15,187732532
2021-05-21 13:00:00,4401.15,4408.21,4365.38,4373.43,289293828
2021-05-21 14:00:00,4373.43,4394.91,4369.05,4389.45,498064750
2021-05-21 15:00:00,4389.45,4401.01,4365.23,4365.62,881686110
2021-05-24 09:00:00,4377.6,4404.7,4374.49,4395.33,340473283
2021-05-24 10:00:00,4395.33,4412.17,4389.67,4394.32,424369590
2021-05-24 11:00:00,4394.32,4397.39,4375.64,4382.76,177066710
2021-05-24 12:00:00,4382.76,4400.99,4378.89,4397.67,111295880
2021-05-24 13:00:00,4397.67,4400.93,4383.84,4390.37,169522413
2021-05-24 14:00:00,4390.37,4427.97,4389.48,4421.32,247664152
2021-05-24 15:00:00,4421.32,4433.08,4413.8,4417.55,530161434
2021-05-25 09:00:00,4411.91,4429.63,4393.6,4427.57,866052069
2021-05-25 10:00:00,4427.57,4432.93,4404.47,4405.84,962927626
2021-05-25 11:00:00,4405.84,4431.81,4395.88,4428.08,431458266
2021-05-25 12:00:00,4428.08,4473.34,4423.97,4471.63,259069341
2021-05-25 13:00:00,4471.63,4500.01,4470.45,4485.31,384304072
2021-05-25 14:00:00,4485.31,4513.93,4483.0,4512.75,523526065
2021-05-25 15:00:00,4512.75,4532.33,4501.22,4513.37,1234811160
2021-05-26 09:00:00,4499.06,4502.63,4481.53,4497.07,754042165
2021-05-26 10:00:00,4497.07,4497.1,4461.18,4463.86,757761046
2021-05-26 11:00:00,4463.86,4469.86,4454.33,4467.41,366883460
2021-05-26 12:00:00,4467.41,4467.8,4449.51,4460.57,168872350
2021-05-26 13:00:00,4460.57,4480.66,4448.19,4480.23,292059074
2021-05-26 14:00:00,4480.23,4494.24,4474.4,4484.28,532404097
2021-05-26 15:00:00,4484.28,4490.18,4471.39,4474.1,938136947
2021-05-27 09:00:00,4464.6,4476.41,4459.66,4469.24,608763772
2021-05-27 10:00:00,4469.24,4481.39,4462.05,4477.99,779631971
2021-05-27 11:00:00,4477.99,4484.27,4459.19,4468.64,390969599
2021-05-27 12:00:00,4468.64,4485.76,4463.13,4472.32,171287470
2021-05-27 13:00:00,4472.32,4503.06,4472.13,4496.32,343138487
2021-05-27 14:00:00,4496.32,4511.62,4492.32,4497.68,495194411
2021-05-27 15:00:00,4497.68,4510.98,4496.35,4503.3,1037450556
2021-05-28 09:00:00,4484.67,4504.74,4483.71,4500.09,539978586
2021-05-28 10:00:00,4500.09,4524.52,4499.48,4520.43,638135493
2021-05-28 11:00:00,4520.43,4539.32,4513.98,4536.62,310878522
2021-05-28 12:00:00,4536.62,4575.18,4528.73,4570.49,154823950
2021-05-28 13:00:00,4570.49,4576.41,4555.14,4563.75,283898385
2021-05-28 14:00:00,4563.75,4582.26,4557.65,4565.93,402977181
2021-05-28 15:00:00,4565.93,4572.41,4558.24,4570.12,959460136
2021-06-01 09:00:00,4565.76,4567.81,4557.49,4559.53,784286255
2021-06-01 10:00:00,4559.53,4562.0,4539.85,4552.37,967220644
2021-06-01 11:00:00,4552.37,4564.51,4535.17,4546.74,483472316
2021-06-01 12:00:00,4546.74,4571.18,4546.56,4562.95,249413099
2021-06-01 13:00:00,4562.95,4586.54,4553.87,4581.35,383713878
2021-06-01 14:00:00,4581.35,4604.77,4570.35,4602.67,647905196
2021-06-01 15:00:00,4602.67,4630.33,4601.48,4626.68,1211726390
2021-06-02 09:00:00,4665.33,4674.53,4657.1,4659.6,446414192
2021-06-02 10:00:00,4659.6,4678.44,4656.8,4668.29,604596063
2021-06-02 11:00:00,4668.29,4683.62,4664.96,4674.6,344587958
2021-06-02 12:00:00,4674.6,4696.73,4670.36,4691.35,147663029
2021-06-02 13:00:00,4691.35,4706.91,4688.44,4698.21,235989060
2021-06-02 14:00:00,4698.21,4709.11,4684.23,4692.62,384714263
2021-06-02 15:00:00,4692.62,4729.67,4692.25,4708.31,749726876
2021-06-03 09:00:00,4712.81,4726.47,4705.95,4725.35,744815580
2021-06-03 10:00:00,4725.35,4729.88,4695.21,4698.22,791593994
2021-06-03 11:00:00,4698.22,4729.61,4693.68,4725.03,379093329
2021-06-03 12:00:00,4725.03,4742.66,4721.23,4724.95,205028846
2021-06-03 13:00:00,4724.95,4751.59,4720.08,4738.05,321914377
2021-06-03 14:00:00,4738.05,4738.37,4691.44,4699.02,534203071
2021-06-03 15:00:00,4699.02,4712.8,4694.35,4707.23,1012090374
2021-06-04 09:00:00,4694.6,4708.55,4691.08,4701.81,506937495
2021-06-04 10:00:00,4701.81,4729.68,4701.01,4727.37,531403989
2021-06-04 11:00:00,4727.37,4734.3,4715.09,4730.57,281287877
2021-06-04 12:00:00,4730.57,4748.4,4728.7,4737.51,140985537
2021-06-04 13:00:00,4737.51,4747.06,4717.63,4718.12,245384454
2021-06-04 14:00:00,4718.12,4719.22,4699.54,4701.26,344409652
2021-06-04 15:00:00,4701.26,4714.23,4683.67,4706.84,727667377
2021-06-07 09:00:00,4716.74,4727.37,4713.82,4722.62,741807127
2021-06-07 10:00:00,4722.62,4723.14,4692.92,4706.36,737560560
2021-06-07 11:00:00,4706.36,4724.49,4697.31,4723.39,438114288
2021-06-07 12:00:00,4723.39,4733.4,4711.46,4718.4,192986613
2021-06-07 13:00:00,4718.4,4742.09,4717.05,4725.91,305338066
2021-06-07 14:00:00,4725.91,4751.1,4712.02,4748.54,544059336
2021-06-07 15:00:00,4748.54,4753.08,4718.03,4725.8,1085719388
2021-06-08 09:00:00,4725.16,4737.01,4722.01,4736.88,800465636
2021-06-08 10:00:00,4736.88,4758.9,4720.71,4758.09,687216950
2021-06-08 11:00:00,4758.09,4789.59,4757.42,4789.09,342158987
2021-06-08 12:00:00,4789.09,4794.56,4769.33,4773.61,194748727
2021-06-08 13:00:00,4773.61,4775.66,4751.37,4770.59,279947002
2021-06-08 14:00:00,4770.59,4782.59,4762.12,4770.04,518949786
2021-06-08 15:00:00,4770.04,4779.15,4750.75,4777.28,934379851
2021-06-09 09:00:00,4777.54,4805.06,4775.66,4802.23,1128338753
2021-06-09 10:00:00,4802.23,4829.81,4791.12,4824.44,1152279949
2021-06-09 11:00:00,4824.44,4860.94,4824.15,4852.42,567598717
2021-06-09 12:00:00,4852.42,4859.73,4812.17,4813.0,259431654
2021-06-09 13:00:00,4813.0,4823.47,4758.45,4787.19,445892423
2021-06-09 14:00:00,4787.19,4796.55,4770.85,4790.43,659506457
2021-06-09 15:00:00,4790.43,4838.12,4785.55,4833.58,1568861425
2021-06-10 09:00:00,4849.75,4858.51,4844.51,4845.13,578816237
2021-06-10 10:00:00,4845.13,4854.97,4821.15,4828.67,586585672
2021-06-10 11:00:00,4828.67,4840.01,4822.47,4831.84,310031838
2021-06-10 12:00:00,4831.84,4852.42,4829.74,4852.33,175313722
2021-06-10 13:00:00,4852.33,4863.62,4844.75,4848.91,278703324
2021-06-10 14:00:00,4848.91,4871.84,4833.85,4834.77,437893933
2021-06-10 15:00:00,4834.77,4837.72,4805.26,4822.0,876144831
2021-06-11 09:00:00,4806.62,4825.91,4806.13,4817.64,575173761
2021-06-11 10:00:00,4817.64,4848.44,4813.96,4840.26,557785956
2021-06-11 11:00:00,4840.26,4844.44,4832.73,4842.14,261979792
2021-06-11 12:00:00,4842.14,4843.45,4816.32,4834.52,158886305
2021-06-11 13:00:00,4834.52,4841.69,4822.63,4830.79,267460528
2021-06-11 14:00:00,4830.79,4834.05,4800.27,4801.95,374230325
2021-06-11 15:00:00,4801.95,4821.81,4792.88,4813.33,651127521
2021-06-14 09:00:00,4811.63,4819.67,4799.27,4816.93,849081160
2021-06-14 10:00:00,4816.93,4839.16,4813.32,4839.12,764670421
2021-06-14 11:00:00,4839.12,4859.13,4837.55,4848.65,389656265
2021-06-14 12:00:00,4848.65,4854.34,4832.77,4834.2,216781918
2021-06-14 13:00:00,4834.2,4835.1,4813.92,4827.41,305539237
2021-06-14 14:00:00,4827.41,4840.12,4802.75,4804.49,502017365
2021-06-14 15:00:00,4804.49,4807.32,4759.33,4773.42,924401744
2021-06-15 09:00:00,4766.26,4787.27,4764.85,4777.07,587084406
2021-06-15 10:00:00,4777.07,4810.92,4773.37,4805.4,720917288
2021-06-15 11:00:00,4805.4,4810.58,4782.58,4790.16,337787808
2021-06-15 12:00:00,4790.16,4813.86,4779.18,4799.85,181750321
2021-06-15 13:00:00,4799.85,4808.44,4782.82,4804.16,250864646
2021-06-15 14:00:00,4804.16,4822.16,4801.63,4811.84,470221404
2021-06-15 15:00:00,4811.84,4817.41,4795.26,4809.06,764499709
2021-06-16 09:00:00,4830.89,4844.45,4827.51,4835.55,459900614
2021-06-16 10:00:00,4835.55,4839.81,4814.13,4829.58,555701298
2021-06-16 11:00:00,4829.58,4836.42,4820.83,4823.92,262071609
2021-06-16 12:00:00,4823.92,4834.34,4812.66,4830.95,123264574
2021-06-16 13:00:00,4830.95,4844.71,4823.28,4825.88,225785640
2021-06-16 14:00:00,4825.88,4832.01,4813.51,4818.81,342964686
2021-06-16 15:00:00,4818.81,4825.64,4794.53,4799.53,674291484
2021-06-17 09:00:00,4794.87,4815.33,4787.95,4811.77,612229252
2021-06-17 10:00:00,4811.77,4818.65,4797.87,4810.63,565686583
2021-06-17 11:00:00,4810.63,4818.56,4799.45,4802.57,292082126
2021-06-17 12:00:00,4802.57,4813.88,4788.01,4806.96,152102930
2021-06-17 13:00:00,4806.96,4827.5,4800.95,4827.32,230508528
2021-06-17 14:00:00,4827.32,4842.25,4822.61,4828.02,444413873
2021-06-17 15:00:00,4828.02,4859.94,4826.41,4851.44,824680226
2021-06-18 09:00:00,4884.24,4892.11,4876.12,4876.45,777581281
2021-06-18 10:00:00,4876.45,4897.17,4872.12,4889.64,878828632
2021-06-18 11:00:00,4889.64,4913.39,4882.81,4896.49,414169011
2021-06-18 12:00:00,4896.49,4911.65,4879.9,4893.25,223003441
2021-06-18 13:00:00,4893.25,4904.46,4875.81,4889.37,355597824
2021-06-18 14:00:00,4889.37,4891.27,4850.94,4862.88,611144852
2021-06-18 15:00:00,4862.88,4894.12,4854.06,4891.37,1158280655
2021-06-21 09:00:00,4881.96,4901.75,4876.77,4894.03,576261255
2021-06-21 10:00:00,4894.03,4894.65,4872.21,4880.46,516532936
2021-06-21 11:00:00,4880.46,4882.59,4857.1,4871.12,280604135
2021-06-21 12:00:00,4871.12,4893.3,4857.73,4881.43,137046065
2021-06-21 13:00:00,4881.43,4907.56,4878.61,4891.52,199023356
2021-06-21 14:00:00,4891.52,4899.76,4870.36,4871.29,345811902
2021-06-21 15:00:00,4871.29,4882.23,4861.5,4870.46,771632064
2021-06-22 09:00:00,4851.94,4876.02,4850.32,4870.19,856477782
2021-06-22 10:00:00,4870.19,4907.05,4868.52,4905.76,884761817
2021-06-22 11:00:00,4905.76,4917.8,4873.92,4884.4,450349381
2021-06-22 12:00:00,4884.4,4900.15,4870.43,4878.24,200151750
2021-06-22 13:00:00,4878.24,4887.03,4863.74,4876.48,358959462
2021-06-22 14:00:00,4876.48,4893.21,4868.09,4890.6,521189408
2021-06-22 15:00:00,4890.6,4908.68,4884.24,4895.19,1096547929
2021-06-23 09:00:00,4904.76,4923.83,4900.79,4910.66,516051756
2021-06-23 10:00:00,4910.66,4931.62,4910.1,4926.38,637411224
2021-06-23 11:00:00,4926.38,4936.28,4910.85,4921.13,320656183
2021-06-23 12:00:00,4921.13,4935.09,4906.0,4919.99,153624605
2021-06-23 13:00:00,4919.99,4944.54,4916.21,4937.87,231263974
2021-06-23 14:00:00,4937.87,4955.0,4902.97,4903.51,376913011
2021-06-23 15:00:00,4903.51,4908.56,4885.87,4903.29,825878052
2021-06-24 09:00:00,4907.64,4910.5,4884.04,4893.33,644006329
2021-06-24 10:00:00,4893.33,4906.69,4880.56,4905.26,848613526
2021-06-24 11:00:00,4905.26,4911.72,4891.1,4900.99,425597208
2021-06-24 12:00:00,4900.99,4932.3,4899.21,4926.97,192005199
2021-06-24 13:00:00,4926.97,4933.62,4899.03,4902.62,313076380
2021-06-24 14:00:00,4902.62,4906.12,4889.62,4904.59,471863307
2021-06-24 15:00:00,4904.59,4936.22,4902.47,4928.14,1097421799
2021-06-25 09:00:00,4917.33,4928.16,4911.11,4919.07,629227222
2021-06-25 10:00:00,4919.07,4934.81,4916.8,4922.32,561851562
2021-06-25 11:00:00,4922.32,4954.02,4921.02,4943.79,298408271
2021-06-25 12:00:00,4943.79,4958.79,4937.76,4944.43,144042715
2021-06-25 13:00:00,4944.43,4958.55,4918.4,4918.92,254427677
2021-06-25 14:00:00,4918.92,4920.45,4892.72,4892.85,451666767
2021-06-25 15:00:00,4892.85,4929.36,4889.64,4913.98,834860558
2021-06-28 09:00:00,4928.23,4941.22,4917.8,4940.46,709435023
2021-06-28 10:00:00,4940.46,4958.63,4923.01,4957.9,830596071
2021-06-28 11:00:00,4957.9,4968.78,4948.11,4961.78,428136766
2021-06-28 12:00:00,4961.78,5016.59,4960.27,5015.53,210785217
2021-06-28 13:00:00,5015.53,5036.44,5005.03,5033.64,346968517
2021-06-28 14:00:00,5033.64,5046.03,5020.9,5039.38,562096969
2021-06-28 15:00:00,5039.38,5046.51,5027.55,5034.73,1196607487
2021-06-29 09:00:00,5058.09,5073.18,5056.06,5066.99,640409492
2021-06-29 10:00:00,5066.99,5070.85,5046.62,5061.07,694337364
2021-06-29 11:00:00,5061.07,5064.25,5039.82,5047.37,334553606
2021-06-29 12:00:00,5047.37,5048.74,5022.11,5029.65,172946997
2021-06-29 13:00:00,5029.65,5047.76,5023.49,5027.13,301853039
2021-06-29 14:00:00,5027.13,5028.41,5013.49,5019.21,377037595
2021-06-29 15:00:00,5019.21,5030.89,5009.83,5010.46,927455562
2021-06-30 09:00:00,5003.44,5007.87,4974.68,4977.17,520619667
2021-06-30 10:00:00,4977.17,4988.11,4950.92,4952.98,619633902
2021-06-30 11:00:00,4952.98,4974.47,4940.83,4961.02,277456796
2021-06-30 12:00:00,4961.02,4969.7,4947.12,4959.84,145579841
2021-06-30 13:00:00,4959.84,4973.83,4959.04,4972.62,231057401
2021-06-30 14:00:00,4972.62,4993.54,4968.37,4989.7,401347745
2021-06-30 15:00:00,4989.7,5003.28,4965.92,4998.08,680718097
2021-07-01 09:00:00,4985.11,4987.29,4963.44,4975.06,636199602
2021-07-01 10:00:00,4975.06,5002.05,4972.95,4980.65,775070012
2021-07-01 11:00:00,4980.65,5000.51,4977.13,4983.46,381156614
2021-07-01 12:00:00,4983.46,5015.3,4978.1,5012.56,222711433
2021-07-01 13:00:00,5012.56,5040.63,5006.66,5031.57,354150963
2021-07-01 14:00:00,5031.57,5039.48,5021.24,5029.7,506958594
2021-07-01 15:00:00,5029.7,5079.58,5022.35,5064.3,1033076102
2021-07-02 09:00:00,5067.29,5082.54,5060.93,5081.98,813414418
2021-07-02 10:00:00,5081.98,5105.57,5078.48,5084.66,795596628
2021-07-02 11:00:00,5084.66,5097.9,5070.67,5097.09,382585424
2021-07-02 12:00:00,5097.09,5137.03,5088.91,5132.4,175005267
2021-07-02 13:00:00,5132.4,5164.79,5131.9,5150.48,364431841
2021-07-02 14:00:00,5150.48,5160.5,5138.04,5159.74,529213040
2021-07-02 15:00:00,5159.74,5173.22,5151.4,5158.95,1000158982
2021-07-06 09:00:00,5164.2,5177.29,5157.58,5176.92,445152528
2021-07-06 10:00:00,5176.92,5181.39,5149.38,5167.35,520366764
2021-07-06 11:00:00,5167.35,5181.37,5154.21,5171.03,262352574
2021-07-06 12:00:00,5171.03,5175.57,5152.35,5165.77,126182436
2021-07-06 13:00:00,5165.77,5180.0,5142.88,5145.47,219634875
2021-07-06 14:00:00,5145.47,5145.62,5126.84,5136.87,322205993
2021-07-06 15:00:00,5136.87,5176.51,5136.37,5156.18,628879823
2021-07-07 09:00:00,5149.2,5151.19,5138.38,5145.64,373252498
2021-07-07 10:00:00,5145.64,5151.28,5127.34,5137.93,487237185
2021-07-07 11:00:00,5137.93,5166.41,5128.62,5165.33,240193031
2021-07-07 12:00:00,5165.33,5167.54,5143.29,5158.29,122344180
2021-07-07 13:00:00,5158.29,5210.08,5154.2,5197.28,212093346
2021-07-07 14:00:00,5197.28,5199.51,5163.2,5172.87,336954165
2021-07-07 15:00:00,5172.87,5195.74,5166.49,5188.95,659341836
2021-07-08 09:00:00,5167.65,5181.45,5161.07,5173.75,372775172
2021-07-08 10:00:00,5173.75,5187.53,5172.41,5178.62,510172628
2021-07-08 11:00:00,5178.62,5187.12,5172.98,5185.08,236854480
2021-07-08 12:00:00,5185.08,5194.83,5164.07,5178.48,139022076
2021-07-08 13:00:00,5178.48,5183.56,5146.37,5150.17,196380220
2021-07-08 14:00:00,5150.17,5173.04,5141.67,5152.52,338857681
2021-07-08 15:00:00,5152.52,5161.66,5139.9,5147.65,587175339
2021-07-09 09:00:00,5162.12,5163.28,5145.84,5161.48,1026514122
2021-07-09 10:00:00,5161.48,5191.11,5152.49,5187.81,1011657757
2021-07-09 11:00:00,5187.81,5193.36,5168.82,5171.3,515250234
2021-07-09 12:00:00,5171.3,5191.99,5165.42,5174.48,304223219
2021-07-09 13:00:00,5174.48,5184.74,5165.39,5171.71,484755590
2021-07-09 14:00:00,5171.71,5197.94,5165.36,5187.84,792509532
2021-07-09 15:00:00,5187.84,5198.85,5176.8,5177.66,1621634349
2021-07-12 09:00:00,5165.13,5182.12,5150.46,5180.32,934633737
2021-07-12 10:00:00,5180.32,5181.39,5161.49,5167.77,982222239
2021-07-12 11:00:00,5167.77,5177.51,5162.62,5175.21,462400714
2021-07-12 12:00:00,5175.21,5179.28,5157.07,5166.25,261669966
2021-07-12 13:00:00,5166.25,5172.09,5126.69,5128.93,406971192
2021-07-12 14:00:00,5128.93,5144.26,5116.88,5128.23,644479396
2021-07-12 15:00:00,5128.23,5158.18,5126.41,5134.04,1145277840
2021-07-13 09:00:00,5127.29,5147.17,5123.93,5145.62,881123860
2021-07-13 10:00:00,5145.62,5166.76,5140.36,5144.89,956722151
2021-07-13 11:00:00,5144.89,5158.2,5137.86,5144.52,497026111
2021-07-13 12:00:00,5144.52,5156.08,5131.15,5150.24,249575263
2021-07-13 13:00:00,5150.24,5164.83,5139.5,5145.31,414996602
2021-07-13 14:00:00,5145.31,5171.11,5144.21,5162.73,572542825
2021-07-13 15:00:00,5162.73,5175.52,5147.6,5171.26,1282490065
2021-07-14 09:00:00,5181.83,5182.54,5164.86,5175.0,478308030
2021-07-14 10:00:00,5175.0,5177.16,5153.97,5172.07,552246139
2021-07-14 11:00:00,5172.07,5175.5,5140.35,5143.29,264500549
2021-07-14 12:00:00,5143.29,5144.9,5116.76,5137.22,121539700
2021-07-14 13:00:00,5137.22,5172.78,5137.01,5169.83,215360993
2021-07-14 14:00:00,5169.83,5176.08,5133.87,5147.28,346201948
2021-07-14 15:00:00,5147.28,5155.0,5125.82,5126.07,705863718
2021-07-15 09:00:00,5139.69,5157.0,5138.45,5149.4,695943600
2021-07-15 10:00:00,5149.4,5154.9,5127.24,5135.84,711007262
2021-07-15 11:00:00,5135.84,5164.28,5134.43,5151.11,432811229
2021-07-15 12:00:00,5151.11,5161.12,5129.53,5158.92,216024910
2021-07-15 13:00:00,5158.92,5159.9,5120.52,5137.99,307450206
2021-07-15 14:00:00,5137.99,5152.26,5128.46,5137.56,602031203
2021-07-15 15:00:00,5137.56,5159.29,5121.77,5133.04,936000816
2021-07-16 09:00:00,5135.95,5151.99,5133.77,5146.51,390840824
2021-07-16 10:00:00,5146.51,5146.9,5113.74,5118.93,378992073
2021-07-16 11:00:00,5118.93,5128.05,5104.83,5113.72,199673974
2021-07-16 12:00:00,5113.72,5127.77,5089.49,5123.57,101624509
2021-07-16 13:00:00,5123.57,5134.05,5113.48,5126.24,200924696
2021-07-16 14:00:00,5126.24,5154.12,5123.65,5130.09,269782278
2021-07-16 15:00:00,5130.09,5133.34,5102.29,5128.47,534058833
2021-07-19 09:00:00,5108.76,5116.27,5094.94,5095.79,719650613
2021-07-19 10:00:00,5095.79,5110.67,5087.33,5103.58,669472673
2021-07-19 11:00:00,5103.58,5107.73,5071.48,5072.84,341266397
2021-07-19 12:00:00,5072.84,5085.1,5068.47,5073.01,192344107
2021-07-19 13:00:00,5073.01,5079.92,5059.15,5078.04,325306124
2021-07-19 14:00:00,5078.04,5086.71,5048.44,5049.96,407263558
2021-07-19 15:00:00,5049.96,5131.3,5049.33,5116.24,1048959417
2021-07-20 09:00:00,5125.24,5148.33,5124.51,5145.81,559947892
2021-07-20 10:00:00,5145.81,5159.37,5131.72,5153.46,556859207
2021-07-20 11:00:00,5153.46,5155.27,5134.45,5149.46,279399160
2021-07-20 12:00:00,5149.46,5161.08,5133.03,5134.48,123159208
2021-07-20 13:00:00,5134.48,5136.98,5111.77,5121.75,223919286
2021-07-20 14:00:00,5121.75,5138.88,5112.44,5130.6,347796970
2021-07-20 15:00:00,5130.6,5147.05,5118.7,5144.29,684067369
2021-07-21 09:00:00,5135.22,5145.83,5131.16,5138.81,887838764
2021-07-21 10:00:00,5138.81,5189.5,5129.29,5178.89,798659265
2021-07-21 11:00:00,5178.89,5234.73,5174.23,5234.35,464294270
2021-07-21 12:00:00,5234.35,5260.85,5230.24,5260.59,236210544
2021-07-21 13:00:00,5260.59,5297.14,5245.01,5292.97,366074203
2021-07-21 14:00:00,5292.97,5318.79,5288.38,5309.74,625042366
2021-07-21 15:00:00,5309.74,5336.06,5305.83,5332.34,1126844723
2021-07-22 09:00:00,5327.64,5332.02,5319.12,5325.29,591110518
2021-07-22 10:00:00,5325.29,5336.64,5307.75,5313.41,602930108
2021-07-22 11:00:00,5313.41,5322.13,5301.85,5315.33,282242152
2021-07-22 12:00:00,5315.33,5330.81,5287.54,5322.53,164685722
2021-07-22 13:00:00,5322.53,5344.07,5317.17,5342.69,230848121
2021-07-22 14:00:00,5342.69,5356.61,5333.82,5335.62,330732560
2021-07-22 15:00:00,5335.62,5340.05,5319.52,5332.1,729783094
2021-07-23 09:00:00,5373.43,5385.03,5363.28,5383.89,596482777
2021-07-23 10:00:00,5383.89,5396.73,5375.66,5394.06,596827296
2021-07-23 11:00:00,5394.06,5401.08,5383.66,5392.7,312924021
2021-07-23 12:00:00,5392.7,5397.04,5380.65,5390.09,158053726
2021-07-23 13:00:00,5390.09,5428.16,5388.89,5420.99,283977020
2021-07-23 14:00:00,5420.99,5511.57,5398.34,5510.97,473484194
2021-07-23 15:00:00,5510.97,5519.19,5497.74,5506.92,827754938
2021-07-26 09:00:00,5500.86,5527.03,5497.07,5525.33,629150598
2021-07-26 10:00:00,5525.33,5553.64,5522.73,5545.2,718741888
2021-07-26 11:00:00,5545.2,5562.49,5542.05,5561.46,344358980
2021-07-26 12:00:00,5561.46,5563.76,5499.27,5507.65,214080334
2021-07-26 13:00:00,5507.65,5510.69,5482.28,5484.96,289987666
2021-07-26 14:00:00,5484.96,5485.49,5447.12,5450.62,510978540
2021-07-26 15:00:00,5450.62,5467.35,5439.72,5461.18,1031007847
2021-07-27 09:00:00,5439.9,5454.45,5439.09,5453.4,685139738
2021-07-27 10:00:00,5453.4,5482.42,5435.43,5476.77,682511930
2021-07-27 11:00:00,5476.77,5480.63,5440.38,5440.96,351999659
2021-07-27 12:00:00,5440.96,5442.87,5389.45,5391.6,170797660
2021-07-27 13:00:00,5391.6,5409.27,5387.34,5402.91,300169689
2021-07-27 14:00:00,5402.91,5413.83,5389.6,5403.02,493213128
2021-07-27 15:00:00,5403.02,5421.18,5395.46,5419.22,961751165
2021-07-28 09:00:00,5450.11,5460.58,5440.81,5442.03,628179821
2021-07-28 10:00:00,5442.03,5456.94,5434.53,5443.19,720474649
2021-07-28 11:00:00,5443.19,5455.98,5431.26,5448.12,358727698
2021-07-28 12:00:00,5448.12,5457.32,5425.1,5441.51,172668047
2021-07-28 13:00:00,5441.51,5475.1,5437.18,5465.76,303419313
2021-07-28 14:00:00,5465.76,5479.03,5447.29,5452.74,432573349
2021-07-28 15:00:00,5452.74,5502.91,5447.15,5501.87,986853004
2021-07-29 09:00:00,5472.8,5486.11,5470.28,5477.98,349809418
2021-07-29 10:00:00,5477.98,5483.56,5429.61,5443.75,540742287
2021-07-29 11:00:00,5443.75,5449.47,5430.97,5441.07,246473989
2021-07-29 12:00:00,5441.07,5456.07,5432.17,5452.1,123417856
2021-07-29 13:00:00,5452.1,5489.56,5450.32,5471.85,193483782
2021-07-29 14:00:00,5471.85,5476.4,5434.51,5437.27,340346492
2021-07-29 15:00:00,5437.27,5442.63,5416.44,5429.51,611930720
2021-07-30 09:00:00,5425.68,5437.69,5406.08,5413.47,470196265
2021-07-30 10:00:00,5413.47,5415.64,5397.53,5403.38,565029779
2021-07-30 11:00:00,5403.38,5406.28,5387.36,5396.0,253508652
2021-07-30 12:00:00,5396.0,5408.64,5373.72,5398.0,120785084
2021-07-30 13:00:00,5398.0,5413.98,5391.26,5403.12,193615546
2021-07-30 14:00:00,5403.12,5427.3,5391.03,5396.18,308418606
2021-07-30 15:00:00,5396.18,5418.55,5394.59,5400.37,627974721
2021-08-02 09:00:00,5404.65,5405.01,5387.44,5387.47,1181858954
2021-08-02 10:00:00,5387.47,5406.08,5376.91,5403.35,1230106334
2021-08-02 11:00:00,5403.35,5424.91,5397.75,5417.27,636572075
2021-08-02 12:00:00,5417.27,5430.0,5395.35,5403.66,282921851
2021-08-02 13:00:00,5403.66,5434.42,5402.96,5424.4,556854695
2021-08-02 14:00:00,5424.4,5425.51,5399.15,5400.96,865565572
2021-08-02 15:00:00,5400.96,5407.04,5371.05,5385.72,1629094872
2021-08-03 09:00:00,5400.95,5410.09,5389.45,5392.97,450885933
2021-08-03 10:00:00,5392.97,5413.78,5387.04,5397.15,467846221
2021-08-03 11:00:00,5397.15,5413.35,5378.97,5390.21,237605128
2021-08-03 12:00:00,5390.21,5418.85,5388.61,5411.66,141804961
2021-08-03 13:00:00,5411.66,5420.34,5395.29,5412.88,217582122
2021-08-03 14:00:00,5412.88,5431.14,5411.07,5422.52,289419132
2021-08-03 15:00:00,5422.52,5452.29,5420.0,5448.76,591210915
2021-08-04 09:00:00,5460.82,5469.21,5456.75,5459.35,868940218
2021-08-04 10:00:00,5459.35,5476.41,5450.63,5462.67,945027750
2021-08-04 11:00:00,5462.67,5479.46,5445.93,5449.0,467844519
2021-08-04 12:00:00,5449.0,5466.52,5438.21,5452.65,252169117
2021-08-04 13:00:00,5452.65,5453.11,5429.68,5437.96,413981827
2021-08-04 14:00:00,5437.96,5481.82,5430.77,5477.64,636312294
2021-08-04 15:00:00,5477.64,5492.63,5467.47,5475.89,1455156551
2021-08-05 09:00:00,5470.37,5479.13,5457.4,5469.64,545374151
2021-08-05 10:00:00,5469.64,5497.49,5464.19,5470.06,705661172
2021-08-05 11:00:00,5470.06,5511.17,5468.45,5494.35,294237102
2021-08-05 12:00:00,5494.35,5504.64,5481.29,5486.11,184383687
2021-08-05 13:00:00,5486.11,5499.52,5474.2,5495.65,305854721
2021-08-05 14:00:00,5495.65,5499.88,5456.04,5461.73,509680925
2021-08-05 15:00:00,5461.73,5510.95,5458.34,5502.35,858470980
2021-08-06 09:00:00,5493.19,5514.63,5489.73,5492.92,613306620
2021-08-06 10:00:00,5492.92,5533.15,5492.23,5525.34,614347891
2021-08-06 11:00:00,5525.34,5572.6,5520.73,5566.47,330206191
2021-08-06 12:00:00,5566.47,5574.07,5548.07,5560.16,160726011
2021-08-06 13:00:00,5560.16,5567.95,5543.74,5550.56,271955802
2021-08-06 14:00:00,5550.56,5577.52,5548.34,5554.21,427890272
2021-08-06 15:00:00,5554.21,5562.9,5532.52,5533.76,896101454
2021-08-09 09:00:00,5546.42,5551.87,5521.59,5522.28,554841487
2021-08-09 10:00:00,5522.28,5530.14,5482.69,5485.73,545205329
2021-08-09 11:00:00,5485.73,5490.37,5462.0,5466.98,269492315
2021-08-09 12:00:00,5466.98,5590.37,5455.69,5582.34,139694962
2021-08-09 13:00:00,5582.34,5635.79,5573.59,5632.34,257463270
2021-08-09 14:00:00,5632.34,5643.79,5611.15,5612.41,350640549
2021-08-09 15:00:00,5612.41,5647.06,5608.72,5643.04,676060124
2021-08-10 09:00:00,5663.63,5678.36,5659.77,5669.07,1190689267
2021-08-10 10:00:00,5669.07,5700.42,5663.6,5688.81,1176086452
2021-08-10 11:00:00,5688.81,5719.25,5678.64,5713.17,590309633
2021-08-10 12:00:00,5713.17,5726.28,5697.5,5717.51,290208234
2021-08-10 13:00:00,5717.51,5741.39,5716.17,5734.27,495782660
2021-08-10 14:00:00,5734.27,5743.5,5722.2,5724.39,850174284
2021-08-10 15:00:00,5724.39,5735.18,5711.6,5732.94,1467641986
2021-08-11 09:00:00,5718.63,5721.66,5704.55,5718.84,600747892
2021-08-11 10:00:00,5718.84,5729.4,5704.42,5726.8,633446005
2021-08-11 11:00:00,5726.8,5741.26,5714.26,5731.33,291192955
2021-08-11 12:00:00,5731.33,5757.16,5725.05,5749.07,157975024
2021-08-11 13:00:00,5749.07,5776.62,5745.89,5761.65,263538330
2021-08-11 14:00:00,5761.65,5775.06,5738.98,5750.27,433330052
2021-08-11 15:00:00,5750.27,5780.83,5742.28,5766.37,846251023
2021-08-12 09:00:00,5751.87,5757.99,5742.64,5753.16,799481267
2021-08-12 10:00:00,5753.16,5766.42,5742.87,5762.79,830167571
2021-08-12 11:00:00,5762.79,5770.46,5730.97,5733.68,406887782
2021-08-12 12:00:00,5733.68,5752.83,5716.17,5747.79,198344127
2021-08-12 13:00:00,5747.79,5765.12,5733.71,5734.76,313833499
2021-08-12 14:00:00,5734.76,5735.82,5667.89,5673.25,572567373
2021-08-12 15:00:00,5673.25,5696.88,5665.73,5694.79,1027521413
2021-08-13 09:00:00,5704.43,5709.89,5677.03,5684.21,528257013
2021-08-13 10:00:00,5684.21,5712.11,5683.26,5690.46,636105579
2021-08-13 11:00:00,5690.46,5726.86,5678.82,5704.89,254526999
2021-08-13 12:00:00,5704.89,5719.64,5695.88,5703.57,160044764
2021-08-13 13:00:00,5703.57,5703.8,5662.49,5666.1,224628008
2021-08-13 14:00:00,5666.1,5680.5,5644.43,5651.02,405779916
2021-08-13 15:00:00,5651.02,5687.24,5649.85,5664.42,780959259
2021-08-16 09:00:00,5656.76,5662.67,5643.6,5643.86,468478895
2021-08-16 10:00:00,5643.86,5670.99,5634.75,5668.51,572156880
2021-08-16 11:00:00,5668.51,5671.37,5645.17,5645.29,268144220
2021-08-16 12:00:00,5645.29,5655.58,5629.87,5643.1,128195127
2021-08-16 13:00:00,5643.1,5669.09,5639.51,5666.68,215511842
2021-08-16 14:00:00,5666.68,5684.86,5657.61,5677.49,376737870
2021-08-16 15:00:00,5677.49,5698.58,5663.55,5692.54,610633809
2021-08-17 09:00:00,5695.42,5723.08,5694.41,5722.99,1084731489
2021-08-17 10:00:00,5722.99,5757.71,5718.8,5748.11,998794284
2021-08-17 11:00:00,5748.11,5754.96,5706.67,5722.83,526234588
2021-08-17 12:00:00,5722.83,5734.27,5708.66,5717.53,256788574
2021-08-17 13:00:00,5717.53,5717.7,5681.12,5685.82,459415628
2021-08-17 14:00:00,5685.82,5699.83,5656.89,5672.19,703779054
2021-08-17 15:00:00,5672.19,5682.56,5658.63,5660.31,1428209199
2021-08-18 09:00:00,5635.86,5644.82,5631.39,5635.26,655575942
2021-08-18 10:00:00,5635.26,5651.41,5612.71,5630.31,713220278
2021-08-18 11:00:00,5630.31,5645.69,5624.93,5626.75,347406687
2021-08-18 12:00:00,5626.75,5639.75,5609.84,5613.15,190593463
2021-08-18 13:00:00,5613.15,5618.05,5589.04,5609.68,323197159
2021-08-18 14:00:00,5609.68,5630.01,5609.19,5613.75,439305479
2021-08-18 15:00:00,5613.75,5638.92,5587.62,5589.05,974820573
2021-08-19 09:00:00,5586.09,5597.47,5578.25,5584.61,508974316
2021-08-19 10:00:00,5584.61,5601.57,5572.75,5596.34,572380688
2021-08-19 11:00:00,5596.34,5604.58,5575.65,5576.69,330774762
2021-08-19 12:00:00,5576.69,5621.39,5575.1,5595.82,179209139
2021-08-19 13:00:00,5595.82,5603.03,5585.66,5599.3,264833585
2021-08-19 14:00:00,5599.3,5620.77,5596.48,5614.5,415442741
2021-08-19 15:00:00,5614.5,5617.02,5584.34,5610.02,898839568
2021-08-20 09:00:00,5628.58,5653.06,5625.3,5652.61,758688457
2021-08-20 10:00:00,5652.61,5671.25,5650.52,5662.03,843908145
2021-08-20 11:00:00,5662.03,5679.59,5659.02,5663.83,418117041
2021-08-20 12:00:00,5663.83,5681.01,5644.3,5646.01,194665445
2021-08-20 13:00:00,5646.01,5649.61,5630.52,5645.0,318261412
2021-08-20 14:00:00,5645.0,5646.17,5547.39,5561.45,531011092
2021-08-20 15:00:00,5561.45,5566.84,5529.41,5558.36,1162958856
2021-08-23 09:00:00,5551.74,5560.02,5546.06,5557.17,628639750
2021-08-23 10:00:00,5557.17,5573.92,5546.16,5572.17,557297933
2021-08-23 11:00:00,5572.17,5598.47,5564.56,5582.4,266274999
2021-08-23 12:00:00,5582.4,5586.81,5534.22,5538.89,164328025
2021-08-23 13:00:00,5538.89,5558.06,5518.76,5549.47,279313456
2021-08-23 14:00:00,5549.47,5563.44,5543.41,5556.15,426080391
2021-08-23 15:00:00,5556.15,5570.49,5547.22,5559.11,744720635
2021-08-24 09:00:00,5569.82,5584.3,5561.52,5576.04,984350367
2021-08-24 10:00:00,5576.04,5604.15,5573.12,5598.21,940797776
2021-08-24 11:00:00,5598.21,5598.92,5541.17,5553.43,553357123
2021-08-24 12:00:00,5553.43,5609.15,5548.2,5606.47,289781618
2021-08-24 13:00:00,5606.47,5613.42,5585.3,5596.45,509483920
2021-08-24 14:00:00,5596.45,5600.75,5552.6,5556.27,732624516
2021-08-24 15:00:00,5556.27,5582.33,5553.52,5581.14,1429150189
2021-08-25 09:00:00,5597.89,5598.55,5572.13,5587.28,735257966
2021-08-25 10:00:00,5587.28,5605.17,5577.86,5601.79,814670492
2021-08-25 11:00:00,5601.79,5607.67,5575.21,5577.78,455659437
2021-08-25 12:00:00,5577.78,5582.02,5556.14,5577.14,231656416
2021-08-25 13:00:00,5577.14,5581.15,5565.08,5578.3,429533299
2021-08-25 14:00:00,5578.3,5605.39,5565.82,5602.97,593318482
2021-08-25 15:00:00,5602.97,5613.11,5593.84,5605.72,1156973000
2021-08-26 09:00:00,5632.68,5648.68,5627.61,5645.51,860303831
2021-08-26 10:00:00,5645.51,5659.06,5630.82,5634.21,976724104
2021-08-26 11:00:00,5634.21,5634.31,5599.39,5607.01,438209386
2021-08-26 12:00:00,5607.01,5631.76,5606.28,5616.61,225391044
2021-08-26 13:00:00,5616.61,5626.42,5610.19,5624.83,437515849
2021-08-26 14:00:00,5624.83,5632.53,5609.69,5612.36,664553566
2021-08-26 15:00:00,5612.36,5644.93,5610.92,5637.79,1351708538
2021-08-27 09:00:00,5627.72,5640.7,5620.81,5626.75,935145980
2021-08-27 10:00:00,5626.75,5638.05,5616.64,5634.49,1114726004
2021-08-27 11:00:00,5634.49,5652.7,5602.85,5624.0,501719392
2021-08-27 12:00:00,5624.0,5647.1,5611.5,5617.54,323148657
2021-08-27 13:00:00,5617.54,5632.05,5613.56,5618.47,580497194
2021-08-27 14:00:00,5618.47,5627.86,5591.23,5626.96,742972020
2021-08-27 15:00:00,5626.96,5659.57,5618.36,5653.29,1529082338
2021-08-30 09:00:00,5666.57,5671.32,5651.15,5654.71,472813223
2021-08-30 10:00:00,5654.71,5681.91,5651.87,5660.64,510074994
2021-08-30 11:00:00,5660.64,5678.26,5643.74,5669.98,268589279
2021-08-30 12:00:00,5669.98,5687.74,5663.11,5685.63,136863702
2021-08-30 13:00:00,5685.63,5707.41,5665.39,5679.45,217140831
2021-08-30 14:00:00,5679.45,5712.69,5678.11,5697.31,358447943
2021-08-30 15:00:00,5697.31,5705.45,5686.58,5692.21,633612913
2021-08-31 09:00:00,5687.39,5692.53,5670.84,5674.52,634632537
2021-08-31 10:00:00,5674.52,5690.22,5670.53,5682.84,601513027
2021-08-31 11:00:00,5682.84,5693.56,5670.42,5673.19,298363251
2021-08-31 12:00:00,5673.19,5712.03,5672.81,5684.64,141478035
2021-08-31 13:00:00,5684.64,5700.15,5678.91,5689.32,229707641
2021-08-31 14:00:00,5689.32,5717.36,5686.26,5698.21,380561347
2021-08-31 15:00:00,5698.21,5737.6,5690.69,5733.97,814365158
2021-09-01 09:00:00,5729.6,5744.94,5726.54,5727.14,354631397
2021-09-01 10:00:00,5727.14,5742.3,5716.42,5733.43,332140623
2021-09-01 11:00:00,5733.43,5770.36,5729.88,5759.34,165009636
2021-09-01 12:00:00,5759.34,5768.34,5736.49,5766.56,97887722
2021-09-01 13:00:00,5766.56,5777.56,5754.14,5756.73,151348874
2021-09-01 14:00:00,5756.73,5770.1,5745.79,5752.14,225809283
2021-09-01 15:00:00,5752.14,5752.8,5717.65,5729.27,431027545
2021-09-02 09:00:00,5752.41,5766.67,5750.44,5762.28,1223763506
2021-09-02 10:00:00,5762.28,5773.5,5719.85,5722.5,1043958641
2021-09-02 11:00:00,5722.5,5747.42,5717.41,5727.89,464753869
2021-09-02 12:00:00,5727.89,5730.85,5686.47,5695.24,253681155
2021-09-02 13:00:00,5695.24,5724.13,5690.73,5717.23,478813137
2021-09-02 14:00:00,5717.23,5730.15,5701.22,5711.36,674815773
2021-09-02 15:00:00,5711.36,5720.03,5681.87,5691.79,1392041016
2021-09-03 09:00:00,5696.96,5717.81,5689.1,5705.5,450032022
2021-09-03 10:00:00,5705.5,5706.71,5671.74,5682.69,431700454
2021-09-03 11:00:00,5682.69,5720.78,5676.52,5708.44,209579745
2021-09-03 12:00:00,5708.44,5717.95,5694.66,5696.98,111220048
2021-09-03 13:00:00,5696.98,5704.08,5672.49,5672.85,200296367
2021-09-03 14:00:00,5672.85,5681.08,5654.92,5657.21,307405037
2021-09-03 15:00:00,5657.21,5665.45,5646.53,5664.4,554091989
2021-09-07 09:00:00,5666.07,5687.63,5660.83,5680.98,790904022
2021-09-07 10:00:00,5680.98,5699.63,5659.63,5698.23,934622889
2021-09-07 11:00:00,5698.23,5716.53,5685.04,5704.69,448449946
2021-09-07 12:00:00,5704.69,5741.53,5700.76,5720.21,236045406
2021-09-07 13:00:00,5720.21,5723.2,5680.46,5693.81,432983924
2021-09-07 14:00:00,5693.81,5724.79,5655.61,5670.71,600160100
2021-09-07 15:00:00,5670.71,5729.42,5669.31,5711.76,1096254225
2021-09-08 09:00:00,5714.29,5742.06,5706.38,5741.08,777416064
2021-09-08 10:00:00,5741.08,5769.85,5740.13,5753.87,796935999
2021-09-08 11:00:00,5753.87,5758.96,5730.87,5732.99,317856871
2021-09-08 12:00:00,5732.99,5734.12,5697.82,5701.72,193827143
2021-09-08 13:00:00,5701.72,5718.25,5689.08,5713.09,327726288
2021-09-08 14:00:00,5713.09,5747.93,5711.66,5742.53,531857772
2021-09-08 15:00:00,5742.53,5749.45,5727.91,5729.09,1067078012
2021-09-09 09:00:00,5716.82,5760.32,5707.99,5755.89,762598568
2021-09-09 10:00:00,5755.89,5760.95,5714.32,5720.22,724676409
2021-09-09 11:00:00,5720.22,5750.4,5715.14,5749.42,346840037
2021-09-09 12:00:00,5749.42,5769.84,5746.04,5752.18,182053184
2021-09-09 13:00:00,5752.18,5757.21,5724.66,5731.24,325450641
2021-09-09 14:00:00,5731.24,5782.05,5729.21,5773.16,461653009
2021-09-09 15:00:00,5773.16,5793.46,5762.0,5765.41,1060848439
2021-09-10 09:00:00,5773.84,5794.21,5773.18,5788.89,877171768
2021-09-10 10:00:00,5788.89,5808.53,5784.38,5806.44,859072536
2021-09-10 11:00:00,5806.44,5848.42,5804.43,5840.73,359103378
2021-09-10 12:00:00,5840.73,5880.06,5840.02,5874.76,223757806
2021-09-10 13:00:00,5874.76,5906.14,5870.27,5901.36,346101165
2021-09-10 14:00:00,5901.36,5920.25,5896.06,5910.14,544409284
2021-09-10 15:00:00,5910.14,5918.38,5886.14,5908.47,1029220988
2021-09-13 09:00:00,5899.39,5899.93,5877.51,5889.88,574144596
2021-09-13 10:00:00,5889.88,5916.91,5881.52,5901.75,924813382
2021-09-13 11:00:00,5901.75,5929.29,5885.91,5922.66,380020916
2021-09-13 12:00:00,5922.66,5949.3,5917.21,5926.49,201211937
2021-09-13 13:00:00,5926.49,5952.01,5919.18,5939.5,341684750
2021-09-13 14:00:00,5939.5,5972.28,5931.76,5959.73,615281647
2021-09-13 15:00:00,5959.73,5987.46,5954.8,5974.55,1109453702
2021-09-14 09:00:00,5994.34,5997.22,5951.26,5953.35,458203848
2021-09-14 10:00:00,5953.35,5961.52,5929.58,5935.2,503944537
2021-09-14 11:00:00,5935.2,5958.26,5934.81,5943.15,262846589
2021-09-14 12:00:00,5943.15,5946.9,5890.03,5902.98,139465500
2021-09-14 13:00:00,5902.98,5921.02,5900.31,5909.88,223317630
2021-09-14 14:00:00,5909.88,5915.94,5891.03,5902.88,386484841
2021-09-14 15:00:00,5902.88,5933.39,5901.75,5926.91,836646567
2021-09-15 09:00:00,5923.24,5967.59,5894.59,5962.22,652442361
2021-09-15 10:00:00,5962.22,5967.91,5943.06,5963.78,769622878
2021-09-15 11:00:00,5963.78,5988.0,5955.7,5982.69,326288689
2021-09-15 12:00:00,5982.69,5987.86,5937.87,5938.26,166258223
2021-09-15 13:00:00,5938.26,5961.34,5931.68,5956.77,295918792
2021-09-15 14:00:00,5956.77,5971.11,5947.94,5966.21,499786725
2021-09-15 15:00:00,5966.21,5986.47,5941.02,5942.42,913434648
2021-09-16 09:00:00,5957.01,5964.6,5942.14,5960.93,772871823
2021-09-16 10:00:00,5960.93,5998.86,5949.69,5989.69,839852540
2021-09-16 11:00:00,5989.69,6004.4,5977.71,5998.59,351014123
2021-09-16 12:00:00,5998.59,6005.88,5977.67,5988.07,192132485
2021-09-16 13:00:00,5988.07,5989.5,5952.89,5955.81,405566726
2021-09-16 14:00:00,5955.81,5959.97,5923.14,5933.9,555136839
2021-09-16 15:00:00,5933.9,5943.74,5925.57,5931.5,1132443822
2021-09-17 09:00:00,5944.84,5949.82,5922.11,5930.23,623940794
2021-09-17 10:00:00,5930.23,5943.86,5899.86,5938.38,632482320
2021-09-17 11:00:00,5938.38,5946.14,5924.79,5941.28,319403597
2021-09-17 12:00:00,5941.28,5963.98,5934.52,5955.47,161882271
2021-09-17 13:00:00,5955.47,5965.37,5933.95,5954.15,242259706
2021-09-17 14:00:00,5954.15,5965.72,5937.14,5949.82,387839910
2021-09-17 15:00:00,5949.82,5956.71,5932.52,5956.52,813885091
2021-09-20 09:00:00,5966.31,5977.09,5943.77,5950.68,442901016
2021-09-20 10:00:00,5950.68,5967.36,5936.15,5960.28,510706170
2021-09-20 11:00:00,5960.28,5972.12,5944.94,5961.78,262450132
2021-09-20 12:00:00,5961.78,5995.94,5948.74,5995.41,131883234
2021-09-20 13:00:00,5995.41,6005.54,5982.77,5997.55,218414905
2021-09-20 14:00:00,5997.55,6031.46,5993.31,6029.0,348066469
2021-09-20 15:00:00,6029.0,6082.22,6025.78,6044.16,740285881
2021-09-21 09:00:00,6045.53,6048.56,6022.41,6030.92,673666038
2021-09-21 10:00:00,6030.92,6043.49,5960.82,5961.51,684450196
2021-09-21 11:00:00,5961.51,5969.67,5938.26,5952.73,345189188
2021-09-21 12:00:00,5952.73,6037.16,5945.69,6032.63,192734783
2021-09-21 13:00:00,6032.63,6059.81,6032.31,6040.17,282553387
2021-09-21 14:00:00,6040.17,6067.39,6035.36,6066.34,460909383
2021-09-21 15:00:00,6066.34,6084.04,6053.51,6074.87,1025273288
2021-09-22 09:00:00,6097.41,6101.62,6080.52,6092.98,575231591
2021-09-22 10:00:00,6092.98,6109.44,6076.38,6098.85,625293373
2021-09-22 11:00:00,6098.85,6126.51,6091.43,6109.24,290628216
2021-09-22 12:00:00,6109.24,6129.75,6081.14,6087.24,139038652
2021-09-22 13:00:00,6087.24,6096.9,6071.18,6077.86,277243666
2021-09-22 14:00:00,6077.86,6099.26,6070.39,6088.28,389165904
2021-09-22 15:00:00,6088.28,6109.66,6070.75,6074.47,814490072
2021-09-23 09:00:00,6086.8,6120.05,6081.71,6118.67,588034718
2021-09-23 10:00:00,6118.67,6137.95,6102.56,6133.98,494899914
2021-09-23 11:00:00,6133.98,6140.57,6104.44,6119.44,287795321
2021-09-23 12:00:00,6119.44,6123.49,6089.59,6106.01,157463308
2021-09-23 13:00:00,6106.01,6117.81,6077.69,6116.62,228556632
2021-09-23 14:00:00,6116.62,6119.45,6096.19,6115.82,381792992
2021-09-23 15:00:00,6115.82,6143.54,6109.48,6130.94,724290816
2021-09-24 09:00:00,6129.15,6145.95,6123.27,6139.49,612539895
2021-09-24 10:00:00,6139.49,6141.51,6102.45,6108.9,665912589
2021-09-24 11:00:00,6108.9,6124.75,6099.9,6102.81,369368297
2021-09-24 12:00:00,6102.81,6163.61,6098.12,6163.24,173910029
2021-09-24 13:00:00,6163.24,6177.71,6155.7,6177.36,278657668
2021-09-24 14:00:00,6177.36,6197.37,6163.65,6192.29,462692250
2021-09-24 15:00:00,6192.29,6207.58,6186.02,6192.25,872294989
2021-09-27 09:00:00,6199.4,6249.02,6192.6,6242.29,774483601
2021-09-27 10:00:00,6242.29,6284.74,6235.64,6270.24,830933805
2021-09-27 11:00:00,6270.24,6305.38,6258.14,6283.56,439497249
2021-09-27 12:00:00,6283.56,6285.32,6242.14,6265.0,204471024
2021-09-27 13:00:00,6265.0,6277.75,6235.31,6261.04,339956414
2021-09-27 14:00:00,6261.04,6268.9,6240.47,6240.51,559474825
2021-09-27 15:00:00,6240.51,6247.18,6221.31,6232.76,984842871
2021-09-28 09:00:00,6212.77,6227.51,6212.19,6222.54,445934459
2021-09-28 10:00:00,6222.54,6225.55,6197.61,6197.66,633581381
2021-09-28 11:00:00,6197.66,6201.65,6175.74,6190.84,284945636
2021-09-28 12:00:00,6190.84,6193.26,6160.55,6162.23,143759377
2021-09-28 13:00:00,6162.23,6174.51,6132.88,6140.05,248911954
2021-09-28 14:00:00,6140.05,6147.33,6120.75,6120.92,398963079
2021-09-28 15:00:00,6120.92,6140.32,6108.38,6130.75,729278119
2021-09-29 09:00:00,6137.98,6164.24,6136.93,6150.66,637225513
2021-09-29 10:00:00,6150.66,6169.32,6139.94,6168.99,662118507
2021-09-29 11:00:00,6168.99,6186.45,6158.84,6182.34,285150488
2021-09-29 12:00:00,6182.34,6184.66,6144.78,6148.3,156420335
2021-09-29 13:00:00,6148.3,6151.08,6091.74,6106.06,251755623
2021-09-29 14:00:00,6106.06,6129.5,6094.56,6097.9,397851273
2021-09-29 15:00:00,6097.9,6101.44,6074.22,6096.99,746813110
2021-09-30 09:00:00,6079.08,6091.11,6076.47,6077.74,481493521
2021-09-30 10:00:00,6077.74,6112.97,6069.33,6112.63,575963069
2021-09-30 11:00:00,6112.63,6118.63,6075.65,6077.98,256010816
2021-09-30 12:00:00,6077.98,6107.86,6072.96,6100.73,138750351
2021-09-30 13:00:00,6100.73,6117.16,6093.13,6110.5,230225427
2021-09-30 14:00:00,6110.5,6114.5,6090.63,6112.41,298050935
2021-09-30 15:00:00,6112.41,6112.73,6083.38,6107.19,748084002
2021-10-01 09:00:00,6097.65,6104.05,6087.55,6094.39,824023338
2021-10-01 10:00:00,6094.39,6130.35,6088.51,6125.26,778981046
2021-10-01 11:00:00,6125.26,6166.65,6122.95,6152.76,401413831
2021-10-01 12:00:00,6152.76,6167.08,6137.76,6147.8,192744255
2021-10-01 13:00:00,6147.8,6156.95,6133.85,6151.66,359136205
2021-10-01 14:00:00,6151.66,6189.63,6151.09,6179.42,497957635
2021-10-01 15:00:00,6179.42,6190.65,6155.7,6170.7,1006379209
2021-10-04 09:00:00,6179.67,6210.23,6179.5,6209.05,505492421
2021-10-04 10:00:00,6209.05,6209.58,6183.22,6205.77,564043199
2021-10-04 11:00:00,6205.77,6207.97,6160.12,6161.91,273420122
2021-10-04 12:00:00,6161.91,6164.73,6137.66,6152.52,142546947
2021-10-04 13:00:00,6152.52,6191.21,6138.81,6189.62,193890187
2021-10-04 14:00:00,6189.62,6193.07,6166.05,6185.57,374817009
2021-10-04 15:00:00,6185.57,6191.84,6163.34,6187.76,675504482
2021-10-05 09:00:00,6165.77,6198.64,6162.53,6191.54,703348311
2021-10-05 10:00:00,6191.54,6218.2,6185.88,6215.48,687861242
2021-10-05 11:00:00,6215.48,6220.48,6190.88,6215.03,376555981
2021-10-05 12:00:00,6215.03,6229.77,6201.14,6209.07,174882180
2021-10-05 13:00:00,6209.07,6226.22,6202.14,6219.65,341046324
2021-10-05 14:00:00,6219.65,6234.08,6212.08,6217.43,525970196
2021-10-05 15:00:00,6217.43,6218.72,6174.87,6184.99,886275392
2021-10-06 09:00:00,6172.08,6174.24,6148.01,6151.26,880667961
2021-10-06 10:00:00,6151.26,6157.78,6120.15,6134.57,885180222
2021-10-06 11:00:00,6134.57,6141.56,6116.9,6121.49,501236062
2021-10-06 12:00:00,6121.49,6122.41,6088.66,6112.2,238866523
2021-10-06 13:00:00,6112.2,6128.73,6108.7,6114.22,431291485
2021-10-06 14:00:00,6114.22,6121.47,6094.3,6109.66,660322722
2021-10-06 15:00:00,6109.66,6138.9,6090.71,6094.47,1253819098
2021-10-07 09:00:00,6104.71,6117.13,6093.97,6114.3,458121987
2021-10-07 10:00:00,6114.3,6120.91,6082.81,6083.13,649148946
2021-10-07 11:00:00,6083.13,6096.41,6051.3,6069.09,256731201
2021-10-07 12:00:00,6069.09,6123.59,6064.35,6122.54,135946352
2021-10-07 13:00:00,6122.54,6146.82,6118.72,6143.95,243378779
2021-10-07 14:00:00,6143.95,6160.42,6115.9,6148.16,360483086
2021-10-07 15:00:00,6148.16,6160.92,6125.35,6132.98,750676449
2021-10-08 09:00:00,6125.51,6151.13,6124.93,6149.04,552463224
2021-10-08 10:00:00,6149.04,6177.08,6125.31,6162.99,599199206
2021-10-08 11:00:00,6162.99,6184.02,6153.73,6175.24,260945145
2021-10-08 12:00:00,6175.24,6190.69,6142.25,6152.8,129654299
2021-10-08 13:00:00,6152.8,6185.31,6137.98,6178.16,225784196
2021-10-08 14:00:00,6178.16,6214.59,6163.08,6202.74,398838367
2021-10-08 15:00:00,6202.74,6221.78,6191.16,6199.52,658754165
2021-10-11 09:00:00,6199.14,6206.72,6174.02,6185.19,702303947
2021-10-11 10:00:00,6185.19,6195.24,6171.75,6192.67,857949785
2021-10-11 11:00:00,6192.67,6207.69,6168.82,6189.0,370227603
2021-10-11 12:00:00,6189.0,6213.63,6184.0,6212.87,194708425
2021-10-11 13:00:00,6212.87,6266.73,6211.1,6243.21,383346513
2021-10-11 14:00:00,6243.21,6253.68,6227.24,6236.03,539497217
2021-10-11 15:00:00,6236.03,6243.75,6208.9,6215.89,1015467915
2021-10-12 09:00:00,6226.13,6247.34,6213.27,6245.69,478101729
2021-10-12 10:00:00,6245.69,6292.12,6243.25,6290.77,482427546
2021-10-12 11:00:00,6290.77,6305.72,6273.1,6273.16,266167244
2021-10-12 12:00:00,6273.16,6295.56,6266.53,6275.34,122094631
2021-10-12 13:00:00,6275.34,6283.51,6244.33,6255.6,242974736
2021-10-12 14:00:00,6255.6,6265.74,6197.55,6201.49,341431876
2021-10-12 15:00:00,6201.49,6220.88,6189.11,6195.9,617896917
2021-10-13 09:00:00,6218.4,6219.12,6199.61,6202.05,451721112
2021-10-13 10:00:00,6202.05,6203.03,6174.19,6196.23,455643839
2021-10-13 11:00:00,6196.23,6230.56,6193.77,6225.06,226415287
2021-10-13 12:00:00,6225.06,6248.51,6211.09,6216.69,114799482
2021-10-13 13:00:00,6216.69,6239.3,6207.84,6210.6,201726805
2021-10-13 14:00:00,6210.6,6219.72,6200.26,6213.53,317553753
2021-10-13 15:00:00,6213.53,6231.67,6204.74,6211.22,495164013
2021-10-14 09:00:00,6220.45,6249.16,6213.06,6247.1,644984671
2021-10-14 10:00:00,6247.1,6274.15,6238.46,6249.91,658229286
2021-10-14 11:00:00,6249.91,6262.2,6228.37,6243.64,324000388
2021-10-14 12:00:00,6243.64,6266.86,6232.46,6245.49,170415802
2021-10-14 13:00:00,6245.49,6285.81,6242.77,6284.51,285812657
2021-10-14 14:00:00,6284.51,6306.29,6273.35,6300.92,428248805
2021-10-14 15:00:00,6300.92,6313.64,6285.79,6300.55,866961790
2021-10-15 09:00:00,6313.06,6330.31,6306.66,6322.6,659057803
2021-10-15 10:00:00,6322.6,6354.27,6318.48,6338.18,660092646
2021-10-15 11:00:00,6338.18,6370.12,6336.92,6357.65,376571195
2021-10-15 12:00:00,6357.65,6394.75,6356.76,6386.8,189380554
2021-10-15 13:00:00,6386.8,6398.79,6374.85,6375.52,299152576
2021-10-15 14:00:00,6375.52,6438.5,6375.35,6429.36,467834395
2021-10-15 15:00:00,6429.36,6438.07,6407.43,6407.77,955150954
2021-10-18 09:00:00,6422.76,6441.38,6394.47,6397.64,589318917
2021-10-18 10:00:00,6397.64,6415.45,6376.99,6411.66,547997152
2021-10-18 11:00:00,6411.66,6417.2,6391.89,6410.46,287741997
2021-10-18 12:00:00,6410.46,6411.07,6372.91,6396.21,157740341
2021-10-18 13:00:00,6396.21,6412.19,6373.51,6378.71,240315910
2021-10-18 14:00:00,6378.71,6382.95,6334.45,6344.58,397017818
2021-10-18 15:00:00,6344.58,6345.52,6313.14,6325.96,871751309
2021-10-19 09:00:00,6320.09,6332.53,6309.82,6318.98,305637467
2021-10-19 10:00:00,6318.98,6337.98,6310.83,6326.98,387283044
2021-10-19 11:00:00,6326.98,6351.54,6317.36,6336.06,188259002
2021-10-19 12:00:00,6336.06,6401.06,6323.43,6397.3,97876196
2021-10-19 13:00:00,6397.3,6410.4,6380.74,6383.15,166516923
2021-10-19 14:00:00,6383.15,6444.81,6382.23,6444.23,241307460
2021-10-19 15:00:00,6444.23,6466.5,6416.51,6417.68,513851428
2021-10-20 09:00:00,6406.15,6425.51,6403.82,6419.14,546574553
2021-10-20 10:00:00,6419.14,6456.7,6407.68,6450.15,581202827
2021-10-20 11:00:00,6450.15,6463.8,6439.51,6452.11,273238716
2021-10-20 12:00:00,6452.11,6465.16,6430.94,6431.47,152154600
2021-10-20 13:00:00,6431.47,6436.3,6407.74,6420.52,255226518
2021-10-20 14:00:00,6420.52,6425.53,6382.67,6409.5,373497770
2021-10-20 15:00:00,6409.5,6420.91,6346.11,6348.07,744393601
2021-10-21 09:00:00,6348.46,6370.66,6347.89,6360.4,992458417
2021-10-21 10:00:00,6360.4,6369.98,6346.93,6368.73,1109128625
2021-10-21 11:00:00,6368.73,6378.17,6340.77,6367.9,505761732
2021-10-21 12:00:00,6367.9,6373.94,6340.59,6356.29,267001332
2021-10-21 13:00:00,6356.29,6371.65,6341.04,6365.38,419996423
2021-10-21 14:00:00,6365.38,6382.63,6361.14,6378.61,654985176
2021-10-21 15:00:00,6378.61,6384.12,6360.08,6367.28,1327842182
2021-10-22 09:00:00,6368.89,6398.38,6365.69,6393.44,448873645
2021-10-22 10:00:00,6393.44,6436.38,6383.38,6435.88,556280202
2021-10-22 11:00:00,6435.88,6456.05,6423.37,6425.04,263042565
2021-10-22 12:00:00,6425.04,6448.67,6410.81,6447.46,137314664
2021-10-22 13:00:00,6447.46,6500.99,6436.51,6496.74,214614839
2021-10-22 14:00:00,6496.74,6504.34,6482.1,6502.32,379921231
2021-10-22 15:00:00,6502.32,6514.7,6470.06,6474.55,674174139
2021-10-25 09:00:00,6496.56,6503.97,6483.6,6496.15,481872182
2021-10-25 10:00:00,6496.15,6505.82,6458.62,6470.7,533144537
2021-10-25 11:00:00,6470.7,6471.68,6421.95,6435.69,259364503
2021-10-25 12:00:00,6435.69,6436.0,6383.06,6389.74,125014018
2021-10-25 13:00:00,6389.74,6418.6,6383.2,6406.59,245460103
2021-10-25 14:00:00,6406.59,6449.36,6328.21,6355.95,371472038
2021-10-25 15:00:00,6355.95,6374.76,6348.12,6353.76,706652073
2021-10-26 09:00:00,6368.04,6380.18,6356.65,6372.45,569619772
2021-10-26 10:00:00,6372.45,6393.89,6353.05,6356.62,562369825
2021-10-26 11:00:00,6356.62,6361.65,6327.8,6346.89,267488410
2021-10-26 12:00:00,6346.89,6353.49,6331.43,6341.25,152536746
2021-10-26 13:00:00,6341.25,6364.1,6328.6,6335.54,241867469
2021-10-26 14:00:00,6335.54,6350.8,6322.58,6336.34,408237464
2021-10-26 15:00:00,6336.34,6346.66,6293.94,6294.83,825126296
2021-10-27 09:00:00,6284.24,6297.07,6264.55,6265.66,1082901716
2021-10-27 10:00:00,6265.66,6282.16,6253.94,6271.17,1428081289
2021-10-27 11:00:00,6271.17,6277.74,6227.7,6227.81,621212659
2021-10-27 12:00:00,6227.81,6237.29,6208.35,6235.5,292297809
2021-10-27 13:00:00,6235.5,6263.0,6231.61,6244.65,474459427
2021-10-27 14:00:00,6244.65,6254.85,6221.15,6227.03,809540649
2021-10-27 15:00:00,6227.03,6233.79,6201.14,6202.83,1742147930
2021-10-28 09:00:00,6215.34,6236.61,6213.92,6236.21,799204455
2021-10-28 10:00:00,6236.21,6238.84,6205.84,6213.54,890154691
2021-10-28 11:00:00,6213.54,6249.37,6208.03,6243.78,382920970
2021-10-28 12:00:00,6243.78,6265.74,6242.32,6261.93,206319639
2021-10-28 13:00:00,6261.93,6290.6,6249.25,6269.85,334957447
2021-10-28 14:00:00,6269.85,6311.26,6256.54,6308.45,523345468
2021-10-28 15:00:00,6308.45,6308.87,6258.09,6267.15,1068963972
2021-10-29 09:00:00,6263.21,6271.64,6254.58,6265.77,503977357
2021-10-29 10:00:00,6265.77,6267.32,6207.55,6225.52,558682172
2021-10-29 11:00:00,6225.52,6237.04,6195.99,6217.38,219489685
2021-10-29 12:00:00,6217.38,6254.16,6211.75,6236.56,137320024
2021-10-29 13:00:00,6236.56,6242.2,6204.33,6214.35,201543139
2021-10-29 14:00:00,6214.35,6220.92,6187.82,6196.53,309099290
2021-10-29 15:00:00,6196.53,6235.55,6188.29,6235.42,673229555
2021-11-01 09:00:00,6255.15,6276.59,6248.1,6264.48,476601796
2021-11-01 10:00:00,6264.48,6289.42,6260.53,6273.64,575088592
2021-11-01 11:00:00,6273.64,6290.19,6245.55,6258.0,266737209
2021-11-01 12:00:00,6258.0,6299.19,6254.52,6298.31,139173581
2021-11-01 13:00:00,6298.31,6334.82,6292.48,6314.72,250101634
2021-11-01 14:00:00,6314.72,6361.92,6313.86,6338.82,414894228
2021-11-01 15:00:00,6338.82,6338.86,6295.5,6301.79,687946989
2021-11-02 09:00:00,6282.43,6285.05,6260.85,6272.14,472482603
2021-11-02 10:00:00,6272.14,6280.37,6254.26,6274.87,486876076
2021-11-02 11:00:00,6274.87,6276.61,6245.15,6246.28,269770543
2021-11-02 12:00:00,6246.28,6282.49,6239.34,6254.96,124886239
2021-11-02 13:00:00,6254.96,6255.03,6228.59,6232.35,214325393
2021-11-02 14:00:00,6232.35,6243.42,6201.86,6227.51,361011720
2021-11-02 15:00:00,6227.51,6263.57,6215.61,6262.95,616682508
2021-11-03 09:00:00,6249.27,6252.57,6233.85,6240.29,658172448
2021-11-03 10:00:00,6240.29,6244.63,6206.98,6233.26,598450940
2021-11-03 11:00:00,6233.26,6259.43,6224.49,6224.99,322376137
2021-11-03 12:00:00,6224.99,6230.5,6206.56,6217.92,173509917
2021-11-03 13:00:00,6217.92,6245.07,6212.93,6241.57,275887855
2021-11-03 14:00:00,6241.57,6241.71,6176.41,6201.77,463061081
2021-11-03 15:00:00,6201.77,6210.64,6185.01,6202.35,938960842
2021-11-04 09:00:00,6206.39,6229.9,6202.37,6203.61,1034499182
2021-11-04 10:00:00,6203.61,6237.79,6196.79,6233.48,1052107347
2021-11-04 11:00:00,6233.48,6260.93,6229.12,6246.9,475788755
2021-11-04 12:00:00,6246.9,6262.83,6199.8,6201.18,273094119
2021-11-04 13:00:00,6201.18,6204.93,6157.21,6186.18,406662350
2021-11-04 14:00:00,6186.18,6209.07,6178.76,6203.02,608574022
2021-11-04 15:00:00,6203.02,6212.16,6188.0,6203.24,1226151033
2021-11-05 09:00:00,6218.52,6224.81,6201.08,6204.6,677852699
2021-11-05 10:00:00,6204.6,6205.31,6168.99,6183.9,817748334
2021-11-05 11:00:00,6183.9,6188.07,6160.96,6167.87,365013975
2021-11-05 12:00:00,6167.87,6183.12,6162.61,6173.1,202287059
2021-11-05 13:00:00,6173.1,6186.26,6160.98,6182.17,307177691
2021-11-05 14:00:00,6182.17,6188.6,6158.59,6175.42,474066181
2021-11-05 15:00:00,6175.42,6190.73,6151.65,6152.67,798568788
2021-11-08 09:00:00,6168.5,6178.18,6160.17,6165.98,924217148
2021-11-08 10:00:00,6165.98,6191.18,6154.59,6182.91,971614964
2021-11-08 11:00:00,6182.91,6201.84,6165.04,6193.91,464575496
2021-11-08 12:00:00,6193.91,6236.28,6192.27,6219.91,252838115
2021-11-08 13:00:00,6219.91,6232.54,6200.91,6230.25,405398040
2021-11-08 14:00:00,6230.25,6264.9,6227.99,6250.17,580017671
2021-11-08 15:00:00,6250.17,6271.69,6239.83,6252.15,1298897996
2021-11-09 09:00:00,6251.16,6255.1,6213.97,6222.98,509493637
2021-11-09 10:00:00,6222.98,6234.61,6189.13,6190.54,531744602
2021-11-09 11:00:00,6190.54,6212.22,6177.43,6183.98,251987888
2021-11-09 12:00:00,6183.98,6197.52,6166.0,6175.15,130973094
2021-11-09 13:00:00,6175.15,6213.79,6173.11,6199.19,230469835
2021-11-09 14:00:00,6199.19,6255.82,6191.69,6249.69,315438930
2021-11-09 15:00:00,6249.69,6263.57,6227.72,6228.25,744531551
2021-11-10 09:00:00,6222.58,6252.22,6221.74,6248.98,1068444786
2021-11-10 10:00:00,6248.98,6269.25,6244.55,6265.9,1230286089
2021-11-10 11:00:00,6265.9,6294.13,6258.3,6285.82,553492563
2021-11-10 12:00:00,6285.82,6294.18,6272.47,6277.27,290354646
2021-11-10 13:00:00,6277.27,6337.72,6244.47,6305.27,505904219
2021-11-10 14:00:00,6305.27,6307.92,6271.08,6288.37,822725631
2021-11-10 15:00:00,6288.37,6314.09,6285.26,6305.24,1178174676
2021-11-11 09:00:00,6276.58,6289.74,6268.28,6277.57,541276174
2021-11-11 10:00:00,6277.57,6281.76,6248.69,6250.43,502799890
2021-11-11 11:00:00,6250.43,6286.57,6246.52,6255.43,270564543
2021-11-11 12:00:00,6255.43,6283.26,6247.05,6283.19,138484389
2021-11-11 13:00:00,6283.19,6289.71,6254.95,6279.22,217736459
2021-11-11 14:00:00,6279.22,6282.53,6233.3,6236.81,345303916
2021-11-11 15:00:00,6236.81,6282.1,6229.07,6262.81,597725581
2021-11-12 09:00:00,6261.47,6273.99,6260.21,6267.78,789898602
2021-11-12 10:00:00,6267.78,6272.01,6235.6,6242.86,769353816
2021-11-12 11:00:00,6242.86,6244.45,6208.45,6223.0,464484008
2021-11-12 12:00:00,6223.0,6237.04,6209.41,6213.67,220755563
2021-11-12 13:00:00,6213.67,6255.81,6205.79,6254.27,323867302
2021-11-12 14:00:00,6254.27,6259.77,6225.9,6232.84,504434649
2021-11-12 15:00:00,6232.84,6248.7,6228.74,6238.85,1172653250
2021-11-15 09:00:00,6226.74,6231.91,6216.03,6223.12,693157981
2021-11-15 10:00:00,6223.12,6224.11,6175.49,6197.82,724344484
2021-11-15 11:00:00,6197.82,6235.69,6195.87,6231.53,416569997
2021-11-15 12:00:00,6231.53,6238.74,6212.33,6230.86,189381745
2021-11-15 13:00:00,6230.86,6290.02,6230.49,6289.14,336015186
2021-11-15 14:00:00,6289.14,6324.18,6285.85,6293.66,524088209
2021-11-15 15:00:00,6293.66,6321.92,6288.75,6316.89,1100388673
2021-11-16 09:00:00,6349.67,6372.15,6336.96,6368.37,514567134
2021-11-16 10:00:00,6368.37,6372.59,6308.73,6310.35,554737150
2021-11-16 11:00:00,6310.35,6312.64,6253.88,6256.14,246641702
2021-11-16 12:00:00,6256.14,6300.41,6253.62,6291.46,130738196
2021-11-16 13:00:00,6291.46,6319.14,6276.87,6318.03,205879120
2021-11-16 14:00:00,6318.03,6337.46,6315.26,6322.19,322401386
2021-11-16 15:00:00,6322.19,6342.89,6320.08,6330.66,634421624
2021-11-17 09:00:00,6330.36,6343.09,6301.51,6302.45,895824747
2021-11-17 10:00:00,6302.45,6312.11,6271.36,6289.57,894606159
2021-11-17 11:00:00,6289.57,6300.88,6264.27,6267.43,504214616
2021-11-17 12:00:00,6267.43,6293.06,6257.62,6261.52,217756226
2021-11-17 13:00:00,6261.52,6291.92,6259.41,6288.34,419170409
2021-11-17 14:00:00,6288.34,6311.58,6287.05,6302.12,648006044
2021-11-17 15:00:00,6302.12,6344.77,6292.29,6335.74,1244115927
2021-11-18 09:00:00,6344.8,6350.88,6334.86,6348.98,534549185
2021-11-18 10:00:00,6348.98,6357.46,6320.09,6329.44,618799308
2021-11-18 11:00:00,6329.44,6331.9,6304.55,6314.46,304651581
2021-11-18 12:00:00,6314.46,6339.24,6293.6,6337.78,157731005
2021-11-18 13:00:00,6337.78,6381.39,6334.47,6369.76,220529273
2021-11-18 14:00:00,6369.76,6381.66,6330.58,6335.18,385111828
2021-11-18 15:00:00,6335.18,6374.23,6332.18,6368.41,796402194
2021-11-19 09:00:00,6364.84,6377.36,6363.37,6371.09,568398266
2021-11-19 10:00:00,6371.09,6393.19,6357.45,6390.86,587419796
2021-11-19 11:00:00,6390.86,6424.43,6386.5,6420.07,306377313
2021-11-19 12:00:00,6420.07,6452.88,6416.24,6450.38,164546208
2021-11-19 13:00:00,6450.38,6482.29,6447.48,6465.04,239309058
2021-11-19 14:00:00,6465.04,6501.02,6458.13,6491.3,401523310
2021-11-19 15:00:00,6491.3,6511.41,6411.22,6412.93,900215040
2021-11-22 09:00:00,6403.46,6423.69,6393.96,6418.37,428124766
2021-11-22 10:00:00,6418.37,6438.03,6397.73,6416.06,446320526
2021-11-22 11:00:00,6416.06,6431.37,6381.88,6397.19,219688526
2021-11-22 12:00:00,6397.19,6414.66,6291.01,6298.06,127667158
2021-11-22 13:00:00,6298.06,6305.92,6289.7,6302.98,203517762
2021-11-22 14:00:00,6302.98,6316.93,6292.51,6293.74,318469054
2021-11-22 15:00:00,6293.74,6310.76,6282.53,6295.81,646662262
2021-11-23 09:00:00,6296.62,6319.41,6292.47,6319.0,402475605
2021-11-23 10:00:00,6319.0,6358.12,6308.98,6357.03,470357321
2021-11-23 11:00:00,6357.03,6385.47,6345.29,6378.57,194824144
2021-11-23 12:00:00,6378.57,6381.0,6327.88,6335.17,99711883
2021-11-23 13:00:00,6335.17,6356.48,6327.57,6344.03,212790221
2021-11-23 14:00:00,6344.03,6358.82,6328.6,6347.19,327826852
2021-11-23 15:00:00,6347.19,6375.28,6344.85,6366.74,566494193
2021-11-24 09:00:00,6364.28,6370.12,6341.47,6343.31,1084316989
2021-11-24 10:00:00,6343.31,6347.74,6320.9,6329.11,1169410140
2021-11-24 11:00:00,6329.11,6346.63,6321.72,6334.48,542861690
2021-11-24 12:00:00,6334.48,6375.08,6321.62,6365.95,305619888
2021-11-24 13:00:00,6365.95,6368.7,6333.76,6348.05,506617899
2021-11-24 14:00:00,6348.05,6395.32,6337.89,6386.11,755377027
2021-11-24 15:00:00,6386.11,6416.55,6380.11,6382.57,1712295814
2021-11-26 09:00:00,6389.95,6403.53,6383.68,6395.51,434815745
2021-11-26 10:00:00,6395.51,6407.66,6356.31,6367.08,503172241
2021-11-26 11:00:00,6367.08,6391.4,6360.94,6384.75,239495703
2021-11-26 12:00:00,6384.75,6405.41,6382.17,6388.56,136578628
2021-11-26 13:00:00,6388.56,6393.38,6367.87,6375.66,188466396
2021-11-26 14:00:00,6375.66,6395.6,6348.85,6355.66,324660714
2021-11-26 15:00:00,6355.66,6361.05,6309.9,6313.87,680973095
2021-11-29 09:00:00,6320.26,6325.69,6312.19,6313.45,763245467
2021-11-29 10:00:00,6313.45,6347.54,6306.22,6342.29,837253565
2021-11-29 11:00:00,6342.29,6354.07,6327.88,6344.18,460328437
2021-11-29 12:00:00,6344.18,6384.23,6342.32,6365.77,232663118
2021-11-29 13:00:00,6365.77,6372.37,6345.48,6369.57,352493065
2021-11-29 14:00:00,6369.57,6375.44,6335.6,6337.84,575424828
2021-11-29 15:00:00,6337.84,6342.25,6296.6,6303.31,1198012100
2021-11-30 09:00:00,6305.9,6320.18,6295.59,6305.54,556492331
2021-11-30 10:00:00,6305.54,6341.54,6303.25,6323.9,585008158
2021-11-30 11:00:00,6323.9,6333.03,6298.74,6320.58,232659441
2021-11-30 12:00:00,6320.58,6351.64,6320.09,6331.87,132529071
2021-11-30 13:00:00,6331.87,6348.76,6321.47,6330.64,258223112
2021-11-30 14:00:00,6330.64,6366.84,6329.18,6361.95,364617632
2021-11-30 15:00:00,6361.95,6363.85,6336.52,6354.18,740650572
2021-12-01 09:00:00,6354.55,6371.76,6352.57,6370.48,752102197
2021-12-01 10:00:00,6370.48,6386.71,6360.62,6382.69,880248404
2021-12-01 11:00:00,6382.69,6389.44,6364.53,6374.13,401189091
2021-12-01 12:00:00,6374.13,6381.68,6354.01,6361.96,199661131
2021-12-01 13:00:00,6361.96,6376.92,6352.45,6364.53,299976886
2021-12-01 14:00:00,6364.53,6384.89,6352.52,6355.45,449091153
2021-12-01 15:00:00,6355.45,6370.3,6335.29,6365.47,1143557402
2021-12-02 09:00:00,6354.46,6357.8,6316.28,6318.04,528855454
2021-12-02 10:00:00,6318.04,6345.67,6317.54,6341.61,562606980
2021-12-02 11:00:00,6341.61,6376.74,6341.07,6351.2,272671736
2021-12-02 12:00:00,6351.2,6358.99,6325.74,6335.12,132353992
2021-12-02 13:00:00,6335.12,6362.59,6329.28,6358.63,217314126
2021-12-02 14:00:00,6358.63,6377.14,6338.58,6365.88,344416365
2021-12-02 15:00:00,6365.88,6367.0,6340.53,6350.55,664559874
2021-12-03 09:00:00,6364.48,6368.22,6343.8,6350.79,794800378
2021-12-03 10:00:00,6350.79,6391.85,6348.88,6365.91,871885196
2021-12-03 11:00:00,6365.91,6413.09,6358.18,6412.21,414702694
2021-12-03 12:00:00,6412.21,6453.45,6410.87,6445.81,209821970
2021-12-03 13:00:00,6445.81,6488.37,6441.14,6467.19,394422404
2021-12-03 14:00:00,6467.19,6479.16,6425.49,6439.2,649386711
2021-12-03 15:00:00,6439.2,6448.97,6412.41,6413.55,1263560851
2021-12-06 09:00:00,6456.76,6503.98,6450.58,6500.02,561438969
2021-12-06 10:00:00,6500.02,6518.02,6492.3,6504.99,528536034
2021-12-06 11:00:00,6504.99,6548.59,6500.46,6548.5,263998312
2021-12-06 12:00:00,6548.5,6561.55,6524.35,6558.23,134734421
2021-12-06 13:00:00,6558.23,6562.43,6497.82,6506.46,251880029
2021-12-06 14:00:00,6506.46,6516.81,6480.16,6505.47,391145223
2021-12-06 15:00:00,6505.47,6508.51,6459.94,6466.4,704832336
2021-12-07 09:00:00,6457.62,6477.2,6440.09,6444.75,869643157
2021-12-07 10:00:00,6444.75,6461.91,6420.14,6424.47,1000609783
2021-12-07 11:00:00,6424.47,6459.52,6420.45,6435.72,537065150
2021-12-07 12:00:00,6435.72,6442.66,6414.27,6420.73,234745611
2021-12-07 13:00:00,6420.73,6448.88,6418.53,6441.31,424544953
2021-12-07 14:00:00,6441.31,6454.79,6428.97,6443.92,725221995
2021-12-07 15:00:00,6443.92,6444.61,6409.8,6411.37,1337576273
2021-12-08 09:00:00,6422.61,6431.85,6396.79,6407.98,810204422
2021-12-08 10:00:00,6407.98,6437.92,6407.65,6426.3,901894683
2021-12-08 11:00:00,6426.3,6500.14,6424.96,6493.79,344473141
2021-12-08 12:00:00,6493.79,6509.0,6473.29,6500.8,212234999
2021-12-08 13:00:00,6500.8,6548.53,6488.87,6541.26,331763701
2021-12-08 14:00:00,6541.26,6546.08,6521.97,6540.8,515207232
2021-12-08 15:00:00,6540.8,6549.15,6532.25,6540.73,1036262142
2021-12-09 09:00:00,6527.59,6533.73,6509.92,6526.42,694665348
2021-12-09 10:00:00,6526.42,6528.76,6486.89,6526.7,659576709
2021-12-09 11:00:00,6526.7,6558.72,6519.62,6526.75,319511276
2021-12-09 12:00:00,6526.75,6549.3,6510.62,6519.05,173103160
2021-12-09 13:00:00,6519.05,6530.49,6488.12,6491.69,251221685
2021-12-09 14:00:00,6491.69,6536.72,6485.23,6498.86,429850312
2021-12-09 15:00:00,6498.86,6541.04,6494.46,6535.98,833951952
2021-12-10 09:00:00,6540.47,6563.98,6532.59,6547.63,582738109
2021-12-10 10:00:00,6547.63,6552.15,6524.58,6543.13,647475459
2021-12-10 11:00:00,6543.13,6565.45,6537.89,6543.1,273816288
2021-12-10 12:00:00,6543.1,6578.53,6518.17,6519.23,163152256
2021-12-10 13:00:00,6519.23,6574.12,6514.94,6551.8,299488580
2021-12-10 14:00:00,6551.8,6588.56,6547.62,6576.6,443587710
2021-12-10 15:00:00,6576.6,6585.21,6519.87,6523.62,799468937
2021-12-13 09:00:00,6517.38,6533.04,6501.25,6508.33,776293860
2021-12-13 10:00:00,6508.33,6522.29,6493.91,6495.11,770941766
2021-12-13 11:00:00,6495.11,6547.87,6484.84,6526.58,352096622
2021-12-13 12:00:00,6526.58,6535.87,6484.49,6485.39,181133607
2021-12-13 13:00:00,6485.39,6497.08,6462.5,6469.04,296812372
2021-12-13 14:00:00,6469.04,6516.27,6461.3,6512.5,525120623
2021-12-13 15:00:00,6512.5,6528.16,6488.6,6495.5,991632452
2021-12-14 09:00:00,6527.02,6570.83,6526.09,6553.06,443751180
2021-12-14 10:00:00,6553.06,6558.29,6513.38,6516.25,513098624
2021-12-14 11:00:00,6516.25,6518.69,6478.64,6494.09,272936719
2021-12-14 12:00:00,6494.09,6616.3,6478.46,6602.88,126004243
2021-12-14 13:00:00,6602.88,6643.78,6601.41,6626.32,213102614
2021-12-14 14:00:00,6626.32,6646.87,6605.21,6607.14,325428866
2021-12-14 15:00:00,6607.14,6617.78,6584.64,6597.98,738892179
2021-12-15 09:00:00,6617.34,6632.15,6607.67,6611.95,677205134
2021-12-15 10:00:00,6611.95,6636.33,6604.16,6627.54,758998197
2021-12-15 11:00:00,6627.54,6677.88,6625.15,6661.23,375715225
2021-12-15 12:00:00,6661.23,6738.21,6659.43,6708.83,200359957
2021-12-15 13:00:00,6708.83,6735.94,6701.9,6719.35,283633148
2021-12-15 14:00:00,6719.35,6762.77,6710.88,6761.64,508560095
2021-12-15 15:00:00,6761.64,6803.89,6757.43,6801.05,992814115
2021-12-16 09:00:00,6778.42,6779.63,6759.84,6767.09,752910334
2021-12-16 10:00:00,6767.09,6779.5,6745.56,6760.72,680206842
2021-12-16 11:00:00,6760.72,6799.56,6751.5,6785.09,329812853
2021-12-16 12:00:00,6785.09,6798.81,6759.83,6775.83,186258893
2021-12-16 13:00:00,6775.83,6788.32,6749.06,6777.97,329036648
2021-12-16 14:00:00,6777.97,6791.27,6750.93,6755.21,537469179
2021-12-16 15:00:00,6755.21,6784.76,6740.89,6748.69,949149440
2021-12-17 09:00:00,6789.0,6794.14,6737.95,6738.81,687320459
2021-12-17 10:00:00,6738.81,6789.2,6729.18,6745.39,782493429
2021-12-17 11:00:00,6745.39,6789.52,6743.88,6774.43,332585994
2021-12-17 12:00:00,6774.43,6807.95,6757.95,6785.91,180139785
2021-12-17 13:00:00,6785.91,6788.49,6742.17,6755.95,323478866
2021-12-17 14:00:00,6755.95,6758.48,6717.68,6723.07,482421400
2021-12-17 15:00:00,6723.07,6751.0,6699.91,6745.27,945078676
2021-12-20 09:00:00,6754.92,6755.04,6697.82,6703.84,679592322
2021-12-20 10:00:00,6703.84,6734.44,6696.55,6709.32,653181332
2021-12-20 11:00:00,6709.32,6735.86,6681.03,6725.97,296591951
2021-12-20 12:00:00,6725.97,6742.87,6711.29,6728.27,181448492
2021-12-20 13:00:00,6728.27,6758.63,6723.48,6730.26,296005162
2021-12-20 14:00:00,6730.26,6735.36,6702.58,6715.75,484190029
2021-12-20 15:00:00,6715.75,6752.05,6711.83,6740.8,856893986
2021-12-21 09:00:00,6720.59,6744.64,6716.92,6740.5,349498478
2021-12-21 10:00:00,6740.5,6774.49,6728.34,6757.83,384442363
2021-12-21 11:00:00,6757.83,6764.79,6731.17,6733.27,191520887
2021-12-21 12:00:00,6733.27,6766.41,6723.28,6759.71,97768887
2021-12-21 13:00:00,6759.71,6769.65,6714.52,6723.38,156367326
2021-12-21 14:00:00,6723.38,6731.53,6687.95,6696.54,242783985
2021-12-21 15:00:00,6696.54,6700.55,6669.77,6699.75,484346536
2021-12-22 09:00:00,6710.77,6730.86,6705.02,6729.53,674132611
2021-12-22 10:00:00,6729.53,6772.95,6726.8,6754.99,627983434
2021-12-22 11:00:00,6754.99,6775.08,6722.32,6724.76,298464185
2021-12-22 12:00:00,6724.76,6736.98,6688.83,6710.4,169410200
2021-12-22 13:00:00,6710.4,6737.39,6662.5,6675.87,272296975
2021-12-22 14:00:00,6675.87,6717.28,6673.14,6704.14,446045602
2021-12-22 15:00:00,6704.14,6741.82,6698.23,6716.7,832447503
2021-12-23 09:00:00,6696.33,6724.9,6693.55,6714.34,744597610
2021-12-23 10:00:00,6714.34,6752.48,6709.44,6726.61,785225428
2021-12-23 11:00:00,6726.61,6758.54,6721.42,6754.46,368901878
2021-12-23 12:00:00,6754.46,6756.44,6720.03,6724.92,220340010
2021-12-23 13:00:00,6724.92,6737.43,6706.31,6727.88,354724351
2021-12-23 14:00:00,6727.88,6785.28,6724.36,6777.42,492882541
2021-12-23 15:00:00,6777.42,6798.86,6770.19,6781.8,1048785397
2021-12-27 09:00:00,6822.61,6831.29,6796.27,6796.95,601417762
2021-12-27 10:00:00,6796.95,6818.93,6780.82,6795.01,717010324
2021-12-27 11:00:00,6795.01,6837.05,6779.28,6834.63,368963158
2021-12-27 12:00:00,6834.63,6836.49,6794.32,6826.8,172482435
2021-12-27 13:00:00,6826.8,6857.47,6815.33,6854.95,293188837
2021-12-27 14:00:00,6854.95,6886.34,6852.54,6876.53,484743883
2021-12-27 15:00:00,6876.53,6880.75,6841.57,6869.91,898395447
2021-12-28 09:00:00,6862.76,6870.25,6849.42,6850.15,628916959
2021-12-28 10:00:00,6850.15,6889.77,6824.01,6889.1,828639025
2021-12-28 11:00:00,6889.1,6920.01,6869.87,6873.76,368686387
2021-12-28 12:00:00,6873.76,6895.84,6843.21,6889.56,182664045
2021-12-28 13:00:00,6889.56,6895.44,6852.59,6869.78,355263820
2021-12-28 14:00:00,6869.78,6924.45,6863.06,6907.99,484009460
2021-12-28 15:00:00,6907.99,6921.34,6892.46,6913.02,920029830
2021-12-29 09:00:00,6934.02,6941.41,6903.57,6908.78,686611786
2021-12-29 10:00:00,6908.78,6998.08,6880.75,6989.92,811010350
2021-12-29 11:00:00,6989.92,7033.58,6979.35,7019.29,334080483
2021-12-29 12:00:00,7019.29,7021.63,6976.27,6983.29,172839230
2021-12-29 13:00:00,6983.29,7024.1,6978.37,7003.01,330625813
2021-12-29 14:00:00,7003.01,7006.4,6979.25,6994.22,461955997
2021-12-29 15:00:00,6994.22,7006.81,6980.05,6984.65,910796621
2021-12-30 09:00:00,6974.91,6999.58,6963.06,6977.04,715585085
2021-12-30 10:00:00,6977.04,6986.9,6949.81,6979.84,824566906
2021-12-30 11:00:00,6979.84,6994.43,6963.59,6989.97,361778547
2021-12-30 12:00:00,6989.97,7015.16,6979.85,6992.74,176568133
2021-12-30 13:00:00,6992.74,7004.82,6944.65,6980.55,313579546
2021-12-30 14:00:00,6980.55,6980.73,6910.39,6914.14,486703495
2021-12-30 15:00:00,6914.14,6985.64,6913.46,6977.76,911947219
2021-12-31 09:00:00,6963.88,6966.43,6935.64,6947.5,577099125
2021-12-31 10:00:00,6947.5,6965.85,6936.83,6961.49,678029594
2021-12-31 11:00:00,6961.49,6966.94,6918.71,6935.65,307386695
2021-12-31 12:00:00,6935.65,6987.4,6929.38,6983.94,157879461
2021-12-31 13:00:00,6983.94,6984.4,6950.14,6959.48,285151952
2021-12-31 14:00:00,6959.48,6961.08,6907.24,6936.14,440943394
2021-12-31 15:00:00,6936.14,6953.73,6902.1,6905.02,856464322
2022-01-03 09:00:00,6930.7,6931.75,6900.31,6909.82,646667753
2022-01-03 10:00:00,6909.82,6923.9,6874.21,6906.33,816887471
2022-01-03 11:00:00,6906.33,6907.21,6869.87,6874.32,347616121
2022-01-03 12:00:00,6874.32,6903.62,6856.9,6862.79,216334876
2022-01-03 13:00:00,6862.79,6884.25,6832.61,6882.2,307612664
2022-01-03 14:00:00,6882.2,6887.85,6763.72,6766.03,535708048
2022-01-03 15:00:00,6766.03,6780.41,6746.04,6748.5,1049546356
2022-01-04 09:00:00,6730.26,6750.39,6716.52,6716.82,504186938
2022-01-04 10:00:00,6716.82,6721.45,6672.75,6682.0,472235233
2022-01-04 11:00:00,6682.0,6717.53,6661.74,6705.25,253187508
2022-01-04 12:00:00,6705.25,6711.53,6674.98,6687.46,121904537
2022-01-04 13:00:00,6687.46,6717.08,6682.25,6709.34,194624218
2022-01-04 14:00:00,6709.34,6725.6,6690.9,6697.2,287990475
2022-01-04 15:00:00,6697.2,6706.84,6670.68,6676.24,616339984
2022-01-05 09:00:00,6676.77,6705.24,6675.13,6694.38,488460745
2022-01-05 10:00:00,6694.38,6715.21,6677.01,6701.48,569987714
2022-01-05 11:00:00,6701.48,6711.15,6675.88,6692.37,278041105
2022-01-05 12:00:00,6692.37,6711.28,6668.13,6669.01,149657398
2022-01-05 13:00:00,6669.01,6693.48,6660.01,6676.26,258245134
2022-01-05 14:00:00,6676.26,6693.18,6668.02,6686.46,358350586
2022-01-05 15:00:00,6686.46,6718.04,6669.08,6680.37,791084460
2022-01-06 09:00:00,6695.96,6723.95,6688.01,6720.05,642004790
2022-01-06 10:00:00,6720.05,6723.47,6688.65,6702.48,716445192
2022-01-06 11:00:00,6702.48,6725.21,6658.15,6661.42,366394488
2022-01-06 12:00:00,6661.42,6675.54,6647.23,6663.18,171513136
2022-01-06 13:00:00,6663.18,6664.29,6590.64,6593.79,232141899
2022-01-06 14:00:00,6593.79,6613.79,6587.46,6592.0,507411592
2022-01-06 15:00:00,6592.0,6625.51,6589.77,6611.33,895767933
2022-01-07 09:00:00,6599.0,6621.12,6595.07,6610.45,875102853
2022-01-07 10:00:00,6610.45,6676.94,6609.67,6661.95,1027542565
2022-01-07 11:00:00,6661.95,6696.39,6636.07,6696.08,444930026
2022-01-07 12:00:00,6696.08,6730.05,6694.28,6721.41,242056547
2022-01-07 13:00:00,6721.41,6767.11,6720.58,6756.62,399897310
2022-01-07 14:00:00,6756.62,6768.5,6736.6,6757.55,709653326
2022-01-07 15:00:00,6757.55,6766.19,6731.05,6736.6,1286902882
2022-01-10 09:00:00,6725.71,6743.5,6720.85,6739.51,854926189
2022-01-10 10:00:00,6739.51,6749.15,6712.22,6713.9,769700970
2022-01-10 11:00:00,6713.9,6720.23,6675.09,6696.78,354230456
2022-01-10 12:00:00,6696.78,6721.79,6667.5,6673.76,184915770
2022-01-10 13:00:00,6673.76,6701.35,6640.57,6642.9,295601538
2022-01-10 14:00:00,6642.9,6663.58,6638.56,6651.78,443700146
2022-01-10 15:00:00,6651.78,6666.15,6631.11,6650.33,933471689
2022-01-11 09:00:00,6676.65,6684.14,6666.67,6669.12,727209030
2022-01-11 10:00:00,6669.12,6691.04,6618.37,6647.47,782732312
2022-01-11 11:00:00,6647.47,6678.28,6631.73,6640.81,343583715
2022-01-11 12:00:00,6640.81,6701.64,6636.24,6663.79,200436899
2022-01-11 13:00:00,6663.79,6700.36,6655.87,6670.01,337566311
2022-01-11 14:00:00,6670.01,6701.45,6661.02,6686.61,555383963
2022-01-11 15:00:00,6686.61,6747.45,6679.27,6744.16,959939741
2022-01-12 09:00:00,6737.53,6741.5,6706.45,6707.96,841484987
2022-01-12 10:00:00,6707.96,6728.75,6688.43,6690.94,918740068
2022-01-12 11:00:00,6690.94,6700.48,6668.27,6695.27,446629799
2022-01-12 12:00:00,6695.27,6732.93,6692.94,6725.29,243100230
2022-01-12 13:00:00,6725.29,6777.89,6723.4,6767.12,423758239
2022-01-12 14:00:00,6767.12,6773.55,6712.62,6714.81,584778488
2022-01-12 15:00:00,6714.81,6729.46,6704.89,6711.43,1232623091
2022-01-13 09:00:00,6710.35,6722.3,6670.48,6677.49,759246867
2022-01-13 10:00:00,6677.49,6688.68,6652.7,6675.69,739125332
2022-01-13 11:00:00,6675.69,6683.51,6658.65,6666.32,344873785
2022-01-13 12:00:00,6666.32,6686.38,6654.77,6682.45,185608754
2022-01-13 13:00:00,6682.45,6696.36,6668.29,6670.77,322282581
2022-01-13 14:00:00,6670.77,6673.22,6625.29,6635.58,516009338
2022-01-13 15:00:00,6635.58,6653.93,6624.06,6643.17,973016594
2022-01-14 09:00:00,6639.77,6651.55,6630.59,6641.88,483149678
2022-01-14 10:00:00,6641.88,6654.8,6589.89,6598.24,537798612
2022-01-14 11:00:00,6598.24,6607.45,6572.01,6581.61,265379432
2022-01-14 12:00:00,6581.61,6618.57,6579.15,6593.09,139462447
2022-01-14 13:00:00,6593.09,6602.2,6567.56,6590.34,237724748
2022-01-14 14:00:00,6590.34,6637.44,6589.78,6630.27,354524769
2022-01-14 15:00:00,6630.27,6640.03,6582.76,6587.11,644314302
2022-01-18 09:00:00,6576.68,6598.23,6567.75,6588.36,756819515
2022-01-18 10:00:00,6588.36,6600.42,6541.09,6542.71,850236677
2022-01-18 11:00:00,6542.71,6549.62,6515.08,6520.07,366625075
2022-01-18 12:00:00,6520.07,6538.26,6482.06,6489.27,209843444
2022-01-18 13:00:00,6489.27,6508.53,6483.78,6491.47,333391963
2022-01-18 14:00:00,6491.47,6515.62,6484.36,6504.27,517565224
2022-01-18 15:00:00,6504.27,6544.85,6504.08,6537.61,1055401090
2022-01-19 09:00:00,6528.0,6555.37,6527.5,6541.04,364854307
2022-01-19 10:00:00,6541.04,6573.96,6406.9,6409.14,392221868
2022-01-19 11:00:00,6409.14,6458.77,6409.11,6437.68,184136497
2022-01-19 12:00:00,6437.68,6488.15,6429.09,6482.16,100794594
2022-01-19 13:00:00,6482.16,6506.5,6462.72,6491.6,156407339
2022-01-19 14:00:00,6491.6,6513.22,6475.83,6480.27,228857407
2022-01-19 15:00:00,6480.27,6503.18,6478.07,6486.39,416934579
2022-01-20 09:00:00,6499.6,6517.08,6486.23,6487.05,431951075
2022-01-20 10:00:00,6487.05,6508.43,6478.34,6478.58,479704076
2022-01-20 11:00:00,6478.58,6490.42,6463.7,6474.38,269383274
2022-01-20 12:00:00,6474.38,6487.24,6452.68,6482.06,135308336
2022-01-20 13:00:00,6482.06,6495.43,6463.09,6465.41,228775416
2022-01-20 14:00:00,6465.41,6492.26,6450.38,6482.95,370709829
2022-01-20 15:00:00,6482.95,6510.97,6466.74,6476.65,674988487
2022-01-21 09:00:00,6483.64,6515.61,6472.95,6509.58,617705676
2022-01-21 10:00:00,6509.58,6586.69,6508.2,6574.83,741185566
2022-01-21 11:00:00,6574.83,6606.29,6550.68,6600.05,324187840
2022-01-21 12:00:00,6600.05,6619.55,6592.84,6602.12,170867708
2022-01-21 13:00:00,6602.12,6664.25,6598.22,6639.86,278214863
2022-01-21 14:00:00,6639.86,6724.97,6639.02,6724.48,427729063
2022-01-21 15:00:00,6724.48,6745.94,6714.47,6744.55,1017486659
2022-01-24 09:00:00,6746.58,6756.84,6703.26,6706.42,707725673
2022-01-24 10:00:00,6706.42,6707.82,6682.06,6693.03,716465739
2022-01-24 11:00:00,6693.03,6703.39,6680.48,6697.37,362084894
2022-01-24 12:00:00,6697.37,6702.85,6665.85,6680.36,209240336
2022-01-24 13:00:00,6680.36,6693.59,6620.78,6623.55,317490578
2022-01-24 14:00:00,6623.55,6639.31,6587.74,6601.22,556215082
2022-01-24 15:00:00,6601.22,6631.49,6584.51,6630.72,902681044
2022-01-25 09:00:00,6620.05,6632.62,6576.38,6591.25,431505386
2022-01-25 10:00:00,6591.25,6608.68,6546.3,6586.46,516648043
2022-01-25 11:00:00,6586.46,6617.74,6559.93,6567.22,246605147
2022-01-25 12:00:00,6567.22,6601.71,6559.06,6586.56,121052590
2022-01-25 13:00:00,6586.56,6627.51,6582.16,6624.44,235853549
2022-01-25 14:00:00,6624.44,6642.49,6584.84,6592.89,347679920
2022-01-25 15:00:00,6592.89,6593.28,6551.33,6564.02,688851017
2022-01-26 09:00:00,6586.94,6618.14,6571.65,6579.22,660981748
2022-01-26 10:00:00,6579.22,6594.13,6493.19,6534.96,661649285
2022-01-26 11:00:00,6534.96,6552.18,6511.31,6530.64,345611758
2022-01-26 12:00:00,6530.64,6563.8,6529.4,6557.7,182106960
2022-01-26 13:00:00,6557.7,6601.36,6547.84,6593.78,268718956
2022-01-26 14:00:00,6593.78,6609.82,6583.14,6600.4,478718211
2022-01-26 15:00:00,6600.4,6639.01,6594.81,6624.13,855711748
2022-01-27 09:00:00,6614.18,6628.96,6605.5,6622.34,833087963
2022-01-27 10:00:00,6622.34,6645.76,6616.96,6623.78,991056977
2022-01-27 11:00:00,6623.78,6637.24,6586.09,6597.67,427793191
2022-01-27 12:00:00,6597.67,6656.65,6585.82,6633.98,239882104
2022-01-27 13:00:00,6633.98,6650.7,6599.56,6618.87,335668507
2022-01-27 14:00:00,6618.87,6659.05,6615.48,6651.39,614310192
2022-01-27 15:00:00,6651.39,6657.55,6602.9,6617.52,945563804
2022-01-28 09:00:00,6619.47,6640.74,6600.89,6636.0,660650092
2022-01-28 10:00:00,6636.0,6645.21,6606.16,6630.05,724235539
2022-01-28 11:00:00,6630.05,6636.24,6584.12,6602.59,349856100
2022-01-28 12:00:00,6602.59,6607.69,6569.43,6607.6,173400840
2022-01-28 13:00:00,6607.6,6624.46,6593.69,6608.72,300275285
2022-01-28 14:00:00,6608.72,6629.05,6589.01,6609.34,454296451
2022-01-28 15:00:00,6609.34,6625.08,6583.84,6587.95,827220037
2022-01-31 09:00:00,6604.35,6633.56,6597.21,6629.22,729838757
2022-01-31 10:00:00,6629.22,6666.72,6626.27,6645.46,784459912
2022-01-31 11:00:00,6645.46,6646.4,6596.51,6602.06,364575122
2022-01-31 12:00:00,6602.06,6617.26,6579.68,6615.76,200493724
2022-01-31 13:00:00,6615.76,6647.57,6607.59,6620.52,299002433
2022-01-31 14:00:00,6620.52,6666.0,6619.39,6640.09,474168779
2022-01-31 15:00:00,6640.09,6699.36,6634.7,6693.63,1094418635
2022-02-01 09:00:00,6689.16,6727.4,6678.58,6726.42,1163039652
2022-02-01 10:00:00,6726.42,6727.59,6625.71,6628.43,1365441082
2022-02-01 11:00:00,6628.43,6685.55,6621.36,6665.99,609567413
2022-02-01 12:00:00,6665.99,6684.03,6656.6,6671.57,332435899
2022-02-01 13:00:00,6671.57,6711.01,6662.08,6701.83,547096584
2022-02-01 14:00:00,6701.83,6723.76,6696.59,6699.49,845092383
2022-02-01 15:00:00,6699.49,6700.35,6642.13,6649.69,1821259386
2022-02-02 09:00:00,6650.61,6675.93,6643.11,6652.53,587503769
2022-02-02 10:00:00,6652.53,6684.83,6648.66,6679.83,647361499
2022-02-02 11:00:00,6679.83,6692.65,6636.22,6646.76,267906530
2022-02-02 12:00:00,6646.76,6683.92,6641.15,6679.63,144346256
2022-02-02 13:00:00,6679.63,6720.77,6665.71,6713.72,249408345
2022-02-02 14:00:00,6713.72,6724.43,6680.02,6701.93,377519458
2022-02-02 15:00:00,6701.93,6722.94,6676.51,6687.59,817644640
2022-02-03 09:00:00,6682.18,6704.22,6677.15,6698.09,515235316
2022-02-03 10:00:00,6698.09,6709.22,6655.61,6668.13,561798671
2022-02-03 11:00:00,6668.13,6723.67,6666.29,6707.86,265481661
2022-02-03 12:00:00,6707.86,6708.22,6682.12,6697.73,141295069
2022-02-03 13:00:00,6697.73,6698.3,6662.9,6685.16,215447743
2022-02-03 14:00:00,6685.16,6688.51,6641.36,6679.97,365896689
2022-02-03 15:00:00,6679.97,6726.65,6673.83,6711.3,670488950
2022-02-04 09:00:00,6707.87,6742.74,6706.5,6742.2,720498713
2022-02-04 10:00:00,6742.2,6757.86,6718.35,6725.05,718987603
2022-02-04 11:00:00,6725.05,6747.56,6695.02,6697.5,384167725
2022-02-04 12:00:00,6697.5,6760.61,6697.47,6751.96,199191020
2022-02-04 13:00:00,6751.96,6755.09,6721.76,6735.73,314225459
2022-02-04 14:00:00,6735.73,6787.85,6722.81,6786.56,457555383
2022-02-04 15:00:00,6786.56,6811.58,6768.98,6804.62,973386297
2022-02-07 09:00:00,6839.91,6868.05,6839.54,6854.95,992033808
2022-02-07 10:00:00,6854.95,6854.98,6810.74,6816.2,1083085137
2022-02-07 11:00:00,6816.2,6857.93,6813.26,6844.26,508478102
2022-02-07 12:00:00,6844.26,6847.79,6790.75,6808.42,278876482
2022-02-07 13:00:00,6808.42,6841.77,6803.95,6829.14,486856287
2022-02-07 14:00:00,6829.14,6859.04,6828.24,6846.59,734641735
2022-02-07 15:00:00,6846.59,6863.28,6820.6,6843.66,1306104536
2022-02-08 09:00:00,6877.22,6884.92,6866.28,6867.18,604495294
2022-02-08 10:00:00,6867.18,6868.54,6827.45,6841.79,622947652
2022-02-08 11:00:00,6841.79,6858.62,6824.78,6858.44,289421745
2022-02-08 12:00:00,6858.44,6867.18,6825.29,6856.56,168488469
2022-02-08 13:00:00,6856.56,6878.78,6800.73,6876.82,254055269
2022-02-08 14:00:00,6876.82,6932.67,6862.11,6901.21,364299796
2022-02-08 15:00:00,6901.21,6931.28,6874.31,6920.1,749122114
2022-02-09 09:00:00,6946.52,6977.27,6945.67,6966.38,497913417
2022-02-09 10:00:00,6966.38,7003.5,6957.01,6981.36,596086063
2022-02-09 11:00:00,6981.36,6997.36,6944.01,6954.29,237862231
2022-02-09 12:00:00,6954.29,6957.15,6931.22,6951.24,137713519
2022-02-09 13:00:00,6951.24,6967.95,6927.13,6941.75,238267969
2022-02-09 14:00:00,6941.75,6949.53,6917.24,6929.26,359478562
2022-02-09 15:00:00,6929.26,6940.96,6906.8,6937.38,732473675
2022-02-10 09:00:00,6955.34,6959.4,6924.95,6939.32,426693679
2022-02-10 10:00:00,6939.32,6964.51,6925.2,6942.24,518982585
2022-02-10 11:00:00,6942.24,6946.44,6899.96,6909.53,243597765
2022-02-10 12:00:00,6909.53,6940.36,6891.08,6892.48,124638656
2022-02-10 13:00:00,6892.48,6903.95,6860.08,6877.53,200210198
2022-02-10 14:00:00,6877.53,6893.34,6872.33,6884.53,361775808
2022-02-10 15:00:00,6884.53,6914.86,6878.5,6914.14,652276728
2022-02-11 09:00:00,6931.98,6938.21,6914.4,6933.54,502426477
2022-02-11 10:00:00,6933.54,7006.33,6931.74,7003.29,616202111
2022-02-11 11:00:00,7003.29,7039.79,6991.45,7021.48,282226008
2022-02-11 12:00:00,7021.48,7034.85,7003.03,7010.59,139490786
2022-02-11 13:00:00,7010.59,7026.16,6991.54,7013.19,237540757
2022-02-11 14:00:00,7013.19,7052.94,7008.14,7029.12,395911583
2022-02-11 15:00:00,7029.12,7087.53,7016.91,7081.26,686087751
2022-02-14 09:00:00,7099.47,7116.45,7078.56,7086.62,683716058
2022-02-14 10:00:00,7086.62,7149.75,7072.07,7141.43,835851123
2022-02-14 11:00:00,7141.43,7193.48,7132.57,7185.08,391240649
2022-02-14 12:00:00,7185.08,7215.43,7158.19,7164.2,204656248
2022-02-14 13:00:00,7164.2,7166.02,7126.33,7150.31,287587255
2022-02-14 14:00:00,7150.31,7164.25,7130.71,7137.01,533348659
2022-02-14 15:00:00,7137.01,7142.61,7083.5,7084.58,1009564617
2022-02-15 09:00:00,7140.09,7143.77,7120.87,7131.6,741944137
2022-02-15 10:00:00,7131.6,7161.49,7117.82,7138.69,734952389
2022-02-15 11:00:00,7138.69,7139.29,7083.46,7093.82,371831810
2022-02-15 12:00:00,7093.82,7109.43,7059.88,7079.81,195573128
2022-02-15 13:00:00,7079.81,7119.44,7070.65,7115.85,319512972
2022-02-15 14:00:00,7115.85,7133.18,7074.8,7110.32,513735640
2022-02-15 15:00:00,7110.32,7129.2,7100.61,7126.09,988779115
2022-02-16 09:00:00,7120.43,7147.64,7113.09,7136.46,672378985
2022-02-16 10:00:00,7136.46,7142.28,7111.05,7124.41,943809428
2022-02-16 11:00:00,7124.41,7140.34,7087.2,7089.53,454228373
2022-02-16 12:00:00,7089.53,7099.9,7053.86,7077.02,214685604
2022-02-16 13:00:00,7077.02,7093.91,7057.71,7090.47,396516645
2022-02-16 14:00:00,7090.47,7092.29,7048.67,7072.12,540044525
2022-02-16 15:00:00,7072.12,7085.35,7063.0,7074.76,1291167179
2022-02-17 09:00:00,7093.44,7094.58,7068.06,7076.15,789727578
2022-02-17 10:00:00,7076.15,7080.39,7030.0,7042.79,741530075
2022-02-17 11:00:00,7042.79,7046.08,6995.19,7023.58,399328374
2022-02-17 12:00:00,7023.58,7054.35,7008.41,7009.83,190683828
2022-02-17 13:00:00,7009.83,7051.44,7008.07,7026.32,341598404
2022-02-17 14:00:00,7026.32,7062.38,7011.22,7061.1,496201398
2022-02-17 15:00:00,7061.1,7073.06,7028.86,7064.68,1072544931
2022-02-18 09:00:00,7028.58,7036.49,7019.75,7021.11,475943232
2022-02-18 10:00:00,7021.11,7053.05,7006.26,7027.96,516412784
2022-02-18 11:00:00,7027.96,7060.52,7019.75,7024.48,239154725
2022-02-18 12:00:00,7024.48,7054.84,7015.94,7032.09,127060526
2022-02-18 13:00:00,7032.09,7077.81,7017.18,7071.27,203697515
2022-02-18 14:00:00,7071.27,7096.36,7033.78,7084.84,308253959
2022-02-18 15:00:00,7084.84,7088.97,7018.87,7038.17,563467959
2022-02-22 09:00:00,7013.91,7041.47,7006.97,7035.05,878665248
2022-02-22 10:00:00,7035.05,7054.72,7030.16,7048.97,966283287
2022-02-22 11:00:00,7048.97,7051.73,7024.29,7026.26,419146754
2022-02-22 12:00:00,7026.26,7060.06,7008.74,7057.4,258004332
2022-02-22 13:00:00,7057.4,7060.21,6993.29,6993.69,349191204
2022-02-22 14:00:00,6993.69,7008.38,6974.5,7001.26,658948327
2022-02-22 15:00:00,7001.26,7017.26,6985.66,6987.61,1202557991
2022-02-23 09:00:00,6970.7,6986.52,6967.38,6974.56,817285625
2022-02-23 10:00:00,6974.56,6999.88,6926.49,6937.47,742413660
2022-02-23 11:00:00,6937.47,6945.65,6899.73,6900.32,314470277
2022-02-23 12:00:00,6900.32,6921.87,6880.83,6906.02,187621185
2022-02-23 13:00:00,6906.02,6906.27,6825.51,6826.04,320058668
2022-02-23 14:00:00,6826.04,6852.68,6805.24,6842.58,551819988
2022-02-23 15:00:00,6842.58,6875.64,6796.5,6798.31,1017091793
2022-02-24 09:00:00,6794.51,6795.93,6771.94,6782.92,337491176
2022-02-24 10:00:00,6782.92,6804.26,6760.74,6778.87,355485111
2022-02-24 11:00:00,6778.87,6832.04,6768.26,6810.48,175942308
2022-02-24 12:00:00,6810.48,6929.62,6809.52,6929.11,98166889
2022-02-24 13:00:00,6929.11,6941.45,6912.56,6934.92,162036263
2022-02-24 14:00:00,6934.92,6936.28,6904.57,6907.11,234414045
2022-02-24 15:00:00,6907.11,6917.12,6880.19,6901.43,475411007
2022-02-25 09:00:00,6876.64,6915.51,6872.13,6897.57,587953638
2022-02-25 10:00:00,6897.57,6956.1,6896.78,6949.13,665958363
2022-02-25 11:00:00,6949.13,6967.57,6935.2,6953.33,343510334
2022-02-25 12:00:00,6953.33,6957.81,6877.14,6924.6,159795634
2022-02-25 13:00:00,6924.6,6953.0,6923.77,6938.71,249458829
2022-02-25 14:00:00,6938.71,6996.59,6936.29,6987.2,490579815
2022-02-25 15:00:00,6987.2,7019.34,6970.6,7017.26,895794812
2022-02-28 09:00:00,7071.14,7083.02,7045.39,7080.16,322243401
2022-02-28 10:00:00,7080.16,7081.48,7038.7,7051.02,296486856
2022-02-28 11:00:00,7051.02,7088.49,7047.37,7086.0,165720614
2022-02-28 12:00:00,7086.0,7092.65,7057.82,7059.08,77999513
2022-02-28 13:00:00,7059.08,7073.22,7022.79,7032.59,122542886
2022-02-28 14:00:00,7032.59,7069.13,7030.92,7044.42,194354113
2022-02-28 15:00:00,7044.42,7071.47,7030.76,7044.62,444587861
2022-03-01 09:00:00,7017.67,7077.38,7014.95,7074.5,905054021
2022-03-01 10:00:00,7074.5,7074.62,7010.97,7021.27,917247582
2022-03-01 11:00:00,7021.27,7053.19,7019.22,7035.69,578461289
2022-03-01 12:00:00,7035.69,7045.17,7007.61,7013.36,258424448
2022-03-01 13:00:00,7013.36,7014.01,6971.42,7004.39,454897300
2022-03-01 14:00:00,7004.39,7022.98,6980.26,6986.04,748962975
2022-03-01 15:00:00,6986.04,7038.28,6970.79,7029.38,1415636749
2022-03-02 09:00:00,7028.8,7045.51,6996.13,7001.98,586456232
2022-03-02 10:00:00,7001.98,7010.65,6965.74,7002.71,640275886
2022-03-02 11:00:00,7002.71,7009.28,6962.63,6969.61,334314874
2022-03-02 12:00:00,6969.61,6980.51,6945.61,6976.58,184782778
2022-03-02 13:00:00,6976.58,6982.23,6946.85,6959.26,253007525
2022-03-02 14:00:00,6959.26,7000.27,6947.2,6975.36,454559946
2022-03-02 15:00:00,6975.36,7015.27,6968.85,7001.09,893593569
2022-03-03 09:00:00,7004.07,7005.74,6951.09,6951.2,606232163
2022-03-03 10:00:00,6951.2,6967.9,6935.23,6953.75,550739124
2022-03-03 11:00:00,6953.75,6995.19,6948.98,6989.68,271694921
2022-03-03 12:00:00,6989.68,7025.94,6982.01,7016.42,166958379
2022-03-03 13:00:00,7016.42,7038.91,6997.1,6999.48,240288048
2022-03-03 14:00:00,6999.48,7008.02,6966.45,6979.98,388225243
2022-03-03 15:00:00,6979.98,6983.2,6942.17,6953.57,713602577
2022-03-04 09:00:00,6909.09,6914.31,6887.62,6906.68,567125038
2022-03-04 10:00:00,6906.68,6929.45,6904.3,6915.75,656515178
2022-03-04 11:00:00,6915.75,6959.25,6900.19,6955.39,314031249
2022-03-04 12:00:00,6955.39,7030.98,6887.73,6889.64,162312829
2022-03-04 13:00:00,6889.64,6911.61,6875.63,6893.63,261612214
2022-03-04 14:00:00,6893.63,6905.42,6880.53,6889.7,435287064
2022-03-04 15:00:00,6889.7,6902.57,6828.84,6836.0,754081181
2022-03-07 09:00:00,6850.85,6878.24,6846.93,6875.05,611157395
2022-03-07 10:00:00,6875.05,6877.72,6815.61,6818.56,700219875
2022-03-07 11:00:00,6818.56,6846.19,6807.94,6827.76,333428797
2022-03-07 12:00:00,6827.76,6840.65,6808.81,6811.64,154382821
2022-03-07 13:00:00,6811.64,6819.15,6756.54,6766.06,278501000
2022-03-07 14:00:00,6766.06,6780.56,6745.45,6768.11,450663175
2022-03-07 15:00:00,6768.11,6774.18,6749.14,6769.59,903405605
2022-03-08 09:00:00,6743.12,6759.28,6729.34,6732.02,488728535
2022-03-08 10:00:00,6732.02,6784.97,6722.05,6767.87,382071035
2022-03-08 11:00:00,6767.87,6785.38,6758.26,6771.98,252228444
2022-03-08 12:00:00,6771.98,6792.97,6748.56,6750.76,116797556
2022-03-08 13:00:00,6750.76,6753.55,6703.24,6721.09,184173486
2022-03-08 14:00:00,6721.09,6779.98,6720.73,6773.57,286002974
2022-03-08 15:00:00,6773.57,6796.71,6754.62,6769.11,580274267
2022-03-09 09:00:00,6803.47,6804.18,6774.69,6784.38,579488472
2022-03-09 10:00:00,6784.38,6787.23,6727.09,6743.64,456932682
2022-03-09 11:00:00,6743.64,6761.74,6692.11,6701.64,249802662
2022-03-09 12:00:00,6701.64,6702.8,6673.24,6687.93,125712130
2022-03-09 13:00:00,6687.93,6711.4,6632.79,6644.2,210255195
2022-03-09 14:00:00,6644.2,6652.22,6626.17,6644.88,350047149
2022-03-09 15:00:00,6644.88,6708.07,6643.09,6668.91,708027915
2022-03-10 09:00:00,6705.28,6708.52,6678.44,6687.04,905804543
2022-03-10 10:00:00,6687.04,6704.77,6673.11,6682.53,849398906
2022-03-10 11:00:00,6682.53,6699.39,6626.36,6628.77,406782244
2022-03-10 12:00:00,6628.77,6640.12,6613.73,6629.66,201006133
2022-03-10 13:00:00,6629.66,6657.19,6628.29,6641.79,367183375
2022-03-10 14:00:00,6641.79,6648.48,6560.42,6562.51,557274451
2022-03-10 15:00:00,6562.51,6590.7,6556.01,6584.54,1041382344
2022-03-11 09:00:00,6616.54,6637.85,6605.75,6631.12,627222082
2022-03-11 10:00:00,6631.12,6634.41,6565.04,6565.57,596119126
2022-03-11 11:00:00,6565.57,6604.69,6559.85,6581.94,283631652
2022-03-11 12:00:00,6581.94,6612.48,6531.01,6599.33,136899319
2022-03-11 13:00:00,6599.33,6624.8,6592.87,6601.33,217976210
2022-03-11 14:00:00,6601.33,6652.95,6600.67,6651.95,374442377
2022-03-11 15:00:00,6651.95,6687.74,6651.64,6673.9,734224367
2022-03-14 09:00:00,6692.31,6693.06,6658.06,6660.07,1300573288
2022-03-14 10:00:00,6660.07,6665.08,6629.55,6636.15,1555189248
2022-03-14 11:00:00,6636.15,6647.56,6601.13,6612.26,691138224
2022-03-14 12:00:00,6612.26,6630.52,6598.14,6616.55,373843836
2022-03-14 13:00:00,6616.55,6621.61,6593.29,6616.27,582426315
2022-03-14 14:00:00,6616.27,6634.05,6599.64,6632.22,917630441
2022-03-14 15:00:00,6632.22,6658.87,6628.59,6643.36,1967978103
2022-03-15 09:00:00,6641.68,6650.36,6609.22,6627.4,818890129
2022-03-15 10:00:00,6627.4,6671.05,6618.1,6664.56,843489682
2022-03-15 11:00:00,6664.56,6694.53,6663.34,6673.44,412895643
2022-03-15 12:00:00,6673.44,6683.05,6639.07,6679.58,206020175
2022-03-15 13:00:00,6679.58,6702.5,6656.25,6657.53,322792246
2022-03-15 14:00:00,6657.53,6681.6,6656.8,6676.92,558165041
2022-03-15 15:00:00,6676.92,6704.57,6651.08,6657.43,1141250708
2022-03-16 09:00:00,6615.1,6644.18,6614.61,6631.07,757594431
2022-03-16 10:00:00,6631.07,6658.89,6626.93,6648.77,695922151
2022-03-16 11:00:00,6648.77,6708.75,6634.7,6696.74,371464814
2022-03-16 12:00:00,6696.74,6707.2,6678.96,6681.8,204919213
2022-03-16 13:00:00,6681.8,6686.05,6653.01,6682.32,317226093
2022-03-16 14:00:00,6682.32,6683.03,6643.04,6646.64,476734734
2022-03-16 15:00:00,6646.64,6665.51,6637.16,6653.29,1005700710
2022-03-17 09:00:00,6688.13,6691.87,6659.14,6661.41,730164360
2022-03-17 10:00:00,6661.41,6682.27,6635.97,6657.16,749062357
2022-03-17 11:00:00,6657.16,6670.01,6638.15,6651.73,437039488
2022-03-17 12:00:00,6651.73,6653.53,6601.26,6602.1,221679381
2022-03-17 13:00:00,6602.1,6623.07,6577.08,6605.42,351630132
2022-03-17 14:00:00,6605.42,6615.74,6575.03,6575.31,530594926
2022-03-17 15:00:00,6575.31,6593.64,6560.13,6578.95,1090241280
2022-03-18 09:00:00,6595.67,6636.21,6594.74,6623.19,516064426
2022-03-18 10:00:00,6623.19,6638.49,6579.15,6588.48,591160278
2022-03-18 11:00:00,6588.48,6592.82,6500.55,6512.6,293610810
2022-03-18 12:00:00,6512.6,6558.63,6510.9,6511.33,157639174
2022-03-18 13:00:00,6511.33,6531.12,6498.14,6521.64,259620432
2022-03-18 14:00:00,6521.64,6546.13,6509.74,6536.46,415179272
2022-03-18 15:00:00,6536.46,6544.1,6469.91,6471.19,769545201
2022-03-21 09:00:00,6460.18,6468.85,6447.46,6448.07,458261472
2022-03-21 10:00:00,6448.07,6479.51,6445.79,6464.49,573682778
2022-03-21 11:00:00,6464.49,6497.68,6446.34,6470.28,229235608
2022-03-21 12:00:00,6470.28,6475.91,6444.43,6468.25,140055355
2022-03-21 13:00:00,6468.25,6483.35,6448.87,6459.05,247044356
2022-03-21 14:00:00,6459.05,6459.1,6425.07,6425.83,369797821
2022-03-21 15:00:00,6425.83,6444.22,6405.19,6442.01,682295550
2022-03-22 09:00:00,6459.69,6467.27,6438.17,6455.15,553397625
2022-03-22 10:00:00,6455.15,6461.62,6420.96,6434.27,551929954
2022-03-22 11:00:00,6434.27,6445.63,6406.6,6424.06,252140198
2022-03-22 12:00:00,6424.06,6470.93,6421.69,6467.2,151696639
2022-03-22 13:00:00,6467.2,6480.73,6423.11,6430.63,260140993
2022-03-22 14:00:00,6430.63,6456.46,6425.4,6427.41,307378153
2022-03-22 15:00:00,6427.41,6445.1,6415.02,6432.48,769742821
2022-03-23 09:00:00,6428.13,6434.48,6410.13,6424.23,763064732
2022-03-23 10:00:00,6424.23,6427.65,6386.02,6404.98,795316809
2022-03-23 11:00:00,6404.98,6431.39,6392.33,6428.63,376203380
2022-03-23 12:00:00,6428.63,6443.02,6385.88,6386.6,207586141
2022-03-23 13:00:00,6386.6,6400.16,6372.77,6391.99,338132095
2022-03-23 14:00:00,6391.99,6407.56,6387.93,6401.86,516223097
2022-03-23 15:00:00,6401.86,6466.06,6393.65,6462.01,1006240624
2022-03-24 09:00:00,6486.55,6523.67,6483.51,6523.55,1115139012
2022-03-24 10:00:00,6523.55,6562.67,6515.89,6551.55,1114786842
2022-03-24 11:00:00,6551.55,6577.01,6546.36,6565.94,487367460
2022-03-24 12:00:00,6565.94,6570.02,6521.46,6543.42,297008700
2022-03-24 13:00:00,6543.42,6568.77,6519.31,6559.38,510027772
2022-03-24 14:00:00,6559.38,6607.83,6550.25,6586.4,755294619
2022-03-24 15:00:00,6586.4,6640.62,6576.31,6620.11,1433130552
2022-03-25 09:00:00,6586.32,6604.27,6578.92,6600.24,640288972
2022-03-25 10:00:00,6600.24,6601.31,6556.94,6565.62,751449313
2022-03-25 11:00:00,6565.62,6589.81,6556.46,6585.68,349113173
2022-03-25 12:00:00,6585.68,6593.71,6517.4,6522.84,205690273
2022-03-25 13:00:00,6522.84,6522.86,6437.75,6457.54,301133396
2022-03-25 14:00:00,6457.54,6466.68,6439.1,6455.36,439479811
2022-03-25 15:00:00,6455.36,6468.31,6441.55,6443.04,896912879
2022-03-28 09:00:00,6437.01,6481.37,6427.96,6478.12,560028133
2022-03-28 10:00:00,6478.12,6515.11,6466.69,6513.41,591742298
2022-03-28 11:00:00,6513.41,6524.33,6467.37,6468.76,262712103
2022-03-28 12:00:00,6468.76,6487.53,6443.02,6483.38,140698555
2022-03-28 13:00:00,6483.38,6515.73,6474.65,6514.19,275134106
2022-03-28 14:00:00,6514.19,6531.19,6498.39,6530.25,407386745
2022-03-28 15:00:00,6530.25,6566.45,6513.33,6563.89,766624105
2022-03-29 09:00:00,6549.97,6571.52,6543.55,6568.49,577868826
2022-03-29 10:00:00,6568.49,6575.66,6542.35,6543.28,512628313
2022-03-29 11:00:00,6543.28,6568.01,6527.23,6528.01,254031543
2022-03-29 12:00:00,6528.01,6557.24,6519.65,6553.39,136802524
2022-03-29 13:00:00,6553.39,6589.12,6549.3,6568.7,204794399
2022-03-29 14:00:00,6568.7,6576.43,6524.85,6547.6,374222992
2022-03-29 15:00:00,6547.6,6561.83,6522.63,6543.24,620839943
2022-03-30 09:00:00,6530.08,6537.86,6503.53,6506.35,476050362
2022-03-30 10:00:00,6506.35,6523.57,6482.21,6489.25,446560509
2022-03-30 11:00:00,6489.25,6517.56,6480.3,6511.94,235608398
2022-03-30 12:00:00,6511.94,6518.13,6463.64,6474.78,128719153
2022-03-30 13:00:00,6474.78,6476.81,6433.48,6455.87,197429582
2022-03-30 14:00:00,6455.87,6465.4,6434.57,6442.52,307072274
2022-03-30 15:00:00,6442.52,6457.96,6434.52,6449.14,658274183
2022-03-31 09:00:00,6425.76,6441.91,6392.13,6394.19,478575001
2022-03-31 10:00:00,6394.19,6531.93,6372.1,6496.73,460447727
2022-03-31 11:00:00,6496.73,6498.83,6463.0,6486.07,243848868
2022-03-31 12:00:00,6486.07,6497.75,6454.52,6458.54,111448759
2022-03-31 13:00:00,6458.54,6460.92,6419.94,6432.48,216394646
2022-03-31 14:00:00,6432.48,6466.15,6413.54,6430.81,278251744
2022-03-31 15:00:00,6430.81,6462.05,6427.51,6455.18,626683733
2022-04-01 09:00:00,6428.46,6436.82,6415.65,6421.76,494855378
2022-04-01 10:00:00,6421.76,6448.57,6399.74,6447.05,482794551
2022-04-01 11:00:00,6447.05,6447.54,6405.27,6421.7,255929115
2022-04-01 12:00:00,6421.7,6426.07,6398.65,6425.7,125368133
2022-04-01 13:00:00,6425.7,6428.67,6388.82,6399.86,203379722
2022-04-01 14:00:00,6399.86,6404.82,6367.62,6380.11,349097837
2022-04-01 15:00:00,6380.11,6381.5,6352.51,6369.31,692803445
2022-04-04 09:00:00,6347.51,6351.2,6332.5,6345.92,545049350
2022-04-04 10:00:00,6345.92,6363.32,6334.33,6361.83,564987672
2022-04-04 11:00:00,6361.83,6404.99,6352.85,6404.67,246811376
2022-04-04 12:00:00,6404.67,6411.19,6380.64,6384.71,147925354
2022-04-04 13:00:00,6384.71,6396.2,6358.98,6362.28,250565556
2022-04-04 14:00:00,6362.28,6386.03,6340.13,6346.58,434556270
2022-04-04 15:00:00,6346.58,6349.53,6316.72,6333.85,785043208
2022-04-05 09:00:00,6337.63,6370.21,6332.04,6365.78,483272175
2022-04-05 10:00:00,6365.78,6418.84,6358.23,6413.13,474990829
2022-04-05 11:00:00,6413.13,6435.05,6406.09,6416.54,213683254
2022-04-05 12:00:00,6416.54,6472.78,6404.64,6450.16,127374700
2022-04-05 13:00:00,6450.16,6461.71,6432.15,6441.35,207460812
2022-04-05 14:00:00,6441.35,6456.48,6429.22,6433.17,351808693
2022-04-05 15:00:00,6433.17,6447.44,6418.33,6443.71,614724238
2022-04-06 09:00:00,6438.34,6449.74,6429.24,6448.42,555764991
2022-04-06 10:00:00,6448.42,6463.61,6428.51,6430.29,568997051
2022-04-06 11:00:00,6430.29,6472.48,6426.03,6460.71,294150027
2022-04-06 12:00:00,6460.71,6465.12,6429.07,6443.49,153883958
2022-04-06 13:00:00,6443.49,6466.73,6425.33,6466.1,229443313
2022-04-06 14:00:00,6466.1,6482.97,6450.01,6470.4,415711263
2022-04-06 15:00:00,6470.4,6483.28,6441.09,6476.58,749353893
2022-04-07 09:00:00,6502.98,6540.29,6501.1,6537.35,510196298
2022-04-07 10:00:00,6537.35,6579.16,6523.5,6535.86,489689311
2022-04-07 11:00:00,6535.86,6589.94,6524.73,6569.47,243945539
2022-04-07 12:00:00,6569.47,6582.61,6560.14,6578.05,140871047
2022-04-07 13:00:00,6578.05,6579.24,6549.55,6556.7,227127695
2022-04-07 14:00:00,6556.7,6571.92,6519.19,6528.26,321379426
2022-04-07 15:00:00,6528.26,6575.46,6526.36,6568.08,691428464
2022-04-08 09:00:00,6566.88,6599.98,6560.85,6595.84,427094130
2022-04-08 10:00:00,6595.84,6617.87,6566.45,6570.6,452530472
2022-04-08 11:00:00,6570.6,6576.94,6513.06,6534.22,194480055
2022-04-08 12:00:00,6534.22,6544.59,6513.06,6530.53,92140193
2022-04-08 13:00:00,6530.53,6555.67,6519.97,6543.43,190982316
2022-04-08 14:00:00,6543.43,6614.11,6540.46,6608.85,274499677
2022-04-08 15:00:00,6608.85,6657.94,6603.34,6647.94,461297707
2022-04-11 09:00:00,6647.2,6651.25,6629.05,6647.8,1177252693
2022-04-11 10:00:00,6647.8,6664.93,6608.8,6664.43,1244690916
2022-04-11 11:00:00,6664.43,6667.19,6630.23,6633.33,549886685
2022-04-11 12:00:00,6633.33,6637.73,6593.35,6621.0,316814212
2022-04-11 13:00:00,6621.0,6676.78,6607.4,6670.67,515727281
2022-04-11 14:00:00,6670.67,6689.28,6656.89,6666.05,908210371
2022-04-11 15:00:00,6666.05,6677.81,6650.32,6655.9,1605165425
2022-04-12 09:00:00,6632.39,6643.92,6617.84,6630.8,972493241
2022-04-12 10:00:00,6630.8,6644.0,6597.39,6609.76,1256318846
2022-04-12 11:00:00,6609.76,6647.06,6592.46,6642.42,516704651
2022-04-12 12:00:00,6642.42,6659.4,6628.69,6635.54,273719020
2022-04-12 13:00:00,6635.54,6650.67,6603.61,6620.07,494967532
2022-04-12 14:00:00,6620.07,6621.23,6589.11,6610.86,858045855
2022-04-12 15:00:00,6610.86,6616.64,6591.72,6597.54,1672036316
2022-04-13 09:00:00,6584.4,6605.92,6583.37,6596.53,522439770
2022-04-13 10:00:00,6596.53,6601.35,6521.36,6528.29,566964615
2022-04-13 11:00:00,6528.29,6554.02,6523.35,6541.15,287231876
2022-04-13 12:00:00,6541.15,6545.99,6497.43,6502.65,171145373
2022-04-13 13:00:00,6502.65,6548.03,6499.67,6540.1,250628551
2022-04-13 14:00:00,6540.1,6558.67,6504.37,6557.34,384894132
2022-04-13 15:00:00,6557.34,6607.46,6550.23,6582.54,862894580
2022-04-14 09:00:00,6583.55,6585.64,6552.52,6573.68,267018069
2022-04-14 10:00:00,6573.68,6617.13,6560.87,6614.03,301804580
2022-04-14 11:00:00,6614.03,6617.13,6546.24,6589.52,140810190
2022-04-14 12:00:00,6589.52,6595.8,6532.69,6539.15,76850471
2022-04-14 13:00:00,6539.15,6546.22,6517.0,6540.16,125029736
2022-04-14 14:00:00,6540.16,6559.6,6527.85,6536.73,189186483
2022-04-14 15:00:00,6536.73,6560.76,6530.42,6544.89,363416339
2022-04-18 09:00:00,6530.03,6544.71,6523.04,6531.21,523622826
2022-04-18 10:00:00,6531.21,6569.81,6526.87,6558.29,546097900
2022-04-18 11:00:00,6558.29,6563.72,6510.1,6530.48,268644897
2022-04-18 12:00:00,6530.48,6531.63,6471.78,6473.26,138667102
2022-04-18 13:00:00,6473.26,6488.36,6456.15,6477.82,228065106
2022-04-18 14:00:00,6477.82,6481.64,6407.68,6411.2,391287882
2022-04-18 15:00:00,6411.2,6417.48,6350.9,6370.0,745965322
2022-04-19 09:00:00,6381.44,6386.8,6359.35,6360.42,641590520
2022-04-19 10:00:00,6360.42,6392.59,6355.59,6368.06,711333897
2022-04-19 11:00:00,6368.06,6379.37,6354.22,6359.65,322310906
2022-04-19 12:00:00,6359.65,6380.37,6342.94,6357.85,169380073
2022-04-19 13:00:00,6357.85,6388.51,6351.31,6371.57,256353085
2022-04-19 14:00:00,6371.57,6384.53,6347.86,6351.72,423456178
2022-04-19 15:00:00,6351.72,6360.65,6338.11,6338.91,897211071
2022-04-20 09:00:00,6350.26,6372.83,6346.72,6351.03,455768723
2022-04-20 10:00:00,6351.03,6367.3,6335.01,6336.04,498515573
2022-04-20 11:00:00,6336.04,6353.14,6318.07,6320.56,236430151
2022-04-20 12:00:00,6320.56,6331.51,6292.27,6298.88,116301197
2022-04-20 13:00:00,6298.88,6300.73,6255.12,6270.1,210691347
2022-04-20 14:00:00,6270.1,6278.59,6253.31,6271.26,364680874
2022-04-20 15:00:00,6271.26,6309.86,6227.03,6273.71,657612375
2022-04-21 09:00:00,6261.94,6271.12,6215.84,6219.92,805201516
2022-04-21 10:00:00,6219.92,6258.95,6218.6,6258.39,876837139
2022-04-21 11:00:00,6258.39,6297.66,6253.41,6288.32,455805439
2022-04-21 12:00:00,6288.32,6290.96,6241.62,6244.73,214885121
2022-04-21 13:00:00,6244.73,6247.76,6202.03,6204.63,339852940
2022-04-21 14:00:00,6204.63,6216.42,6172.4,6201.23,654035557
2022-04-21 15:00:00,6201.23,6226.17,6180.71,6206.72,1194765711
2022-04-22 09:00:00,6189.13,6226.82,6188.05,6226.12,681243265
2022-04-22 10:00:00,6226.12,6261.46,6226.1,6228.96,684612882
2022-04-22 11:00:00,6228.96,6238.45,6214.97,6220.4,371898116
2022-04-22 12:00:00,6220.4,6239.9,6198.75,6217.05,190903257
2022-04-22 13:00:00,6217.05,6258.28,6212.27,6256.54,290765870
2022-04-22 14:00:00,6256.54,6280.86,6242.59,6252.11,498496950
2022-04-22 15:00:00,6252.11,6286.08,6248.46,6261.86,1001460466
2022-04-25 09:00:00,6257.11,6266.21,6235.88,6264.46,529162702
2022-04-25 10:00:00,6264.46,6264.79,6242.09,6251.08,593971758
2022-04-25 11:00:00,6251.08,6272.83,6225.61,6231.48,298795043
2022-04-25 12:00:00,6231.48,6254.38,6208.07,6239.63,150561588
2022-04-25 13:00:00,6239.63,6260.48,6225.96,6246.89,241215188
2022-04-25 14:00:00,6246.89,6264.18,6215.59,6219.42,357858933
2022-04-25 15:00:00,6219.42,6231.59,6194.81,6208.29,788914514
2022-04-26 09:00:00,6201.26,6214.87,6177.37,6181.66,879110092
2022-04-26 10:00:00,6181.66,6201.4,6177.05,6184.98,833389279
2022-04-26 11:00:00,6184.98,6189.24,6147.21,6157.52,380773190
2022-04-26 12:00:00,6157.52,6159.04,6136.26,6137.56,214709561
2022-04-26 13:00:00,6137.56,6152.85,6119.94,6137.08,351701448
2022-04-26 14:00:00,6137.08,6151.03,6092.71,6100.93,576422929
2022-04-26 15:00:00,6100.93,6157.66,6100.79,6133.62,1015989768
2022-04-27 09:00:00,6123.66,6171.02,6123.14,6161.56,641770725
2022-04-27 10:00:00,6161.56,6195.5,6161.41,6181.17,697924189
2022-04-27 11:00:00,6181.17,6197.54,6166.49,6190.13,314784799
2022-04-27 12:00:00,6190.13,6217.59,6182.28,6188.86,154562330
2022-04-27 13:00:00,6188.86,6216.35,6180.09,6206.79,274455640
2022-04-27 14:00:00,6206.79,6229.06,6194.44,6209.58,402896962
2022-04-27 15:00:00,6209.58,6231.0,6189.17,6193.92,850850781
2022-04-28 09:00:00,6195.2,6209.5,6184.88,6207.4,1119939969
2022-04-28 10:00:00,6207.4,6209.81,6172.61,6176.98,1121740693
2022-04-28 11:00:00,6176.98,6222.25,6169.76,6211.45,591675364
2022-04-28 12:00:00,6211.45,6212.34,6161.42,6175.14,303074222
2022-04-28 13:00:00,6175.14,6226.62,6172.14,6216.09,469529438
2022-04-28 14:00:00,6216.09,6226.79,6192.17,6224.47,803280827
2022-04-28 15:00:00,6224.47,6247.43,6222.63,6245.86,1463725749
2022-04-29 09:00:00,6241.85,6247.69,6210.26,6218.58,1123312409
2022-04-29 10:00:00,6218.58,6231.38,6183.86,6207.6,1045056981
2022-04-29 11:00:00,6207.6,6235.06,6195.9,6229.58,541305007
2022-04-29 12:00:00,6229.58,6244.35,6211.69,6217.41,286514888
2022-04-29 13:00:00,6217.41,6241.13,6213.49,6221.47,454600198
2022-04-29 14:00:00,6221.47,6224.96,6195.04,6215.6,727796926
2022-04-29 15:00:00,6215.6,6269.24,6214.71,6256.42,1404085653
2022-05-02 09:00:00,6231.77,6247.87,6226.63,6244.16,796100955
2022-05-02 10:00:00,6244.16,6263.98,6234.34,6263.79,676952107
2022-05-02 11:00:00,6263.79,6293.58,6256.76,6290.83,322635482
2022-05-02 12:00:00,6290.83,6291.71,6240.04,6242.97,201876561
2022-05-02 13:00:00,6242.97,6251.11,6217.54,6226.27,270715459
2022-05-02 14:00:00,6226.27,6242.03,6213.27,6227.95,518746292
2022-05-02 15:00:00,6227.95,6233.81,6192.99,6220.62,875579140
2022-05-03 09:00:00,6213.44,6221.06,6202.61,6214.74,803768108
2022-05-03 10:00:00,6214.74,6241.34,6214.38,6227.6,803946516
2022-05-03 11:00:00,6227.6,6231.63,6201.5,6206.44,401759116
2022-05-03 12:00:00,6206.44,6225.07,6186.97,6193.93,225070317
2022-05-03 13:00:00,6193.93,6223.45,6167.81,6171.08,393554659
2022-05-03 14:00:00,6171.08,6173.37,6148.36,6158.49,589858579
2022-05-03 15:00:00,6158.49,6162.01,6130.81,6143.38,1199762092
2022-05-04 09:00:00,6137.36,6146.22,6118.37,6119.02,940651791
2022-05-04 10:00:00,6119.02,6121.9,6089.41,6095.85,911722238
2022-05-04 11:00:00,6095.85,6099.99,6047.03,6056.8,376821784
2022-05-04 12:00:00,6056.8,6093.2,6049.03,6092.18,206838145
2022-05-04 13:00:00,6092.18,6098.34,6054.66,6058.14,343502818
2022-05-04 14:00:00,6058.14,6066.29,6040.34,6061.39,567480231
2022-05-04 15:00:00,6061.39,6066.23,6039.62,6064.94,987992222
2022-05-05 09:00:00,6045.94,6052.89,6031.13,6036.02,778682077
2022-05-05 10:00:00,6036.02,6073.99,6025.91,6066.51,858459509
2022-05-05 11:00:00,6066.51,6068.12,6023.51,6049.97,396131025
2022-05-05 12:00:00,6049.97,6052.46,6018.07,6041.45,202360281
2022-05-05 13:00:00,6041.45,6052.27,6025.06,6043.42,296930143
2022-05-05 14:00:00,6043.42,6082.43,6043.27,6072.06,556408956
2022-05-05 15:00:00,6072.06,6076.93,6050.45,6066.14,1139689184
2022-05-06 09:00:00,6074.12,6090.65,6070.5,6084.0,887140664
2022-05-06 10:00:00,6084.0,6086.67,6053.73,6063.64,856834147
2022-05-06 11:00:00,6063.64,6068.43,6032.2,6055.77,401116832
2022-05-06 12:00:00,6055.77,6058.77,6020.38,6022.49,223843532
2022-05-06 13:00:00,6022.49,6060.04,6021.46,6055.98,319963622
2022-05-06 14:00:00,6055.98,6058.09,6035.4,6040.7,533853416
2022-05-06 15:00:00,6040.7,6043.41,5981.95,5984.21,1136883984
2022-05-09 09:00:00,5994.6,6026.11,5993.51,6024.91,751603065
2022-05-09 10:00:00,6024.91,6032.89,6007.66,6025.09,753191409
2022-05-09 11:00:00,6025.09,6025.42,5993.25,6007.55,395307598
2022-05-09 12:00:00,6007.55,6017.94,5998.03,6004.89,234877557
2022-05-09 13:00:00,6004.89,6023.85,6002.38,6015.25,359170699
2022-05-09 14:00:00,6015.25,6018.62,6001.4,6011.41,600260590
2022-05-09 15:00:00,6011.41,6022.91,5998.81,6014.29,1126419986
2022-05-10 09:00:00,5987.04,6009.16,5979.96,5993.58,816069965
2022-05-10 10:00:00,5993.58,6003.25,5976.06,5994.97,967405897
2022-05-10 11:00:00,5994.97,6022.55,5977.07,6016.48,438469247
2022-05-10 12:00:00,6016.48,6035.02,5995.83,6010.48,194566370
2022-05-10 13:00:00,6010.48,6034.61,6003.97,6031.57,355171242
2022-05-10 14:00:00,6031.57,6043.95,6024.22,6032.13,503618005
2022-05-10 15:00:00,6032.13,6046.12,6016.46,6042.97,1035060319
2022-05-11 09:00:00,6032.29,6037.76,6006.03,6021.89,650469848
2022-05-11 10:00:00,6021.89,6029.46,5992.54,6008.23,598513240
2022-05-11 11:00:00,6008.23,6008.61,5970.06,5979.3,264428534
2022-05-11 12:00:00,5979.3,5995.04,5958.27,5972.14,150673884
2022-05-11 13:00:00,5972.14,5986.71,5948.17,5984.71,279451121
2022-05-11 14:00:00,5984.71,5992.51,5956.98,5967.28,385821714
2022-05-11 15:00:00,5967.28,5982.98,5958.06,5978.48,796707964
2022-05-12 09:00:00,5960.14,5972.11,5953.28,5962.9,770810603
2022-05-12 10:00:00,5962.9,5963.59,5919.51,5937.42,766645948
2022-05-12 11:00:00,5937.42,5958.92,5925.42,5938.62,358879978
2022-05-12 12:00:00,5938.62,5952.22,5927.9,5937.25,180341252
2022-05-12 13:00:00,5937.25,5971.08,5934.3,5957.16,313973850
2022-05-12 14:00:00,5957.16,6002.69,5953.3,5976.01,496323527
2022-05-12 15:00:00,5976.01,5992.09,5963.62,5971.51,966266274
2022-05-13 09:00:00,5962.86,5965.25,5930.48,5937.87,665076971
2022-05-13 10:00:00,5937.87,5967.41,5937.25,5967.08,699205525
2022-05-13 11:00:00,5967.08,5977.62,5937.63,5940.24,365619037
2022-05-13 12:00:00,5940.24,5947.54,5894.55,5896.45,192317749
2022-05-13 13:00:00,5896.45,5908.85,5882.75,5905.92,287439481
2022-05-13 14:00:00,5905.92,5948.9,5895.94,5938.97,450526823
2022-05-13 15:00:00,5938.97,5953.85,5921.68,5951.81,877901000
2022-05-16 09:00:00,5963.83,5990.76,5960.74,5977.65,588071805
2022-05-16 10:00:00,5977.65,5985.95,5940.69,5962.76,531217687
2022-05-16 11:00:00,5962.76,5965.4,5936.95,5944.49,291674301
2022-05-16 12:00:00,5944.49,5946.29,5929.81,5940.71,146542989
2022-05-16 13:00:00,5940.71,5950.38,5927.8,5930.86,207707002
2022-05-16 14:00:00,5930.86,5950.71,5913.21,5939.08,348871015
2022-05-16 15:00:00,5939.08,5945.54,5915.09,5937.62,704914242
2022-05-17 09:00:00,5931.48,5934.26,5923.99,5928.77,857631677
2022-05-17 10:00:00,5928.77,5934.73,5910.94,5913.19,887551296
2022-05-17 11:00:00,5913.19,5925.49,5900.66,5908.26,376504414
2022-05-17 12:00:00,5908.26,5923.51,5883.95,5885.98,207116208
2022-05-17 13:00:00,5885.98,5901.41,5884.7,5898.79,329794324
2022-05-17 14:00:00,5898.79,5944.36,5895.64,5919.35,564078828
2022-05-17 15:00:00,5919.35,5927.09,5913.03,5915.44,1141805000
2022-05-18 09:00:00,5910.28,5912.97,5886.85,5896.13,696535518
2022-05-18 10:00:00,5896.13,5906.29,5874.45,5886.28,778833597
2022-05-18 11:00:00,5886.28,5895.18,5874.66,5888.73,333003355
2022-05-18 12:00:00,5888.73,5914.06,5875.26,5908.94,220354581
2022-05-18 13:00:00,5908.94,5910.09,5870.63,5905.07,298683470
2022-05-18 14:00:00,5905.07,5909.35,5866.04,5880.01,494893247
2022-05-18 15:00:00,5880.01,5885.87,5862.61,5872.82,1028226175
2022-05-19 09:00:00,5875.31,5882.22,5865.36,5879.74,831092392
2022-05-19 10:00:00,5879.74,5933.74,5865.41,5925.54,793835690
2022-05-19 11:00:00,5925.54,5928.91,5898.93,5910.45,396492962
2022-05-19 12:00:00,5910.45,5920.2,5884.93,5888.73,234557443
2022-05-19 13:00:00,5888.73,5895.15,5868.92,5869.3,239413566
2022-05-19 14:00:00,5869.3,5869.44,5839.45,5847.11,570293794
2022-05-19 15:00:00,5847.11,5862.23,5820.48,5825.98,1086794830
2022-05-20 09:00:00,5819.51,5835.3,5811.75,5821.01,656233784
2022-05-20 10:00:00,5821.01,5826.96,5796.83,5806.57,651772519
2022-05-20 11:00:00,5806.57,5818.96,5788.83,5817.88,349734628
2022-05-20 12:00:00,5817.88,5818.4,5782.31,5795.6,179223650
2022-05-20 13:00:00,5795.6,5807.61,5762.83,5763.11,275800064
2022-05-20 14:00:00,5763.11,5779.35,5742.82,5751.28,446236181
2022-05-20 15:00:00,5751.28,5795.57,5746.17,5778.17,803183420
2022-05-23 09:00:00,5784.76,5788.41,5754.68,5763.02,1117570799
2022-05-23 10:00:00,5763.02,5771.64,5739.25,5757.53,1250184974
2022-05-23 11:00:00,5757.53,5768.19,5733.52,5745.33,602157408
2022-05-23 12:00:00,5745.33,5746.05,5715.52,5726.37,304651797
2022-05-23 13:00:00,5726.37,5738.24,5714.82,5718.02,478601766
2022-05-23 14:00:00,5718.02,5729.63,5707.18,5721.93,772010741
2022-05-23 15:00:00,5721.93,5752.73,5720.32,5735.51,1624834471
2022-05-24 09:00:00,5739.56,5763.21,5735.24,5762.95,569103644
2022-05-24 10:00:00,5762.95,5784.07,5750.52,5751.08,619271403
2022-05-24 11:00:00,5751.08,5767.96,5722.4,5731.84,318219413
2022-05-24 12:00:00,5731.84,5758.09,5731.59,5740.14,167509024
2022-05-24 13:00:00,5740.14,5763.11,5737.89,5745.85,246931698
2022-05-24 14:00:00,5745.85,5754.32,5729.17,5744.81,411202007
2022-05-24 15:00:00,5744.81,5744.92,5716.62,5730.47,818665365
2022-05-25 09:00:00,5725.54,5727.25,5707.43,5709.73,648933424
2022-05-25 10:00:00,5709.73,5724.1,5680.0,5692.95,694216153
2022-05-25 11:00:00,5692.95,5739.11,5690.02,5739.06,322602227
2022-05-25 12:00:00,5739.06,5753.23,5726.01,5728.07,182394373
2022-05-25 13:00:00,5728.07,5755.86,5718.67,5750.62,288910862
2022-05-25 14:00:00,5750.62,5774.15,5727.34,5742.86,451670018
2022-05-25 15:00:00,5742.86,5752.39,5723.53,5743.88,960266340
2022-05-26 09:00:00,5760.97,5762.82,5742.36,5746.16,753310377
2022-05-26 10:00:00,5746.16,5751.21,5713.29,5715.19,800353372
2022-05-26 11:00:00,5715.19,5742.91,5714.32,5730.64,388531952
2022-05-26 12:00:00,5730.64,5755.88,5728.74,5737.92,194188102
2022-05-26 13:00:00,5737.92,5744.02,5713.97,5717.37,297554189
2022-05-26 14:00:00,5717.37,5719.47,5681.63,5691.13,498630153
2022-05-26 15:00:00,5691.13,5701.17,5667.3,5668.66,1027170196
2022-05-27 09:00:00,5646.31,5651.29,5630.28,5649.86,330385045
2022-05-27 10:00:00,5649.86,5658.64,5630.74,5633.13,359834176
2022-05-27 11:00:00,5633.13,5652.63,5627.75,5650.94,173603031
2022-05-27 12:00:00,5650.94,5669.19,5642.2,5646.74,91500977
2022-05-27 13:00:00,5646.74,5651.26,5620.82,5635.74,145765901
2022-05-27 14:00:00,5635.74,5660.23,5630.39,5646.96,231150527
2022-05-27 15:00:00,5646.96,5664.28,5636.9,5639.32,430620097
2022-05-31 09:00:00,5627.57,5638.75,5624.75,5628.81,638808200
2022-05-31 10:00:00,5628.81,5633.3,5604.69,5625.79,750350943
2022-05-31 11:00:00,5625.79,5646.07,5615.14,5629.38,341025727
2022-05-31 12:00:00,5629.38,5647.55,5614.63,5625.07,204523885
2022-05-31 13:00:00,5625.07,5646.88,5622.13,5641.24,303662649
2022-05-31 14:00:00,5641.24,5642.15,5592.64,5613.01,515736065
2022-05-31 15:00:00,5613.01,5647.43,5599.5,5615.04,1031229928
2022-06-01 09:00:00,5626.66,5635.2,5620.87,5630.86,666831733
2022-06-01 10:00:00,5630.86,5670.63,5624.43,5664.39,819226904
2022-06-01 11:00:00,5664.39,5684.04,5663.51,5671.43,351664393
2022-06-01 12:00:00,5671.43,5709.91,5670.34,5694.25,205220236
2022-06-01 13:00:00,5694.25,5696.04,5669.19,5682.89,333327658
2022-06-01 14:00:00,5682.89,5684.1,5653.89,5653.98,504007548
2022-06-01 15:00:00,5653.98,5674.71,5650.7,5662.15,1039357356
2022-06-02 09:00:00,5651.86,5673.66,5650.78,5667.01,487752216
2022-06-02 10:00:00,5667.01,5667.7,5635.09,5637.96,552916564
2022-06-02 11:00:00,5637.96,5648.98,5595.45,5619.69,266640752
2022-06-02 12:00:00,5619.69,5632.11,5604.88,5624.33,128214523
2022-06-02 13:00:00,5624.33,5625.62,5593.89,5620.81,233261216
2022-06-02 14:00:00,5620.81,5623.98,5591.84,5607.21,358750337
2022-06-02 15:00:00,5607.21,5610.16,5569.33,5569.42,700986013
2022-06-03 09:00:00,5560.09,5567.96,5543.12,5565.54,563913790
2022-06-03 10:00:00,5565.54,5567.03,5523.45,5526.12,644902062
2022-06-03 11:00:00,5526.12,5562.13,5522.46,5539.01,301562266
2022-06-03 12:00:00,5539.01,5556.36,5514.59,5516.32,150905438
2022-06-03 13:00:00,5516.32,5517.54,5464.99,5466.96,253948064
2022-06-03 14:00:00,5466.96,5486.36,5452.98,5483.66,466993530
2022-06-03 15:00:00,5483.66,5494.32,5469.03,5490.54,795111258
2022-06-06 09:00:00,5501.46,5505.73,5483.3,5500.24,714829096
2022-06-06 10:00:00,5500.24,5529.95,5497.41,5527.98,805199502
2022-06-06 11:00:00,5527.98,5530.3,5496.84,5501.08,336923066
2022-06-06 12:00:00,5501.08,5510.83,5483.35,5509.06,215278105
2022-06-06 13:00:00,5509.06,5531.24,5507.62,5510.61,292046246
2022-06-06 14:00:00,5510.61,5534.46,5506.05,5526.84,473225749
2022-06-06 15:00:00,5526.84,5538.57,5512.91,5538.54,945899364
2022-06-07 09:00:00,5537.04,5544.2,5525.04,5529.8,978544827
2022-06-07 10:00:00,5529.8,5550.27,5524.53,5537.06,1039946163
2022-06-07 11:00:00,5537.06,5564.31,5533.77,5555.49,480349446
2022-06-07 12:00:00,5555.49,5581.41,5548.63,5579.56,278351753
2022-06-07 13:00:00,5579.56,5587.09,5541.26,5558.36,359989076
2022-06-07 14:00:00,5558.36,5588.99,5556.43,5571.07,685011294
2022-06-07 15:00:00,5571.07,5631.89,5570.09,5629.11,1360438657
2022-06-08 09:00:00,5648.8,5664.3,5639.21,5663.89,784079155
2022-06-08 10:00:00,5663.89,5679.21,5640.47,5678.34,754594145
2022-06-08 11:00:00,5678.34,5684.44,5664.95,5681.36,414187147
2022-06-08 12:00:00,5681.36,5711.71,5667.25,5709.28,183198027
2022-06-08 13:00:00,5709.28,5715.44,5671.71,5690.26,344466130
2022-06-08 14:00:00,5690.26,5722.3,5676.42,5713.49,579029158
2022-06-08 15:00:00,5713.49,5732.58,5692.18,5731.06,965870700
2022-06-09 09:00:00,5764.65,5773.45,5752.04,5757.96,628484001
2022-06-09 10:00:00,5757.96,5776.44,5749.8,5760.32,654770349
2022-06-09 11:00:00,5760.32,5804.13,5751.36,5801.89,343204810
2022-06-09 12:00:00,5801.89,5806.48,5778.78,5794.69,180466909
2022-06-09 13:00:00,5794.69,5813.12,5785.36,5808.81,278553115
2022-06-09 14:00:00,5808.81,5842.81,5798.29,5840.67,469798786
2022-06-09 15:00:00,5840.67,5868.91,5834.69,5861.0,871157033
2022-06-10 09:00:00,5861.15,5878.83,5851.8,5870.34,686141716
2022-06-10 10:00:00,5870.34,5875.74,5838.02,5853.44,683016823
2022-06-10 11:00:00,5853.44,5864.17,5828.27,5837.63,306883937
2022-06-10 12:00:00,5837.63,5852.21,5816.67,5821.1,152817976
2022-06-10 13:00:00,5821.1,5837.09,5812.11,5819.41,276029242
2022-06-10 14:00:00,5819.41,5860.63,5810.34,5841.98,442940138
2022-06-10 15:00:00,5841.98,5859.48,5825.51,5850.87,811482140
2022-06-13 09:00:00,5855.31,5881.59,5852.63,5874.45,1097236190
2022-06-13 10:00:00,5874.45,5884.95,5860.31,5867.04,1095442523
2022-06-13 11:00:00,5867.04,5892.77,5859.58,5886.11,567088409
2022-06-13 12:00:00,5886.11,5912.55,5875.36,5905.98,336821174
2022-06-13 13:00:00,5905.98,5961.33,5904.9,5958.16,504752369
2022-06-13 14:00:00,5958.16,5990.89,5957.93,5969.89,790828042
2022-06-13 15:00:00,5969.89,5973.52,5947.67,5948.94,1552357950
2022-06-14 09:00:00,5950.43,5955.25,5934.32,5950.48,503932536
2022-06-14 10:00:00,5950.48,5984.84,5941.35,5958.8,537523747
2022-06-14 11:00:00,5958.8,6001.63,5958.1,5985.87,267594193
2022-06-14 12:00:00,5985.87,5990.73,5956.21,5973.07,142218075
2022-06-14 13:00:00,5973.07,6023.39,5969.98,6020.6,257163053
2022-06-14 14:00:00,6020.6,6048.32,6005.35,6047.28,354571398
2022-06-14 15:00:00,6047.28,6052.53,6009.53,6022.16,740909113
2022-06-15 09:00:00,6020.65,6033.98,6007.11,6033.09,324223175
2022-06-15 10:00:00,6033.09,6051.82,6021.73,6047.97,373320998
2022-06-15 11:00:00,6047.97,6056.45,6020.09,6032.5,191533628
2022-06-15 12:00:00,6032.5,6043.37,6016.46,6017.19,92458567
2022-06-15 13:00:00,6017.19,6046.73,6001.47,6041.79,164358367
2022-06-15 14:00:00,6041.79,6049.27,6018.92,6041.48,247489512
2022-06-15 15:00:00,6041.48,6070.53,6014.35,6068.56,557210577
2022-06-16 09:00:00,6091.99,6099.49,6083.64,6088.68,713391130
2022-06-16 10:00:00,6088.68,6116.06,6087.48,6115.61,706514345
2022-06-16 11:00:00,6115.61,6118.41,6085.22,6099.65,344038254
2022-06-16 12:00:00,6099.65,6108.68,6085.34,6107.42,183255558
2022-06-16 13:00:00,6107.42,6136.04,6101.53,6110.48,287470330
2022-06-16 14:00:00,6110.48,6131.16,6104.67,6109.09,491853931
2022-06-16 15:00:00,6109.09,6134.3,6084.22,6129.75,953070018
2022-06-17 09:00:00,6122.86,6130.78,6116.56,6119.96,577186303
2022-06-17 10:00:00,6119.96,6138.86,6100.18,6118.46,574878399
2022-06-17 11:00:00,6118.46,6123.27,6074.01,6085.75,300541557
2022-06-17 12:00:00,6085.75,6106.28,6081.91,6101.37,149225415
2022-06-17 13:00:00,6101.37,6106.23,6069.19,6069.87,227822546
2022-06-17 14:00:00,6069.87,6091.72,6063.01,6086.27,397408743
2022-06-17 15:00:00,6086.27,6112.24,6084.49,6109.88,715310130
2022-06-21 09:00:00,6107.18,6108.7,6077.75,6085.4,635590854
2022-06-21 10:00:00,6085.4,6109.09,6059.97,6108.3,598556830
2022-06-21 11:00:00,6108.3,6110.09,6081.19,6098.84,319390734
2022-06-21 12:00:00,6098.84,6107.01,6074.12,6100.77,161190085
2022-06-21 13:00:00,6100.77,6115.17,6091.66,6108.27,256643339
2022-06-21 14:00:00,6108.27,6128.44,6092.87,6101.72,450434436
2022-06-21 15:00:00,6101.72,6140.29,6092.16,6119.88,885917669
2022-06-22 09:00:00,6109.54,6119.4,6097.25,6108.28,676675853
2022-06-22 10:00:00,6108.28,6111.15,6077.68,6078.18,691972186
2022-06-22 11:00:00,6078.18,6086.47,6056.72,6085.31,331791829
2022-06-22 12:00:00,6085.31,6120.95,6079.43,6108.85,159839922
2022-06-22 13:00:00,6108.85,6116.45,6079.93,6080.22,313805463
2022-06-22 14:00:00,6080.22,6101.48,6064.26,6100.26,484830080
2022-06-22 15:00:00,6100.26,6117.72,6087.45,6101.8,902963656
2022-06-23 09:00:00,6120.77,6133.26,6120.51,6127.63,741310851
2022-06-23 10:00:00,6127.63,6137.53,6092.86,6101.66,769090461
2022-06-23 11:00:00,6101.66,6104.67,6073.87,6090.26,385539873
2022-06-23 12:00:00,6090.26,6093.24,6066.45,6072.89,189176613
2022-06-23 13:00:00,6072.89,6074.67,6052.92,6055.51,306443287
2022-06-23 14:00:00,6055.51,6062.19,6035.73,6058.79,510770495
2022-06-23 15:00:00,6058.79,6088.38,6037.36,6050.48,1014360389
2022-06-24 09:00:00,6064.15,6085.27,6061.44,6084.07,721172508
2022-06-24 10:00:00,6084.07,6119.26,6079.03,6103.72,694063742
2022-06-24 11:00:00,6103.72,6110.82,6072.59,6081.32,283387839
2022-06-24 12:00:00,6081.32,6083.87,6052.13,6054.78,194614404
2022-06-24 13:00:00,6054.78,6067.67,6038.58,6045.34,318027346
2022-06-24 14:00:00,6045.34,6094.28,6041.16,6088.17,461375729
2022-06-24 15:00:00,6088.17,6088.17,6061.47,6067.07,1067834110
2022-06-27 09:00:00,6052.41,6072.09,6046.08,6066.07,954047597
2022-06-27 10:00:00,6066.07,6097.6,6057.28,6095.9,1010462650
2022-06-27 11:00:00,6095.9,6105.8,6068.04,6086.41,495026176
2022-06-27 12:00:00,6086.41,6099.94,6073.06,6083.09,233456633
2022-06-27 13:00:00,6083.09,6099.72,6068.49,6096.67,419064895
2022-06-27 14:00:00,6096.67,6103.79,6080.22,6087.5,622180041
2022-06-27 15:00:00,6087.5,6096.7,6076.38,6087.92,1412973805
2022-06-28 09:00:00,6107.59,6115.98,6096.06,6103.34,975041911
2022-06-28 10:00:00,6103.34,6133.76,6084.54,6127.55,952273614
2022-06-28 11:00:00,6127.55,6152.91,6121.59,6143.75,447151585
2022-06-28 12:00:00,6143.75,6170.73,6142.23,6157.68,247385020
2022-06-28 13:00:00,6157.68,6181.92,6146.42,6151.28,389021995
2022-06-28 14:00:00,6151.28,6167.04,6138.29,6165.55,640173752
2022-06-28 15:00:00,6165.55,6166.66,6131.68,6133.15,1101091853
2022-06-29 09:00:00,6133.86,6133.9,6115.07,6122.15,723731701
2022-06-29 10:00:00,6122.15,6132.38,6106.08,6118.09,732510542
2022-06-29 11:00:00,6118.09,6149.89,6117.42,6146.41,359800456
2022-06-29 12:00:00,6146.41,6147.08,6104.78,6113.46,190914099
2022-06-29 13:00:00,6113.46,6145.31,6110.73,6141.55,299296880
2022-06-29 14:00:00,6141.55,6168.87,6121.62,6166.1,501343571
2022-06-29 15:00:00,6166.1,6179.38,6159.8,6168.75,1061225056
2022-06-30 09:00:00,6161.52,6171.12,6146.63,6148.14,836880856
2022-06-30 10:00:00,6148.14,6161.44,6128.21,6134.28,871731972
2022-06-30 11:00:00,6134.28,6153.4,6124.39,6145.23,387163378
2022-06-30 12:00:00,6145.23,6148.25,6099.78,6107.88,197919994
2022-06-30 13:00:00,6107.88,6118.21,6096.78,6098.73,358150948
2022-06-30 14:00:00,6098.73,6105.03,6066.16,6072.46,554448988
2022-06-30 15:00:00,6072.46,6087.23,6068.12,6084.4,1032980659
2022-07-01 09:00:00,6074.79,6077.13,6054.47,6062.96,583190333
2022-07-01 10:00:00,6062.96,6108.36,6062.55,6104.19,672462887
2022-07-01 11:00:00,6104.19,6125.57,6099.37,6109.61,303672718
2022-07-01 12:00:00,6109.61,6138.69,6094.93,6136.01,164336737
2022-07-01 13:00:00,6136.01,6162.72,6126.66,6160.64,240961352
2022-07-01 14:00:00,6160.64,6195.81,6153.79,6187.63,404785344
2022-07-01 15:00:00,6187.63,6195.56,6172.81,6180.72,890776192
2022-07-05 09:00:00,6171.71,6183.48,6154.8,6155.49,655606969
2022-07-05 10:00:00,6155.49,6198.94,6153.8,6185.49,620758254
2022-07-05 11:00:00,6185.49,6207.7,6178.67,6206.9,301411577
2022-07-05 12:00:00,6206.9,6221.02,6200.15,6210.23,167653242
2022-07-05 13:00:00,6210.23,6237.55,6206.09,6232.53,238124519
2022-07-05 14:00:00,6232.53,6273.98,6228.04,6255.14,395607398
2022-07-05 15:00:00,6255.14,6291.04,6251.04,6279.82,892217996
2022-07-06 09:00:00,6290.77,6302.37,6284.3,6294.84,598588533
2022-07-06 10:00:00,6294.84,6299.22,6251.77,6259.12,564061354
2022-07-06 11:00:00,6259.12,6304.71,6248.87,6300.6,280033357
2022-07-06 12:00:00,6300.6,6312.89,6272.27,6273.68,128327808
2022-07-06 13:00:00,6273.68,6297.48,6254.66,6264.85,208400128
2022-07-06 14:00:00,6264.85,6268.9,6240.8,6268.31,358656218
2022-07-06 15:00:00,6268.31,6361.24,6261.86,6350.43,756147199
2022-07-07 09:00:00,6375.61,6377.35,6358.48,6362.32,428146030
2022-07-07 10:00:00,6362.32,6369.74,6344.88,6364.2,510835318
2022-07-07 11:00:00,6364.2,6368.95,6338.72,6351.73,254109893
2022-07-07 12:00:00,6351.73,6357.62,6335.77,6351.68,134814715
2022-07-07 13:00:00,6351.68,6364.81,6334.32,6348.19,227113157
2022-07-07 14:00:00,6348.19,6359.97,6331.94,6354.97,343815325
2022-07-07 15:00:00,6354.97,6368.7,6347.47,6352.58,732857045
2022-07-08 09:00:00,6355.77,6382.28,6354.49,6377.54,526491671
2022-07-08 10:00:00,6377.54,6390.4,6360.51,6373.98,552852584
2022-07-08 11:00:00,6373.98,6381.95,6353.21,6370.49,285580400
2022-07-08 12:00:00,6370.49,6381.81,6362.64,6370.11,151959206
2022-07-08 13:00:00,6370.11,6383.34,6350.12,6362.47,223990003
2022-07-08 14:00:00,6362.47,6386.37,6354.7,6381.62,400202118
2022-07-08 15:00:00,6381.62,6408.36,6373.46,6378.75,772360810
2022-07-11 09:00:00,6403.16,6404.25,6382.87,6393.99,898681986
2022-07-11 10:00:00,6393.99,6396.21,6375.29,6387.55,1006869120
2022-07-11 11:00:00,6387.55,6391.65,6354.3,6366.07,517754622
2022-07-11 12:00:00,6366.07,6375.09,6282.26,6303.19,281352185
2022-07-11 13:00:00,6303.19,6306.34,6273.65,6289.71,350010488
2022-07-11 14:00:00,6289.71,6292.87,6259.92,6269.9,587599083
2022-07-11 15:00:00,6269.9,6275.07,6243.0,6251.85,1316247966
2022-07-12 09:00:00,6247.81,6256.13,6232.5,6235.68,497438682
2022-07-12 10:00:00,6235.68,6237.48,6187.0,6200.28,561583550
2022-07-12 11:00:00,6200.28,6201.05,6173.11,6188.8,254862457
2022-07-12 12:00:00,6188.8,6190.98,6174.83,6186.58,139164363
2022-07-12 13:00:00,6186.58,6197.57,6172.48,6190.31,235465674
2022-07-12 14:00:00,6190.31,6218.53,6171.01,6215.25,364251581
2022-07-12 15:00:00,6215.25,6219.44,6195.24,6210.92,768440150
2022-07-13 09:00:00,6215.94,6222.58,6201.51,6203.84,866108210
2022-07-13 10:00:00,6203.84,6225.82,6186.31,6224.29,859901693
2022-07-13 11:00:00,6224.29,6231.01,6190.22,6190.89,460410191
2022-07-13 12:00:00,6190.89,6244.82,6189.37,6233.53,235619492
2022-07-13 13:00:00,6233.53,6244.62,6217.56,6239.29,411227127
2022-07-13 14:00:00,6239.29,6258.9,6232.88,6254.11,599291692
2022-07-13 15:00:00,6254.11,6264.16,6245.7,6248.67,1138959166
2022-07-14 09:00:00,6251.34,6275.68,6246.98,6273.4,678617446
2022-07-14 10:00:00,6273.4,6273.86,6245.19,6247.55,663933009
2022-07-14 11:00:00,6247.55,6250.15,6210.55,6233.9,283391385
2022-07-14 12:00:00,6233.9,6252.24,6211.27,6249.99,158265098
2022-07-14 13:00:00,6249.99,6305.76,6244.09,6301.99,274319316
2022-07-14 14:00:00,6301.99,6318.0,6291.07,6314.09,377409503
2022-07-14 15:00:00,6314.09,6343.42,6302.43,6342.65,796519799
2022-07-15 09:00:00,6341.97,6361.89,6333.12,6361.62,618423499
2022-07-15 10:00:00,6361.62,6365.71,6343.63,6346.19,554473738
2022-07-15 11:00:00,6346.19,6375.77,6320.54,6367.3,265118139
2022-07-15 12:00:00,6367.3,6391.06,6347.83,6390.28,149400947
2022-07-15 13:00:00,6390.28,6414.73,6380.84,6400.47,248553421
2022-07-15 14:00:00,6400.47,6411.35,6384.36,6396.71,400828103
2022-07-15 15:00:00,6396.71,6403.28,6361.33,6368.31,748220672
2022-07-18 09:00:00,6362.68,6374.46,6350.66,6359.44,707450975
2022-07-18 10:00:00,6359.44,6368.94,6344.07,6361.96,686812972
2022-07-18 11:00:00,6361.96,6413.4,6361.45,6411.1,376856506
2022-07-18 12:00:00,6411.1,6425.15,6400.88,6424.68,206227876
2022-07-18 13:00:00,6424.68,6435.99,6402.3,6402.92,313217733
2022-07-18 14:00:00,6402.92,6419.31,6389.06,6410.93,531888323
2022-07-18 15:00:00,6410.93,6412.54,6353.59,6361.68,1094346333
2022-07-19 09:00:00,6358.43,6359.98,6339.03,6341.95,491976326
2022-07-19 10:00:00,6341.95,6342.25,6313.7,6328.6,515300431
2022-07-19 11:00:00,6328.6,6330.42,6299.2,6315.9,240364382
2022-07-19 12:00:00,6315.9,6325.97,6302.6,6310.83,108122538
2022-07-19 13:00:00,6310.83,6312.12,6280.37,6305.61,196297099
2022-07-19 14:00:00,6305.61,6329.74,6299.17,6321.97,354625139
2022-07-19 15:00:00,6321.97,6339.06,6298.91,6330.4,599696548
2022-07-20 09:00:00,6324.49,6334.71,6315.94,6317.21,537783821
2022-07-20 10:00:00,6317.21,6319.69,6286.53,6304.29,533947861
2022-07-20 11:00:00,6304.29,6315.85,6275.65,6285.82,246677379
2022-07-20 12:00:00,6285.82,6302.37,6249.31,6252.04,142324787
2022-07-20 13:00:00,6252.04,6285.83,6245.4,6271.43,229269724
2022-07-20 14:00:00,6271.43,6285.59,6247.76,6249.34,417926450
2022-07-20 15:00:00,6249.34,6263.67,6237.5,6260.48,710505652
2022-07-21 09:00:00,6220.28,6236.03,6214.62,6227.45,522347981
2022-07-21 10:00:00,6227.45,6235.06,6211.58,6215.03,577506970
2022-07-21 11:00:00,6215.03,6234.56,6202.72,6202.91,274760378
2022-07-21 12:00:00,6202.91,6213.61,6187.79,6202.4,161612822
2022-07-21 13:00:00,6202.4,6231.55,6201.96,6219.34,252327482
2022-07-21 14:00:00,6219.34,6246.54,6212.26,6224.59,333996043
2022-07-21 15:00:00,6224.59,6240.9,6212.53,6238.93,677409348
2022-07-22 09:00:00,6245.84,6263.38,6243.35,6253.83,913550249
2022-07-22 10:00:00,6253.83,6260.3,6234.76,6248.25,857978464
2022-07-22 11:00:00,6248.25,6268.33,6245.16,6264.61,496564427
2022-07-22 12:00:00,6264.61,6286.55,6255.9,6258.51,224654134
2022-07-22 13:00:00,6258.51,6290.87,6243.54,6244.32,405624542
2022-07-22 14:00:00,6244.32,6267.29,6232.92,6257.38,627397033
2022-07-22 15:00:00,6257.38,6264.1,6216.29,6216.82,1068472026
2022-07-25 09:00:00,6231.67,6261.47,6230.75,6240.74,811214544
2022-07-25 10:00:00,6240.74,6261.26,6232.84,6256.75,727789725
2022-07-25 11:00:00,6256.75,6262.45,6218.93,6228.33,410330813
2022-07-25 12:00:00,6228.33,6252.51,6212.16,6247.66,191338303
2022-07-25 13:00:00,6247.66,6252.92,6211.79,6217.23,369211113
2022-07-25 14:00:00,6217.23,6232.24,6208.32,6227.55,523449128
2022-07-25 15:00:00,6227.55,6240.48,6217.81,6234.28,905802855
2022-07-26 09:00:00,6244.95,6250.85,6219.35,6225.07,799516081
2022-07-26 10:00:00,6225.07,6256.29,6218.78,6254.91,894842806
2022-07-26 11:00:00,6254.91,6264.58,6240.74,6263.9,395848498
2022-07-26 12:00:00,6263.9,6276.95,6238.03,6251.28,228699941
2022-07-26 13:00:00,6251.28,6270.66,6249.74,6264.5,361804388
2022-07-26 14:00:00,6264.5,6278.76,6256.19,6274.05,556547580
2022-07-26 15:00:00,6274.05,6292.17,6269.19,6287.4,1122020349
2022-07-27 09:00:00,6312.71,6312.88,6266.9,6271.71,634046569
2022-07-27 10:00:00,6271.71,6287.8,6264.28,6274.23,624447863
2022-07-27 11:00:00,6274.23,6275.86,6235.03,6238.69,356807148
2022-07-27 12:00:00,6238.69,6274.91,6233.99,6266.56,170431190
2022-07-27 13:00:00,6266.56,6281.42,6241.53,6278.11,242256525
2022-07-27 14:00:00,6278.11,6323.97,6275.43,6305.87,447448280
2022-07-27 15:00:00,6305.87,6313.05,6287.59,6292.24,759881695
2022-07-28 09:00:00,6287.97,6308.64,6286.52,6308.1,572994025
2022-07-28 10:00:00,6308.1,6333.36,6294.44,6331.89,694404440
2022-07-28 11:00:00,6331.89,6357.74,6322.64,6352.92,314220945
2022-07-28 12:00:00,6352.92,6376.25,6294.47,6369.28,181615144
2022-07-28 13:00:00,6369.28,6395.33,6359.5,6388.91,270200426
2022-07-28 14:00:00,6388.91,6408.82,6372.2,6391.5,459188156
2022-07-28 15:00:00,6391.5,6406.26,6377.4,6383.73,812349051
2022-07-29 09:00:00,6379.87,6392.79,6372.21,6378.9,687492194
2022-07-29 10:00:00,6378.9,6386.39,6349.98,6383.49,581432485
2022-07-29 11:00:00,6383.49,6399.67,6368.41,6397.87,336222517
2022-07-29 12:00:00,6397.87,6412.09,6384.35,6393.66,183652854
2022-07-29 13:00:00,6393.66,6397.53,6356.42,6364.95,287232641
2022-07-29 14:00:00,6364.95,6376.91,6348.04,6353.04,457987908
2022-07-29 15:00:00,6353.04,6359.02,6312.78,6331.16,859356873
2022-08-01 09:00:00,6327.36,6361.22,6325.36,6351.69,465046862
2022-08-01 10:00:00,6351.69,6361.77,6308.98,6333.17,536987460
2022-08-01 11:00:00,6333.17,6346.26,6301.26,6302.2,224637431
2022-08-01 12:00:00,6302.2,6320.52,6270.81,6271.94,144584038
2022-08-01 13:00:00,6271.94,6315.39,6261.41,6314.35,214532347
2022-08-01 14:00:00,6314.35,6339.94,6307.32,6324.65,348692728
2022-08-01 15:00:00,6324.65,6329.93,6298.73,6325.58,753865462
2022-08-02 09:00:00,6324.73,6336.93,6309.12,6311.24,324434326
2022-08-02 10:00:00,6311.24,6326.31,6304.71,6305.31,360386421
2022-08-02 11:00:00,6305.31,6314.98,6287.51,6299.97,209095212
2022-08-02 12:00:00,6299.97,6310.76,6286.56,6300.71,98263731
2022-08-02 13:00:00,6300.71,6314.56,6273.64,6274.73,166656836
2022-08-02 14:00:00,6274.73,6287.21,6262.93,6277.57,249471171
2022-08-02 15:00:00,6277.57,6309.34,6252.2,6304.32,541779277
2022-08-03 09:00:00,6316.11,6346.76,6314.6,6335.63,587689986
2022-08-03 10:00:00,6335.63,6343.54,6321.82,6323.87,516205814
2022-08-03 11:00:00,6323.87,6339.76,6315.86,6333.31,258541894
2022-08-03 12:00:00,6333.31,6351.02,6321.11,6336.98,122867892
2022-08-03 13:00:00,6336.98,6359.41,6328.97,6335.84,226996079
2022-08-03 14:00:00,6335.84,6359.88,6332.28,6347.7,349864423
2022-08-03 15:00:00,6347.7,6366.1,6338.01,6340.45,717336140
2022-08-04 09:00:00,6355.83,6358.54,6324.98,6325.34,618009518
2022-08-04 10:00:00,6325.34,6355.37,6315.63,6344.26,547390925
2022-08-04 11:00:00,6344.26,6364.56,6335.51,6363.38,304706027
2022-08-04 12:00:00,6363.38,6391.5,6361.92,6376.11,151453789
2022-08-04 13:00:00,6376.11,6385.6,6366.55,6383.93,270479015
2022-08-04 14:00:00,6383.93,6403.06,6373.53,6400.56,385709630
2022-08-04 15:00:00,6400.56,6404.48,6367.69,6385.01,765687598
2022-08-05 09:00:00,6364.22,6383.71,6362.99,6373.67,638744205
2022-08-05 10:00:00,6373.67,6393.19,6364.93,6373.49,658012982
2022-08-05 11:00:00,6373.49,6399.48,6362.77,6385.69,329489235
2022-08-05 12:00:00,6385.69,6393.5,6359.77,6372.21,168934842
2022-08-05 13:00:00,6372.21,6375.66,6344.51,6353.5,259174824
2022-08-05 14:00:00,6353.5,6363.81,6333.11,6339.07,491950569
2022-08-05 15:00:00,6339.07,6375.08,6337.73,6359.56,823229033
2022-08-08 09:00:00,6355.49,6402.4,6352.13,6399.09,1293973258
2022-08-08 10:00:00,6399.09,6405.09,6374.16,6384.49,1401427761
2022-08-08 11:00:00,6384.49,6445.86,6383.62,6431.56,813892587
2022-08-08 12:00:00,6431.56,6439.61,6399.62,6403.54,308311938
2022-08-08 13:00:00,6403.54,6406.03,6380.26,6399.99,607939548
2022-08-08 14:00:00,6399.99,6404.11,6374.01,6374.54,782219981
2022-08-08 15:00:00,6374.54,6440.52,6373.77,6420.43,1885162871
2022-08-09 09:00:00,6411.97,6415.06,6384.26,6386.85,725349906
2022-08-09 10:00:00,6386.85,6391.85,6351.62,6373.3,820039745
2022-08-09 11:00:00,6373.3,6375.64,6305.73,6314.35,350919418
2022-08-09 12:00:00,6314.35,6323.55,6294.68,6314.16,185087353
2022-08-09 13:00:00,6314.16,6332.97,6297.56,6299.78,331810715
2022-08-09 14:00:00,6299.78,6341.73,6296.22,6339.53,520878114
2022-08-09 15:00:00,6339.53,6357.85,6327.92,6354.2,944224974
2022-08-10 09:00:00,6331.2,6345.17,6322.56,6331.84,724348822
2022-08-10 10:00:00,6331.84,6347.39,6310.47,6345.51,803040719
2022-08-10 11:00:00,6345.51,6355.26,6314.48,6354.96,396747722
2022-08-10 12:00:00,6354.96,6377.18,6337.57,6338.39,205824058
2022-08-10 13:00:00,6338.39,6356.62,6325.45,6353.87,325039926
2022-08-10 14:00:00,6353.87,6370.66,6339.67,6350.39,541322945
2022-08-10 15:00:00,6350.39,6365.79,6330.3,6344.19,980844794
2022-08-11 09:00:00,6326.84,6354.21,6318.85,6337.78,837636235
2022-08-11 10:00:00,6337.78,6354.51,6310.75,6318.72,1193323444
2022-08-11 11:00:00,6318.72,6350.67,6313.96,6345.33,451860763
2022-08-11 12:00:00,6345.33,6366.29,6339.14,6357.33,269419564
2022-08-11 13:00:00,6357.33,6382.09,6338.21,6377.61,484507977
2022-08-11 14:00:00,6377.61,6391.62,6365.92,6379.92,655777283
2022-08-11 15:00:00,6379.92,6391.82,6363.16,6375.39,1232986997
2022-08-12 09:00:00,6371.48,6392.82,6361.48,6387.76,785093850
2022-08-12 10:00:00,6387.76,6396.61,6364.23,6379.08,964954617
2022-08-12 11:00:00,6379.08,6400.36,6369.24,6396.91,510074996
2022-08-12 12:00:00,6396.91,6420.03,6393.02,6398.38,270584562
2022-08-12 13:00:00,6398.38,6413.26,6388.48,6400.66,474253423
2022-08-12 14:00:00,6400.66,6424.64,6389.76,6403.53,687177017
2022-08-12 15:00:00,6403.53,6408.48,6386.81,6389.53,1293250367
2022-08-15 09:00:00,6372.84,6377.11,6360.44,6368.59,645196317
2022-08-15 10:00:00,6368.59,6380.79,6345.44,6370.73,741000404
2022-08-15 11:00:00,6370.73,6373.34,6329.32,6332.49,369148914
2022-08-15 12:00:00,6332.49,6352.38,6312.68,6343.63,182845052
2022-08-15 13:00:00,6343.63,6358.97,6320.75,6321.41,265808409
2022-08-15 14:00:00,6321.41,6330.45,6306.08,6327.37,481205195
2022-08-15 15:00:00,6327.37,6332.47,6302.77,6318.88,1000687352
2022-08-16 09:00:00,6313.61,6345.79,6312.97,6330.15,380100339
2022-08-16 10:00:00,6330.15,6330.84,6290.84,6291.74,393250766
2022-08-16 11:00:00,6291.74,6292.4,6252.18,6266.04,190972331
2022-08-16 12:00:00,6266.04,6288.15,6251.22,6253.92,91692724
2022-08-16 13:00:00,6253.92,6270.86,6241.17,6269.85,163557461
2022-08-16 14:00:00,6269.85,6288.06,6251.91,6256.64,297819219
2022-08-16 15:00:00,6256.64,6278.51,6249.6,6262.77,551377929
2022-08-17 09:00:00,6264.84,6284.58,6263.81,6281.69,552937529
2022-08-17 10:00:00,6281.69,6285.66,6242.62,6245.81,607563039
2022-08-17 11:00:00,6245.81,6246.62,6196.58,6202.02,287758237
2022-08-17 12:00:00,6202.02,6206.36,6178.28,6185.65,153437172
2022-08-17 13:00:00,6185.65,6190.18,6165.24,6175.41,271174795
2022-08-17 14:00:00,6175.41,6203.37,6169.54,6196.21,401947038
2022-08-17 15:00:00,6196.21,6205.19,6167.55,6172.58,840881093
2022-08-18 09:00:00,6171.7,6177.12,6158.48,6161.36,1176362443
2022-08-18 10:00:00,6161.36,6169.23,6139.38,6154.59,1307493840
2022-08-18 11:00:00,6154.59,6170.24,6143.62,6165.42,662693698
2022-08-18 12:00:00,6165.42,6194.03,6163.19,6175.74,307812199
2022-08-18 13:00:00,6175.74,6185.27,6162.54,6180.7,547709443
2022-08-18 14:00:00,6180.7,6192.62,6158.8,6187.98,851592716
2022-08-18 15:00:00,6187.98,6205.55,6176.13,6196.04,1914637833
2022-08-19 09:00:00,6214.71,6220.11,6194.29,6201.01,571539326
2022-08-19 10:00:00,6201.01,6212.75,6187.46,6203.25,597393845
2022-08-19 11:00:00,6203.25,6213.45,6183.84,6195.65,283220245
2022-08-19 12:00:00,6195.65,6202.52,6178.76,6191.43,161591352
2022-08-19 13:00:00,6191.43,6223.74,6177.72,6221.04,245883672
2022-08-19 14:00:00,6221.04,6275.35,6212.77,6266.35,384985981
2022-08-19 15:00:00,6266.35,6273.21,6207.78,6216.41,818762417
2022-08-22 09:00:00,6196.01,6207.27,6171.89,6177.44,590058904
2022-08-22 10:00:00,6177.44,6186.57,6167.46,6172.3,681010364
2022-08-22 11:00:00,6172.3,6215.07,6164.64,6203.78,332854493
2022-08-22 12:00:00,6203.78,6204.3,6167.97,6179.44,165015922
2022-08-22 13:00:00,6179.44,6184.37,6119.51,6124.65,273936457
2022-08-22 14:00:00,6124.65,6180.78,6114.79,6157.45,460152795
2022-08-22 15:00:00,6157.45,6166.1,6146.11,6149.86,876018640
2022-08-23 09:00:00,6148.45,6150.57,6119.92,6121.41,583417232
2022-08-23 10:00:00,6121.41,6122.25,6093.21,6110.16,625720094
2022-08-23 11:00:00,6110.16,6160.4,6109.12,6149.46,269232364
2022-08-23 12:00:00,6149.46,6166.94,6144.63,6166.6,148824264
2022-08-23 13:00:00,6166.6,6167.31,6125.6,6128.41,227128353
2022-08-23 14:00:00,6128.41,6158.74,6111.17,6153.25,349085589
2022-08-23 15:00:00,6153.25,6189.89,6151.85,6186.19,837063450
2022-08-24 09:00:00,6195.36,6202.38,6187.61,6195.68,581691586
2022-08-24 10:00:00,6195.68,6205.62,6170.27,6171.53,554635685
2022-08-24 11:00:00,6171.53,6212.55,6168.64,6204.6,278763678
2022-08-24 12:00:00,6204.6,6224.27,6190.53,6217.83,128981942
2022-08-24 13:00:00,6217.83,6236.43,6184.71,6187.17,256494068
2022-08-24 14:00:00,6187.17,6191.32,6165.36,6178.2,378781818
2022-08-24 15:00:00,6178.2,6188.31,6161.01,6173.45,782623992
2022-08-25 09:00:00,6188.73,6208.44,6186.73,6192.06,461168883
2022-08-25 10:00:00,6192.06,6195.59,6154.17,6171.32,505360276
2022-08-25 11:00:00,6171.32,6172.14,6136.23,6142.47,262680230
2022-08-25 12:00:00,6142.47,6148.24,6123.29,6129.17,133489189
2022-08-25 13:00:00,6129.17,6135.45,6100.84,6101.84,210810207
2022-08-25 14:00:00,6101.84,6119.38,6088.87,6109.48,336386718
2022-08-25 15:00:00,6109.48,6130.31,6100.96,6112.86,671266731
2022-08-26 09:00:00,6119.83,6120.67,6073.72,6073.77,537883343
2022-08-26 10:00:00,6073.77,6087.12,6057.02,6079.22,633982302
2022-08-26 11:00:00,6079.22,6101.79,6070.12,6089.57,288280307
2022-08-26 12:00:00,6089.57,6111.09,6084.76,6103.06,150925081
2022-08-26 13:00:00,6103.06,6109.68,6062.68,6079.03,229442233
2022-08-26 14:00:00,6079.03,6095.68,6069.31,6086.2,401283756
2022-08-26 15:00:00,6086.2,6092.48,6039.0,6052.47,729760204
2022-08-29 09:00:00,6060.73,6062.44,6043.0,6051.44,802144442
2022-08-29 10:00:00,6051.44,6057.69,6031.58,6040.94,787833455
2022-08-29 11:00:00,6040.94,6072.09,6038.4,6062.74,409478758
2022-08-29 12:00:00,6062.74,6087.21,6058.94,6086.01,190788927
2022-08-29 13:00:00,6086.01,6093.46,6070.74,6072.36,310647682
2022-08-29 14:00:00,6072.36,6079.06,6057.81,6066.07,508935904
2022-08-29 15:00:00,6066.07,6074.77,6031.39,6063.29,981181836
2022-08-30 09:00:00,6071.71,6072.28,6042.75,6043.01,738136567
2022-08-30 10:00:00,6043.01,6046.24,6025.5,6026.23,952879853
2022-08-30 11:00:00,6026.23,6030.34,5982.5,5995.75,423904411
2022-08-30 12:00:00,5995.75,6022.4,5986.87,6017.78,228289543
2022-08-30 13:00:00,6017.78,6026.48,6001.98,6026.28,353104322
2022-08-30 14:00:00,6026.28,6035.98,6018.66,6030.99,566898877
2022-08-30 15:00:00,6030.99,6046.16,6014.47,6030.02,1109347148
2022-08-31 09:00:00,6019.52,6025.2,5991.84,6005.21,604383879
2022-08-31 10:00:00,6005.21,6014.91,5986.71,6006.5,694247458
2022-08-31 11:00:00,6006.5,6029.61,6005.78,6012.28,317681393
2022-08-31 12:00:00,6012.28,6033.32,5998.89,6017.53,159531857
2022-08-31 13:00:00,6017.53,6021.3,5958.59,5974.32,269525389
2022-08-31 14:00:00,5974.32,5978.39,5951.58,5960.92,412945631
2022-08-31 15:00:00,5960.92,6012.67,5956.53,6002.82,891774449
2022-09-01 09:00:00,6007.36,6013.13,5989.91,6002.1,491469582
2022-09-01 10:00:00,6002.1,6011.59,5985.81,5989.67,554905474
2022-09-01 11:00:00,5989.67,6032.92,5987.91,6028.46,260036947
2022-09-01 12:00:00,6028.46,6051.65,6021.4,6034.34,133999895
2022-09-01 13:00:00,6034.34,6042.97,6021.45,6029.61,208913482
2022-09-01 14:00:00,6029.61,6039.61,6015.05,6016.41,341932957
2022-09-01 15:00:00,6016.41,6070.46,6013.39,6062.05,681450502
2022-09-02 09:00:00,6027.23,6032.58,6013.31,6025.3,639420930
2022-09-02 10:00:00,6025.3,6032.85,5996.29,6000.98,742870681
2022-09-02 11:00:00,6000.98,6001.87,5956.99,5961.54,384526836
2022-09-02 12:00:00,5961.54,5968.66,5940.42,5951.48,204119344
2022-09-02 13:00:00,5951.48,5964.72,5935.82,5944.2,327210932
2022-09-02 14:00:00,5944.2,6013.3,5936.91,6005.35,520644172
2022-09-02 15:00:00,6005.35,6024.99,5999.6,6024.84,989906460
2022-09-06 09:00:00,6009.58,6011.08,5981.19,5993.46,752365673
2022-09-06 10:00:00,5993.46,6020.55,5987.04,6010.25,987263616
2022-09-06 11:00:00,6010.25,6026.64,6000.66,6018.83,413162450
2022-09-06 12:00:00,6018.83,6030.24,6009.96,6010.77,238123377
2022-09-06 13:00:00,6010.77,6033.15,5993.83,6019.09,365400371
2022-09-06 14:00:00,6019.09,6044.38,6015.55,6031.85,559882356
2022-09-06 15:00:00,6031.85,6063.39,6030.11,6045.4,1215825783
2022-09-07 09:00:00,6058.25,6071.63,6040.9,6065.96,820464352
2022-09-07 10:00:00,6065.96,6074.37,6052.16,6064.88,752885128
2022-09-07 11:00:00,6064.88,6068.38,6041.27,6051.25,411215036
2022-09-07 12:00:00,6051.25,6064.08,6026.34,6054.9,199769833
2022-09-07 13:00:00,6054.9,6060.07,6027.11,6030.97,365419371
2022-09-07 14:00:00,6030.97,6036.32,6010.28,6016.35,503847552
2022-09-07 15:00:00,6016.35,6035.13,6009.24,6019.8,1170218947
2022-09-08 09:00:00,6047.58,6071.88,6044.44,6062.4,638571115
2022-09-08 10:00:00,6062.4,6066.91,6047.97,6056.16,749761577
2022-09-08 11:00:00,6056.16,6062.83,6027.74,6030.93,339993867
2022-09-08 12:00:00,6030.93,6068.08,6028.37,6054.29,174582857
2022-09-08 13:00:00,6054.29,6060.65,6042.69,6049.8,308064268
2022-09-08 14:00:00,6049.8,6061.78,6030.77,6037.02,500211839
2022-09-08 15:00:00,6037.02,6038.45,5987.16,5993.95,909758964
2022-09-09 09:00:00,5965.51,5966.26,5946.25,5953.7,686566657
2022-09-09 10:00:00,5953.7,5956.59,5929.58,5938.7,719582175
2022-09-09 11:00:00,5938.7,6006.8,5938.06,6001.0,341358142
2022-09-09 12:00:00,6001.0,6012.55,5978.47,6012.41,200251680
2022-09-09 13:00:00,6012.41,6042.68,6004.75,6030.46,302567710
2022-09-09 14:00:00,6030.46,6055.81,6027.15,6045.65,433936528
2022-09-09 15:00:00,6045.65,6060.52,6033.28,6047.74,828175506
2022-09-12 09:00:00,6014.15,6023.4,6007.98,6021.25,820355066
2022-09-12 10:00:00,6021.25,6029.48,6006.98,6022.57,889669611
2022-09-12 11:00:00,6022.57,6059.18,6006.3,6053.63,385663714
2022-09-12 12:00:00,6053.63,6072.31,6036.12,6038.8,202792122
2022-09-12 13:00:00,6038.8,6045.84,6025.37,6039.58,364810473
2022-09-12 14:00:00,6039.58,6062.75,6027.55,6032.74,520239225
2022-09-12 15:00:00,6032.74,6056.83,6024.9,6055.02,1126832001
2022-09-13 09:00:00,6049.52,6059.42,6035.25,6039.13,570555361
2022-09-13 10:00:00,6039.13,6047.2,6023.56,6044.82,671198485
2022-09-13 11:00:00,6044.82,6055.23,6033.04,6043.67,281910601
2022-09-13 12:00:00,6043.67,6089.43,6040.11,6087.65,168066926
2022-09-13 13:00:00,6087.65,6096.22,6057.82,6067.86,226280290
2022-09-13 14:00:00,6067.86,6083.22,6056.03,6070.57,401627037
2022-09-13 15:00:00,6070.57,6078.06,6051.51,6069.21,823898991
2022-09-14 09:00:00,6066.45,6086.05,6065.05,6079.58,309487406
2022-09-14 10:00:00,6079.58,6089.94,6049.89,6059.81,378457410
2022-09-14 11:00:00,6059.81,6089.2,6041.24,6058.58,147596196
2022-09-14 12:00:00,6058.58,6058.81,6028.95,6048.15,82564448
2022-09-14 13:00:00,6048.15,6065.29,5951.75,6015.46,126457227
2022-09-14 14:00:00,6015.46,6026.23,6006.92,6022.01,223027241
2022-09-14 15:00:00,6022.01,6048.19,6015.38,6016.3,439836091
2022-09-15 09:00:00,6021.66,6023.52,6004.43,6016.4,443982742
2022-09-15 10:00:00,6016.4,6022.82,5989.76,5999.77,512478590
2022-09-15 11:00:00,5999.77,6034.74,5996.92,6033.62,259046091
2022-09-15 12:00:00,6033.62,6034.12,5981.98,5987.7,133274247
2022-09-15 13:00:00,5987.7,6001.29,5976.75,5980.76,221106816
2022-09-15 14:00:00,5980.76,5995.75,5963.48,5989.05,310617242
2022-09-15 15:00:00,5989.05,6014.97,5988.44,5997.05,613534632
2022-09-16 09:00:00,6003.56,6030.95,6002.54,6007.62,446201636
2022-09-16 10:00:00,6007.62,6030.47,6007.57,6011.52,525307190
2022-09-16 11:00:00,6011.52,6024.17,5999.11,6017.99,238936201
2022-09-16 12:00:00,6017.99,6060.71,6016.29,6044.02,123462559
2022-09-16 13:00:00,6044.02,6080.79,6042.23,6079.79,165542221
2022-09-16 14:00:00,6079.79,6102.66,6066.33,6088.61,334087221
2022-09-16 15:00:00,6088.61,6093.61,6075.12,6085.65,580647460
2022-09-19 09:00:00,6080.17,6089.87,6059.66,6063.07,454245430
2022-09-19 10:00:00,6063.07,6077.78,6050.27,6054.51,505804128
2022-09-19 11:00:00,6054.51,6068.33,6051.75,6061.95,216960504
2022-09-19 12:00:00,6061.95,6078.49,6048.27,6060.69,130077588
2022-09-19 13:00:00,6060.69,6065.65,6021.4,6027.67,206560088
2022-09-19 14:00:00,6027.67,6039.22,6005.1,6037.05,360904275
2022-09-19 15:00:00,6037.05,6050.52,6024.52,6040.5,650868348
2022-09-20 09:00:00,6054.38,6071.52,6046.33,6060.44,567354951
2022-09-20 10:00:00,6060.44,6082.83,6049.19,6050.65,636975791
2022-09-20 11:00:00,6050.65,6056.95,6005.85,6029.29,337625952
2022-09-20 12:00:00,6029.29,6031.89,5979.9,5980.55,169622238
2022-09-20 13:00:00,5980.55,5998.09,5973.51,5985.62,276951960
2022-09-20 14:00:00,5985.62,6029.77,5983.74,6027.94,446561576
2022-09-20 15:00:00,6027.94,6068.54,6022.81,6066.33,875930909
2022-09-21 09:00:00,6051.11,6066.68,6050.67,6062.11,679349059
2022-09-21 10:00:00,6062.11,6071.33,6048.05,6058.09,755040556
2022-09-21 11:00:00,6058.09,6103.65,6055.37,6103.03,367715642
2022-09-21 12:00:00,6103.03,6138.68,6090.76,6093.14,174556728
2022-09-21 13:00:00,6093.14,6105.58,6088.4,6095.11,345915932
2022-09-21 14:00:00,6095.11,6096.94,6055.28,6089.09,528362674
2022-09-21 15:00:00,6089.09,6102.59,6071.29,6071.47,870116580
2022-09-22 09:00:00,6052.68,6061.39,6044.67,6048.9,534345489
2022-09-22 10:00:00,6048.9,6057.56,6033.19,6053.67,585102631
2022-09-22 11:00:00,6053.67,6058.32,6030.3,6046.84,266170326
2022-09-22 12:00:00,6046.84,6062.92,6035.04,6057.01,151454623
2022-09-22 13:00:00,6057.01,6063.84,6002.25,6005.23,235992847
2022-09-22 14:00:00,6005.23,6033.5,5998.99,6032.24,342243095
2022-09-22 15:00:00,6032.24,6047.42,6020.85,6026.87,743691932
2022-09-23 09:00:00,6014.6,6027.33,6013.24,6021.48,721408692
2022-09-23 10:00:00,6021.48,6059.28,6015.54,6021.79,914377240
2022-09-23 11:00:00,6021.79,6039.58,6014.57,6032.16,501211313
2022-09-23 12:00:00,6032.16,6054.34,6015.08,6042.35,221977384
2022-09-23 13:00:00,6042.35,6074.03,6030.89,6054.95,384727030
2022-09-23 14:00:00,6054.95,6055.29,6030.13,6045.85,614203089
2022-09-23 15:00:00,6045.85,6060.23,6038.49,6059.27,1140073911
2022-09-26 09:00:00,6095.3,6097.7,6080.65,6091.16,623001232
2022-09-26 10:00:00,6091.16,6101.29,6074.97,6080.6,680181790
2022-09-26 11:00:00,6080.6,6089.71,6057.22,6070.25,329622089
2022-09-26 12:00:00,6070.25,6088.27,6066.11,6074.68,157184003
2022-09-26 13:00:00,6074.68,6083.85,6049.94,6052.52,250940131
2022-09-26 14:00:00,6052.52,6069.6,6023.73,6025.52,382562024
2022-09-26 15:00:00,6025.52,6048.62,6014.93,6044.12,906275491
2022-09-27 09:00:00,6037.31,6074.98,6034.56,6066.75,1225985446
2022-09-27 10:00:00,6066.75,6068.19,6019.96,6028.06,1241995311
2022-09-27 11:00:00,6028.06,6049.64,6017.21,6018.62,661647865
2022-09-27 12:00:00,6018.62,6018.94,5993.52,6003.78,315430454
2022-09-27 13:00:00,6003.78,6033.11,6002.78,6019.44,483668620
2022-09-27 14:00:00,6019.44,6032.21,6013.77,6023.97,800881063
2022-09-27 15:00:00,6023.97,6024.36,5980.93,5984.85,1948435187
2022-09-28 09:00:00,5956.2,5989.44,5955.04,5982.86,775012433
2022-09-28 10:00:00,5982.86,6012.56,5982.31,5999.19,868300119
2022-09-28 11:00:00,5999.19,6044.83,5998.81,6024.77,377620698
2022-09-28 12:00:00,6024.77,6063.64,6022.06,6052.7,198526281
2022-09-28 13:00:00,6052.7,6062.13,6037.77,6041.45,328562909
2022-09-28 14:00:00,6041.45,6045.68,6017.96,6022.94,593332393
2022-09-28 15:00:00,6022.94,6061.76,6013.29,6054.44,1149481851
2022-09-29 09:00:00,6067.75,6089.28,6063.84,6085.19,1103619842
2022-09-29 10:00:00,6085.19,6100.34,6064.09,6097.84,1056114585
2022-09-29 11:00:00,6097.84,6132.15,6089.13,6122.08,505661694
2022-09-29 12:00:00,6122.08,6136.58,6104.82,6124.18,267589073
2022-09-29 13:00:00,6124.18,6138.3,6118.14,6127.42,386207843
2022-09-29 14:00:00,6127.42,6153.85,6117.86,6144.92,734736898
2022-09-29 15:00:00,6144.92,6172.14,6138.82,6139.49,1338277335
2022-09-30 09:00:00,6147.89,6155.33,6138.64,6140.37,1061389287
2022-09-30 10:00:00,6140.37,6145.56,6108.19,6121.99,1078627362
2022-09-30 11:00:00,6121.99,6145.55,6107.36,6137.17,447092235
2022-09-30 12:00:00,6137.17,6173.64,6132.32,6167.03,273001121
2022-09-30 13:00:00,6167.03,6178.17,6155.02,6169.2,416853723
2022-09-30 14:00:00,6169.2,6172.33,6141.85,6151.52,654080480
2022-09-30 15:00:00,6151.52,6176.28,6138.45,6175.44,1144495860
2022-10-03 09:00:00,6196.67,6219.17,6183.88,6187.93,644735276
2022-10-03 10:00:00,6187.93,6194.9,6157.22,6169.5,517574606
2022-10-03 11:00:00,6169.5,6198.03,6165.83,6177.84,262410152
2022-10-03 12:00:00,6177.84,6197.99,6177.49,6183.48,147908124
2022-10-03 13:00:00,6183.48,6196.23,6166.16,6193.99,252973647
2022-10-03 14:00:00,6193.99,6202.96,6174.16,6192.16,379406009
2022-10-03 15:00:00,6192.16,6206.62,6182.88,6191.85,824958215
2022-10-04 09:00:00,6214.74,6215.02,6182.62,6183.03,1072623574
2022-10-04 10:00:00,6183.03,6184.23,6148.12,6166.56,984147095
2022-10-04 11:00:00,6166.56,6192.57,6150.49,6187.06,490439429
2022-10-04 12:00:00,6187.06,6188.8,6163.38,6177.32,260987365
2022-10-04 13:00:00,6177.32,6220.37,6170.02,6207.2,401725461
2022-10-04 14:00:00,6207.2,6236.35,6203.87,6233.79,614800385
2022-10-04 15:00:00,6233.79,6266.3,6218.96,6241.01,1200396895
2022-10-05 09:00:00,6236.56,6257.46,6235.88,6256.8,729001772
2022-10-05 10:00:00,6256.8,6265.35,6233.72,6248.08,825523852
2022-10-05 11:00:00,6248.08,6305.58,6247.64,6284.94,407026997
2022-10-05 12:00:00,6284.94,6288.33,6257.7,6259.33,220182466
2022-10-05 13:00:00,6259.33,6281.23,6252.89,6258.79,364162890
2022-10-05 14:00:00,6258.79,6307.27,6243.31,6301.71,489748949
2022-10-05 15:00:00,6301.71,6309.33,6274.27,6298.12,917132549
2022-10-06 09:00:00,6292.31,6293.64,6255.11,6267.09,509682618
2022-10-06 10:00:00,6267.09,6329.02,6258.7,6325.99,584112255
2022-10-06 11:00:00,6325.99,6330.58,6302.66,6320.66,266368644
2022-10-06 12:00:00,6320.66,6336.77,6308.44,6319.57,143568714
2022-10-06 13:00:00,6319.57,6355.22,6317.22,6348.93,222391259
2022-10-06 14:00:00,6348.93,6359.38,6332.5,6334.19,419619929
2022-10-06 15:00:00,6334.19,6345.7,6287.09,6306.62,702845832
2022-10-07 09:00:00,6325.81,6326.82,6291.27,6296.34,621242291
2022-10-07 10:00:00,6296.34,6330.44,6286.62,6328.59,601024604
2022-10-07 11:00:00,6328.59,6375.57,6327.18,6369.39,277413245
2022-10-07 12:00:00,6369.39,6383.86,6362.79,6374.28,141700606
2022-10-07 13:00:00,6374.28,6377.18,6350.99,6364.99,214002045
2022-10-07 14:00:00,6364.99,6377.65,6347.36,6369.26,362894810
2022-10-07 15:00:00,6369.26,6416.29,6356.67,6397.95,711347341
2022-10-10 09:00:00,6374.91,6376.52,6355.63,6370.89,898510119
2022-10-10 10:00:00,6370.89,6380.31,6338.07,6340.38,1020063531
2022-10-10 11:00:00,6340.38,6406.93,6337.05,6399.47,546775493
2022-10-10 12:00:00,6399.47,6408.69,6385.79,6393.1,267631131
2022-10-10 13:00:00,6393.1,6398.42,6370.23,6374.66,395537984
2022-10-10 14:00:00,6374.66,6413.25,6366.85,6412.46,599771916
2022-10-10 15:00:00,6412.46,6426.51,6397.37,6423.7,1360637486
2022-10-11 09:00:00,6426.71,6444.88,6414.98,6422.99,738164472
2022-10-11 10:00:00,6422.99,6461.96,6422.58,6448.44,790962619
2022-10-11 11:00:00,6448.44,6468.94,6436.86,6453.14,370756838
2022-10-11 12:00:00,6453.14,6453.94,6394.5,6413.81,193785268
2022-10-11 13:00:00,6413.81,6431.74,6402.5,6425.28,290477837
2022-10-11 14:00:00,6425.28,6458.74,6411.64,6449.0,497356642
2022-10-11 15:00:00,6449.0,6457.93,6418.86,6427.18,977444482
2022-10-12 09:00:00,6428.64,6445.19,6416.85,6444.05,804632586
2022-10-12 10:00:00,6444.05,6487.95,6440.97,6473.35,747006578
2022-10-12 11:00:00,6473.35,6491.52,6430.51,6436.18,426862553
2022-10-12 12:00:00,6436.18,6461.39,6420.85,6434.47,217041435
2022-10-12 13:00:00,6434.47,6454.26,6421.61,6448.26,340413129
2022-10-12 14:00:00,6448.26,6491.07,6446.77,6478.36,544207255
2022-10-12 15:00:00,6478.36,6504.23,6472.73,6487.89,1088716277
2022-10-13 09:00:00,6487.53,6488.34,6468.91,6472.98,496337751
2022-10-13 10:00:00,6472.98,6493.12,6461.86,6489.21,511571486
2022-10-13 11:00:00,6489.21,6524.69,6484.66,6499.15,298818863
2022-10-13 12:00:00,6499.15,6529.24,6492.35,6513.49,142867379
2022-10-13 13:00:00,6513.49,6540.33,6500.54,6520.91,213433984
2022-10-13 14:00:00,6520.91,6575.74,6519.98,6558.39,393227093
2022-10-13 15:00:00,6558.39,6569.71,6542.97,6551.23,749425668
2022-10-14 09:00:00,6553.23,6578.06,6551.03,6571.39,495233757
2022-10-14 10:00:00,6571.39,6574.48,6550.04,6562.17,628279959
2022-10-14 11:00:00,6562.17,6598.37,6561.2,6590.3,294907562
2022-10-14 12:00:00,6590.3,6657.54,6581.63,6641.68,133172322
2022-10-14 13:00:00,6641.68,6664.95,6636.46,6660.79,200660980
2022-10-14 14:00:00,6660.79,6703.22,6659.57,6698.62,400610357
2022-10-14 15:00:00,6698.62,6715.35,6652.41,6669.61,705031976
2022-10-17 09:00:00,6666.25,6682.7,6660.85,6678.22,940003793
2022-10-17 10:00:00,6678.22,6711.98,6676.69,6702.93,944171150
2022-10-17 11:00:00,6702.93,6712.22,6678.24,6697.75,486016354
2022-10-17 12:00:00,6697.75,6705.72,6664.75,6672.23,250589655
2022-10-17 13:00:00,6672.23,6690.68,6650.94,6690.28,438884009
2022-10-17 14:00:00,6690.28,6703.58,6684.33,6684.78,706642863
2022-10-17 15:00:00,6684.78,6700.58,6677.76,6694.0,1457918780
2022-10-18 09:00:00,6701.29,6709.72,6671.89,6685.6,537391524
2022-10-18 10:00:00,6685.6,6708.26,6661.53,6707.58,629338508
2022-10-18 11:00:00,6707.58,6738.79,6693.1,6706.13,271128282
2022-10-18 12:00:00,6706.13,6720.24,6683.82,6716.35,163452216
2022-10-18 13:00:00,6716.35,6733.81,6704.2,6711.91,251533513
2022-10-18 14:00:00,6711.91,6724.64,6692.78,6719.58,378811074
2022-10-18 15:00:00,6719.58,6732.04,6679.65,6681.34,769854948
2022-10-19 09:00:00,6683.86,6693.11,6677.16,6682.64,764085330
2022-10-19 10:00:00,6682.64,6708.95,6678.67,6683.42,828947270
2022-10-19 11:00:00,6683.42,6693.08,6664.82,6670.01,347886928
2022-10-19 12:00:00,6670.01,6697.72,6658.04,6686.71,212788472
2022-10-19 13:00:00,6686.71,6722.89,6686.19,6711.07,339961131
2022-10-19 14:00:00,6711.07,6722.51,6690.29,6690.72,565141525
2022-10-19 15:00:00,6690.72,6704.15,6665.66,6684.66,1089031667
2022-10-20 09:00:00,6726.01,6726.76,6699.9,6724.99,633588841
2022-10-20 10:00:00,6724.99,6744.96,6680.39,6685.92,632835914
2022-10-20 11:00:00,6685.92,6690.35,6668.31,6677.17,331374906
2022-10-20 12:00:00,6677.17,6698.22,6669.7,6691.66,152396034
2022-10-20 13:00:00,6691.66,6703.65,6676.38,6693.36,288934311
2022-10-20 14:00:00,6693.36,6697.17,6670.7,6691.71,497963853
2022-10-20 15:00:00,6691.71,6725.32,6679.38,6716.23,924126720
2022-10-21 09:00:00,6694.52,6704.34,6688.19,6702.04,486055417
2022-10-21 10:00:00,6702.04,6715.1,6681.27,6710.66,577670874
2022-10-21 11:00:00,6710.66,6722.61,6680.03,6712.05,271326645
2022-10-21 12:00:00,6712.05,6750.25,6711.57,6741.33,165241683
2022-10-21 13:00:00,6741.33,6750.97,6718.8,6729.62,233941191
2022-10-21 14:00:00,6729.62,6738.75,6702.67,6716.84,389058532
2022-10-21 15:00:00,6716.84,6757.44,6716.07,6742.89,794540506
2022-10-24 09:00:00,6749.73,6753.12,6735.09,6743.36,709292633
2022-10-24 10:00:00,6743.36,6763.69,6730.52,6760.02,830749288
2022-10-24 11:00:00,6760.02,6790.23,6741.38,6778.19,373929805
2022-10-24 12:00:00,6778.19,6797.43,6683.03,6702.4,167421480
2022-10-24 13:00:00,6702.4,6744.66,6696.49,6740.28,310586967
2022-10-24 14:00:00,6740.28,6747.4,6695.08,6731.11,524905485
2022-10-24 15:00:00,6731.11,6736.52,6703.96,6722.13,1082103697
2022-10-25 09:00:00,6728.61,6736.33,6717.06,6729.72,675087582
2022-10-25 10:00:00,6729.72,6739.61,6715.59,6721.28,788195765
2022-10-25 11:00:00,6721.28,6748.68,6708.37,6709.38,359207412
2022-10-25 12:00:00,6709.38,6741.58,6695.61,6734.75,203177625
2022-10-25 13:00:00,6734.75,6735.81,6675.2,6677.14,308093829
2022-10-25 14:00:00,6677.14,6695.93,6656.42,6692.19,498014860
2022-10-25 15:00:00,6692.19,6698.45,6659.73,6677.15,1084571046
2022-10-26 09:00:00,6683.77,6693.97,6665.43,6665.44,452635973
2022-10-26 10:00:00,6665.44,6668.95,6611.56,6616.06,514944276
2022-10-26 11:00:00,6616.06,6644.91,6598.05,6629.28,237618838
2022-10-26 12:00:00,6629.28,6645.75,6608.13,6609.87,117880060
2022-10-26 13:00:00,6609.87,6678.18,6606.41,6676.63,205132192
2022-10-26 14:00:00,6676.63,6691.13,6654.15,6685.05,330191228
2022-10-26 15:00:00,6685.05,6694.09,6667.25,6669.04,696969110
2022-10-27 09:00:00,6685.78,6685.93,6663.29,6673.81,889540156
2022-10-27 10:00:00,6673.81,6706.88,6664.85,6704.19,957844104
2022-10-27 11:00:00,6704.19,6721.46,6684.72,6695.97,527215595
2022-10-27 12:00:00,6695.97,6712.56,6664.54,6672.35,255912436
2022-10-27 13:00:00,6672.35,6702.08,6651.2,6686.39,456052189
2022-10-27 14:00:00,6686.39,6693.91,6650.08,6651.13,708091859
2022-10-27 15:00:00,6651.13,6683.82,6641.97,6671.78,1319760967
2022-10-28 09:00:00,6649.49,6652.12,6619.69,6624.23,496001412
2022-10-28 10:00:00,6624.23,6628.91,6576.79,6595.42,641896294
2022-10-28 11:00:00,6595.42,6642.2,6590.72,6631.6,276747784
2022-10-28 12:00:00,6631.6,6649.61,6617.23,6618.74,167535913
2022-10-28 13:00:00,6618.74,6638.2,6608.5,6625.67,260429362
2022-10-28 14:00:00,6625.67,6627.26,6587.46,6588.57,390008957
2022-10-28 15:00:00,6588.57,6590.96,6573.28,6575.74,740026657
2022-10-31 09:00:00,6591.63,6597.9,6571.17,6576.71,846049917
2022-10-31 10:00:00,6576.71,6614.61,6566.73,6604.08,964235862
2022-10-31 11:00:00,6604.08,6628.54,6591.57,6623.32,485919855
2022-10-31 12:00:00,6623.32,6637.6,6608.08,6632.05,245454256
2022-10-31 13:00:00,6632.05,6654.2,6626.09,6639.2,359945075
2022-10-31 14:00:00,6639.2,6666.81,6633.8,6648.8,571168196
2022-10-31 15:00:00,6648.8,6662.93,6629.67,6649.38,1028868938
2022-11-01 09:00:00,6642.15,6643.58,6618.65,6619.6,534056577
2022-11-01 10:00:00,6619.6,6630.56,6597.43,6603.0,557586967
2022-11-01 11:00:00,6603.0,6607.5,6580.77,6594.46,265020052
2022-11-01 12:00:00,6594.46,6616.84,6590.64,6608.15,145436430
2022-11-01 13:00:00,6608.15,6644.46,6596.55,6610.75,232421050
2022-11-01 14:00:00,6610.75,6618.75,6582.52,6584.7,391875851
2022-11-01 15:00:00,6584.7,6587.74,6542.37,6550.15,748592363
2022-11-02 09:00:00,6527.82,6535.41,6503.48,6526.16,511617884
2022-11-02 10:00:00,6526.16,6544.03,6508.62,6520.83,607735303
2022-11-02 11:00:00,6520.83,6531.72,6460.9,6492.78,261296869
2022-11-02 12:00:00,6492.78,6509.91,6470.16,6492.99,149719175
2022-11-02 13:00:00,6492.99,6507.97,6478.06,6506.43,254754067
2022-11-02 14:00:00,6506.43,6508.77,6463.45,6474.93,422760948
2022-11-02 15:00:00,6474.93,6483.95,6458.54,6466.15,771402228
2022-11-03 09:00:00,6466.97,6483.49,6464.48,6472.65,535483800
2022-11-03 10:00:00,6472.65,6477.67,6444.85,6469.87,592475088
2022-11-03 11:00:00,6469.87,6483.47,6456.69,6472.64,306867609
2022-11-03 12:00:00,6472.64,6520.15,6467.8,6509.46,156640922
2022-11-03 13:00:00,6509.46,6518.0,6494.14,6496.21,250940182
2022-11-03 14:00:00,6496.21,6521.19,6492.39,6502.93,406134027
2022-11-03 15:00:00,6502.93,6503.32,6444.06,6449.28,744518612
2022-11-04 09:00:00,6434.74,6462.23,6431.25,6452.74,1049601155
2022-11-04 10:00:00,6452.74,6457.67,6403.89,6404.26,1004159352
2022-11-04 11:00:00,6404.26,6414.7,6391.06,6410.08,569336743
2022-11-04 12:00:00,6410.08,6413.96,6360.76,6371.14,297297086
2022-11-04 13:00:00,6371.14,6393.09,6362.4,6364.16,470727395
2022-11-04 14:00:00,6364.16,6419.23,6327.72,6399.37,764620517
2022-11-04 15:00:00,6399.37,6423.06,6396.64,6422.36,1443165227
2022-11-07 09:00:00,6459.22,6462.43,6440.86,6455.05,692424003
2022-11-07 10:00:00,6455.05,6470.77,6432.84,6440.14,775589872
2022-11-07 11:00:00,6440.14,6450.81,6426.47,6427.66,347763464
2022-11-07 12:00:00,6427.66,6454.02,6416.91,6441.54,170419810
2022-11-07 13:00:00,6441.54,6443.86,6372.35,6387.6,295165030
2022-11-07 14:00:00,6387.6,6405.83,6380.97,6395.79,471111353
2022-11-07 15:00:00,6395.79,6414.53,6384.64,6410.74,953868707
2022-11-08 09:00:00,6407.07,6426.63,6405.47,6416.65,957756934
2022-11-08 10:00:00,6416.65,6452.76,6409.75,6444.67,981788222
2022-11-08 11:00:00,6444.67,6470.26,6434.77,6465.33,435306891
2022-11-08 12:00:00,6465.33,6496.02,6456.1,6495.0,258548251
2022-11-08 13:00:00,6495.0,6511.92,6476.24,6492.83,359161755
2022-11-08 14:00:00,6492.83,6538.05,6486.66,6527.21,540800952
2022-11-08 15:00:00,6527.21,6536.03,6511.16,6522.72,1224834421
2022-11-09 09:00:00,6515.03,6531.08,6502.07,6530.26,884455372
2022-11-09 10:00:00,6530.26,6577.83,6495.6,6567.64,876886365
2022-11-09 11:00:00,6567.64,6574.7,6537.01,6545.14,453316609
2022-11-09 12:00:00,6545.14,6559.33,6526.87,6530.57,199964448
2022-11-09 13:00:00,6530.57,6558.85,6519.39,6556.06,389967537
2022-11-09 14:00:00,6556.06,6596.48,6549.53,6576.95,624409220
2022-11-09 15:00:00,6576.95,6592.1,6553.75,6557.69,1025750818
2022-11-10 09:00:00,6552.28,6564.77,6541.21,6563.3,856130244
2022-11-10 10:00:00,6563.3,6611.66,6559.16,6593.95,849394878
2022-11-10 11:00:00,6593.95,6622.48,6593.03,6599.74,426783112
2022-11-10 12:00:00,6599.74,6614.98,6588.12,6588.16,229961843
2022-11-10 13:00:00,6588.16,6611.13,6578.03,6597.53,367403043
2022-11-10 14:00:00,6597.53,6599.24,6577.02,6585.64,566653464
2022-11-10 15:00:00,6585.64,6588.71,6529.23,6531.74,1114034912
2022-11-11 09:00:00,6538.03,6549.81,6531.52,6543.09,658630900
2022-11-11 10:00:00,6543.09,6565.12,6538.9,6558.6,690914549
2022-11-11 11:00:00,6558.6,6570.71,6529.07,6554.89,353638101
2022-11-11 12:00:00,6554.89,6569.25,6543.82,6560.08,189571791
2022-11-11 13:00:00,6560.08,6583.84,6550.86,6562.29,320843839
2022-11-11 14:00:00,6562.29,6571.74,6522.57,6552.52,539818426
2022-11-11 15:00:00,6552.52,6572.24,6543.16,6560.34,1007167057
2022-11-14 09:00:00,6541.49,6552.06,6520.13,6521.21,772449882
2022-11-14 10:00:00,6521.21,6535.03,6513.92,6523.64,785736992
2022-11-14 11:00:00,6523.64,6563.95,6522.6,6560.39,413563326
2022-11-14 12:00:00,6560.39,6563.74,6520.16,6534.81,199206647
2022-11-14 13:00:00,6534.81,6552.74,6531.02,6546.81,324439238
2022-11-14 14:00:00,6546.81,6548.54,6498.91,6504.75,524236611
2022-11-14 15:00:00,6504.75,6532.17,6491.77,6521.95,1073538364
2022-11-15 09:00:00,6510.93,6537.84,6510.66,6533.4,432487858
2022-11-15 10:00:00,6533.4,6534.87,6489.81,6504.33,568913744
2022-11-15 11:00:00,6504.33,6515.33,6496.36,6501.98,252149532
2022-11-15 12:00:00,6501.98,6531.77,6488.71,6522.54,124685799
2022-11-15 13:00:00,6522.54,6544.96,6513.66,6541.29,215391539
2022-11-15 14:00:00,6541.29,6580.19,6539.39,6563.07,350770461
2022-11-15 15:00:00,6563.07,6565.23,6524.93,6535.04,749699942
2022-11-16 09:00:00,6543.61,6548.4,6524.59,6527.25,391190182
2022-11-16 10:00:00,6527.25,6554.26,6516.06,6531.29,320960423
2022-11-16 11:00:00,6531.29,6547.39,6516.16,6530.99,173846976
2022-11-16 12:00:00,6530.99,6549.99,6491.72,6492.82,91587781
2022-11-16 13:00:00,6492.82,6517.74,6481.02,6487.74,149278302
2022-11-16 14:00:00,6487.74,6539.81,6485.47,6529.13,238016386
2022-11-16 15:00:00,6529.13,6539.68,6513.84,6534.47,542328065
2022-11-17 09:00:00,6535.63,6558.78,6529.73,6537.34,387176687
2022-11-17 10:00:00,6537.34,6552.98,6527.27,6542.95,385095250
2022-11-17 11:00:00,6542.95,6573.04,6530.58,6572.03,181633887
2022-11-17 12:00:00,6572.03,6580.3,6547.59,6548.15,95298174
2022-11-17 13:00:00,6548.15,6565.09,6537.35,6542.78,150262980
2022-11-17 14:00:00,6542.78,6551.57,6489.71,6493.63,245148731
2022-11-17 15:00:00,6493.63,6511.87,6483.48,6491.4,504534618
2022-11-18 09:00:00,6508.68,6515.08,6490.26,6499.37,780825564
2022-11-18 10:00:00,6499.37,6503.92,6479.15,6499.06,868684930
2022-11-18 11:00:00,6499.06,6524.77,6489.3,6495.06,380156581
2022-11-18 12:00:00,6495.06,6501.86,6466.72,6498.72,222710070
2022-11-18 13:00:00,6498.72,6518.47,6482.51,6509.03,347240988
2022-11-18 14:00:00,6509.03,6512.05,6471.52,6486.02,453441803
2022-11-18 15:00:00,6486.02,6499.71,6474.49,6486.9,950124762
2022-11-21 09:00:00,6478.52,6502.95,6475.3,6497.52,738458888
2022-11-21 10:00:00,6497.52,6532.25,6497.07,6519.59,823237978
2022-11-21 11:00:00,6519.59,6527.59,6474.93,6479.35,400060512
2022-11-21 12:00:00,6479.35,6506.58,6473.69,6495.21,220283399
2022-11-21 13:00:00,6495.21,6509.03,6471.15,6476.1,299714274
2022-11-21 14:00:00,6476.1,6509.65,6475.59,6501.24,564711810
2022-11-21 15:00:00,6501.24,6587.4,6486.43,6546.04,1126406668
2022-11-22 09:00:00,6551.12,6567.62,6545.39,6553.03,390173306
2022-11-22 10:00:00,6553.03,6569.27,6521.97,6565.03,389966920
2022-11-22 11:00:00,6565.03,6586.16,6556.74,6584.63,199579187
2022-11-22 12:00:00,6584.63,6608.63,6579.83,6602.07,117363224
2022-11-22 13:00:00,6602.07,6607.25,6550.67,6560.93,193825971
2022-11-22 14:00:00,6560.93,6584.29,6554.82,6565.16,306858688
2022-11-22 15:00:00,6565.16,6589.01,6546.66,6576.72,537993713
2022-11-23 09:00:00,6587.93,6610.21,6576.27,6609.38,650536439
2022-11-23 10:00:00,6609.38,6610.33,6579.65,6594.39,701891984
2022-11-23 11:00:00,6594.39,6598.89,6558.85,6571.42,373635691
2022-11-23 12:00:00,6571.42,6608.21,6562.64,6607.54,176870760
2022-11-23 13:00:00,6607.54,6653.82,6605.82,6651.36,279472282
2022-11-23 14:00:00,6651.36,6656.94,6632.72,6642.84,430765615
2022-11-23 15:00:00,6642.84,6689.46,6641.46,6687.57,985143725
2022-11-25 09:00:00,6708.87,6724.18,6696.68,6706.21,572262519
2022-11-25 10:00:00,6706.21,6742.47,6705.17,6733.43,595459420
2022-11-25 11:00:00,6733.43,6741.28,6690.62,6694.65,274880717
2022-11-25 12:00:00,6694.65,6695.84,6661.87,6669.68,143578861
2022-11-25 13:00:00,6669.68,6688.22,6637.81,6652.71,234215607
2022-11-25 14:00:00,6652.71,6657.31,6616.97,6634.29,397698557
2022-11-25 15:00:00,6634.29,6641.98,6615.41,6630.63,821102126
2022-11-28 09:00:00,6628.74,6634.53,6615.85,6629.83,899768587
2022-11-28 10:00:00,6629.83,6658.31,6611.27,6649.91,975900065
2022-11-28 11:00:00,6649.91,6659.09,6623.07,6652.29,485048698
2022-11-28 12:00:00,6652.29,6679.96,6637.47,6676.67,298108261
2022-11-28 13:00:00,6676.67,6710.11,6669.09,6696.78,437488250
2022-11-28 14:00:00,6696.78,6718.71,6685.52,6687.18,668237092
2022-11-28 15:00:00,6687.18,6696.49,6669.01,6684.11,1243368060
2022-11-29 09:00:00,6676.06,6679.92,6651.39,6677.92,547486372
2022-11-29 10:00:00,6677.92,6678.8,6643.45,6669.57,590850217
2022-11-29 11:00:00,6669.57,6688.92,6643.9,6679.81,305579373
2022-11-29 12:00:00,6679.81,6680.71,6620.76,6624.68,134712973
2022-11-29 13:00:00,6624.68,6643.26,6620.03,6640.96,195328489
2022-11-29 14:00:00,6640.96,6651.9,6621.93,6643.17,366865272
2022-11-29 15:00:00,6643.17,6664.74,6635.98,6651.79,802478261
2022-11-30 09:00:00,6660.67,6681.38,6658.17,6660.22,537650830
2022-11-30 10:00:00,6660.22,6692.78,6658.46,6692.04,556585290
2022-11-30 11:00:00,6692.04,6726.14,6683.93,6724.0,253333471
2022-11-30 12:00:00,6724.0,6725.03,6700.54,6706.89,142590354
2022-11-30 13:00:00,6706.89,6737.24,6700.12,6725.45,224724325
2022-11-30 14:00:00,6725.45,6769.76,6719.49,6752.79,346296100
2022-11-30 15:00:00,6752.79,6767.92,6740.7,6753.2,827048049
2022-12-01 09:00:00,6726.51,6729.59,6695.65,6697.85,1041785103
2022-12-01 10:00:00,6697.85,6708.53,6666.16,6668.08,1129653680
2022-12-01 11:00:00,6668.08,6676.42,6650.89,6668.61,510326605
2022-12-01 12:00:00,6668.61,6686.53,6630.46,6651.07,290130056
2022-12-01 13:00:00,6651.07,6657.74,6627.76,6630.03,400497826
2022-12-01 14:00:00,6630.03,6643.97,6609.32,6629.03,728515115
2022-12-01 15:00:00,6629.03,6652.21,6617.87,6628.28,1410097338
2022-12-02 09:00:00,6642.86,6675.26,6630.28,6674.93,540643424
2022-12-02 10:00:00,6674.93,6687.19,6655.91,6673.85,571285385
2022-12-02 11:00:00,6673.85,6678.76,6654.93,6675.26,270196268
2022-12-02 12:00:00,6675.26,6708.57,6668.97,6706.92,138469292
2022-12-02 13:00:00,6706.92,6732.27,6705.2,6723.45,215031140
2022-12-02 14:00:00,6723.45,6725.98,6683.89,6687.96,365334392
2022-12-02 15:00:00,6687.96,6708.2,6680.96,6703.83,734589995
2022-12-05 09:00:00,6703.87,6740.68,6700.05,6740.01,583507027
2022-12-05 10:00:00,6740.01,6773.79,6725.22,6772.58,739884288
2022-12-05 11:00:00,6772.58,6785.28,6743.63,6758.11,357058192
2022-12-05 12:00:00,6758.11,6763.23,6735.0,6741.29,178292635
2022-12-05 13:00:00,6741.29,6810.58,6738.5,6805.56,289300143
2022-12-05 14:00:00,6805.56,6811.35,6768.51,6770.92,477419017
2022-12-05 15:00:00,6770.92,6789.88,6765.37,6770.84,975526619
2022-12-06 09:00:00,6816.48,6851.77,6815.74,6831.97,717710165
2022-12-06 10:00:00,6831.97,6847.74,6794.09,6801.75,662261814
2022-12-06 11:00:00,6801.75,6842.81,6796.38,6827.48,345075101
2022-12-06 12:00:00,6827.48,6838.88,6810.9,6821.23,169997264
2022-12-06 13:00:00,6821.23,6830.57,6763.32,6794.17,291808891
2022-12-06 14:00:00,6794.17,6826.17,6783.66,6815.96,418447841
2022-12-06 15:00:00,6815.96,6852.67,6800.12,6844.95,783306354
2022-12-07 09:00:00,6853.81,6861.74,6819.93,6824.5,848756159
2022-12-07 10:00:00,6824.5,6852.82,6810.3,6838.85,832156478
2022-12-07 11:00:00,6838.85,6852.87,6823.59,6844.11,436854527
2022-12-07 12:00:00,6844.11,6881.69,6842.88,6876.27,231370952
2022-12-07 13:00:00,6876.27,6934.92,6874.34,6922.87,367805349
2022-12-07 14:00:00,6922.87,6935.19,6903.91,6922.73,611905368
2022-12-07 15:00:00,6922.73,6923.58,6887.81,6900.42,1098249513
2022-12-08 09:00:00,6906.19,6910.37,6887.8,6893.94,432836456
2022-12-08 10:00:00,6893.94,6893.97,6853.76,6857.54,435455847
2022-12-08 11:00:00,6857.54,6862.61,6826.19,6829.01,233955412
2022-12-08 12:00:00,6829.01,6841.53,6804.53,6824.68,110423083
2022-12-08 13:00:00,6824.68,6842.77,6818.11,6825.82,205484684
2022-12-08 14:00:00,6825.82,6837.17,6774.92,6832.74,325312478
2022-12-08 15:00:00,6832.74,6849.7,6815.98,6822.67,588425157
2022-12-09 09:00:00,6833.35,6845.71,6828.19,6835.94,515728793
2022-12-09 10:00:00,6835.94,6855.9,6823.2,6842.81,526932179
2022-12-09 11:00:00,6842.81,6871.79,6839.1,6869.96,278210123
2022-12-09 12:00:00,6869.96,6878.84,6843.05,6875.25,140906147
2022-12-09 13:00:00,6875.25,6886.31,6854.89,6876.97,186084789
2022-12-09 14:00:00,6876.97,6925.75,6875.4,6925.46,259802498
2022-12-09 15:00:00,6925.46,6929.81,6907.31,6916.44,750495585
2022-12-12 09:00:00,6927.8,6942.24,6918.68,6927.52,1154355572
2022-12-12 10:00:00,6927.52,6947.73,6923.72,6935.83,1359730276
2022-12-12 11:00:00,6935.83,6936.99,6897.89,6899.97,634754080
2022-12-12 12:00:00,6899.97,6902.29,6855.01,6873.63,311998731
2022-12-12 13:00:00,6873.63,6880.91,6854.66,6864.51,504647409
2022-12-12 14:00:00,6864.51,6876.49,6809.25,6824.44,768311692
2022-12-12 15:00:00,6824.44,6842.44,6798.3,6804.69,1696251337
2022-12-13 09:00:00,6796.14,6806.8,6775.66,6778.87,591544326
2022-12-13 10:00:00,6778.87,6819.64,6773.75,6813.48,555453090
2022-12-13 11:00:00,6813.48,6834.11,6810.84,6826.57,280858376
2022-12-13 12:00:00,6826.57,6838.64,6817.24,6824.11,120789400
2022-12-13 13:00:00,6824.11,6857.47,6821.77,6836.19,213260475
2022-12-13 14:00:00,6836.19,6853.18,6804.44,6848.55,394244350
2022-12-13 15:00:00,6848.55,6873.57,6838.51,6869.45,679333007
2022-12-14 09:00:00,6866.46,6877.85,6859.62,6876.19,816027137
2022-12-14 10:00:00,6876.19,6888.43,6848.98,6859.21,868597234
2022-12-14 11:00:00,6859.21,6883.85,6849.18,6863.56,413015649
2022-12-14 12:00:00,6863.56,6877.15,6828.34,6836.84,233637523
2022-12-14 13:00:00,6836.84,6863.72,6818.25,6860.12,349261844
2022-12-14 14:00:00,6860.12,6876.49,6821.89,6831.43,508597371
2022-12-14 15:00:00,6831.43,6842.73,6809.8,6826.89,1097927672
2022-12-15 09:00:00,6824.07,6825.47,6775.83,6780.57,771542528
2022-12-15 10:00:00,6780.57,6792.11,6751.47,6772.29,763450970
2022-12-15 11:00:00,6772.29,6782.35,6722.75,6725.83,358760624
2022-12-15 12:00:00,6725.83,6745.88,6716.8,6734.97,150239188
2022-12-15 13:00:00,6734.97,6741.2,6709.87,6712.33,281398073
2022-12-15 14:00:00,6712.33,6726.68,6698.1,6719.48,477241397
2022-12-15 15:00:00,6719.48,6726.61,6690.58,6705.23,958664964
2022-12-16 09:00:00,6685.18,6685.34,6665.95,6673.32,508984533
2022-12-16 10:00:00,6673.32,6682.99,6637.23,6668.46,586883909
2022-12-16 11:00:00,6668.46,6682.62,6654.93,6670.23,285613433
2022-12-16 12:00:00,6670.23,6681.26,6659.58,6660.01,140273465
2022-12-16 13:00:00,6660.01,6685.05,6659.36,6668.91,242712349
2022-12-16 14:00:00,6668.91,6699.5,6663.93,6693.04,354474159
2022-12-16 15:00:00,6693.04,6736.51,6691.3,6735.22,784896613
2022-12-19 09:00:00,6741.88,6755.87,6737.96,6753.64,577762137
2022-12-19 10:00:00,6753.64,6791.82,6749.4,6764.46,495632380
2022-12-19 11:00:00,6764.46,6775.13,6726.97,6773.63,246325351
2022-12-19 12:00:00,6773.63,6846.33,6772.79,6846.15,129174307
2022-12-19 13:00:00,6846.15,6889.1,6845.15,6872.55,205810911
2022-12-19 14:00:00,6872.55,6889.8,6855.82,6856.33,309537128
2022-12-19 15:00:00,6856.33,6915.06,6854.65,6896.89,672086487
2022-12-20 09:00:00,6916.18,6936.51,6912.27,6930.56,439835503
2022-12-20 10:00:00,6930.56,6936.58,6908.09,6917.72,402061278
2022-12-20 11:00:00,6917.72,6934.2,6903.78,6919.82,215780067
2022-12-20 12:00:00,6919.82,6929.11,6904.25,6912.31,108749284
2022-12-20 13:00:00,6912.31,6989.69,6911.47,6955.74,171362905
2022-12-20 14:00:00,6955.74,6976.55,6825.33,6879.33,310307671
2022-12-20 15:00:00,6879.33,6886.25,6848.99,6860.56,587596909
2022-12-21 09:00:00,6868.03,6869.88,6854.14,6863.69,971735988
2022-12-21 10:00:00,6863.69,6877.31,6841.38,6852.87,943628534
2022-12-21 11:00:00,6852.87,6879.73,6838.96,6877.93,467567923
2022-12-21 12:00:00,6877.93,6883.39,6860.74,6863.17,258656258
2022-12-21 13:00:00,6863.17,6870.61,6843.07,6858.45,409127852
2022-12-21 14:00:00,6858.45,6883.57,6848.98,6871.49,609556009
2022-12-21 15:00:00,6871.49,6874.67,6823.25,6835.32,1245985064
2022-12-22 09:00:00,6849.39,6850.74,6832.28,6836.73,443861163
2022-12-22 10:00:00,6836.73,6845.22,6810.39,6820.9,556711377
2022-12-22 11:00:00,6820.9,6829.5,6805.0,6815.17,223868071
2022-12-22 12:00:00,6815.17,6822.73,6791.7,6792.18,119454694
2022-12-22 13:00:00,6792.18,6827.08,6783.67,6825.75,213599154
2022-12-22 14:00:00,6825.75,6865.32,6825.02,6858.95,327633567
2022-12-22 15:00:00,6858.95,6860.52,6831.57,6851.6,630885397
2022-12-23 09:00:00,6857.3,6872.56,6850.34,6860.53,680494000
2022-12-23 10:00:00,6860.53,6870.79,6840.44,6852.74,832466176
2022-12-23 11:00:00,6852.74,6908.21,6847.96,6899.52,391861938
2022-12-23 12:00:00,6899.52,6909.51,6858.06,6873.97,193009086
2022-12-23 13:00:00,6873.97,6886.31,6860.79,6882.19,338729538
2022-12-23 14:00:00,6882.19,6894.44,6869.49,6888.72,475198632
2022-12-23 15:00:00,6888.72,6889.3,6843.4,6860.22,909844261
2022-12-27 09:00:00,6859.09,6860.52,6824.06,6839.79,1023245967
2022-12-27 10:00:00,6839.79,6883.85,6837.57,6882.79,1023879471
2022-12-27 11:00:00,6882.79,6898.74,6868.3,6874.12,526658507
2022-12-27 12:00:00,6874.12,6883.06,6843.35,6877.95,291333282
2022-12-27 13:00:00,6877.95,6880.27,6837.6,6880.02,473436652
2022-12-27 14:00:00,6880.02,6907.35,6875.81,6889.29,755797567
2022-12-27 15:00:00,6889.29,6897.73,6844.48,6851.31,1570928663
2022-12-28 09:00:00,6844.36,6860.87,6835.86,6853.79,543133834
2022-12-28 10:00:00,6853.79,6875.77,6826.8,6829.59,601831932
2022-12-28 11:00:00,6829.59,6834.29,6800.91,6820.69,293165469
2022-12-28 12:00:00,6820.69,6837.3,6802.83,6811.26,161713517
2022-12-28 13:00:00,6811.26,6817.4,6786.36,6802.18,257314717
2022-12-28 14:00:00,6802.18,6817.68,6779.59,6782.04,416942125
2022-12-28 15:00:00,6782.04,6788.0,6751.17,6757.01,855602356
2022-12-29 09:00:00,6709.66,6730.97,6707.77,6715.76,531682505
2022-12-29 10:00:00,6715.76,6716.78,6685.84,6690.11,528365568
2022-12-29 11:00:00,6690.11,6694.82,6654.39,6675.57,269669152
2022-12-29 12:00:00,6675.57,6689.87,6656.9,6672.1,124309614
2022-12-29 13:00:00,6672.1,6685.1,6657.43,6668.22,226189247
2022-12-29 14:00:00,6668.22,6671.03,6646.67,6654.41,339003292
2022-12-29 15:00:00,6654.41,6657.25,6607.09,6644.77,737863431
2022-12-30 09:00:00,6647.08,6649.34,6631.05,6645.53,504127955
2022-12-30 10:00:00,6645.53,6647.23,6589.73,6610.56,565081683
2022-12-30 11:00:00,6610.56,6632.07,6606.76,6607.91,276576592
2022-12-30 12:00:00,6607.91,6613.4,6592.2,6596.91,151688235
2022-12-30 13:00:00,6596.91,6626.59,6587.89,6618.21,271794481
2022-12-30 14:00:00,6618.21,6643.99,6617.12,6642.14,391534486
2022-12-30 15:00:00,6642.14,6661.54,6610.71,6613.2,811280980
2023-01-03 09:00:00,6616.24,6624.05,6596.38,6601.2,631215913
2023-01-03 10:00:00,6601.2,6603.73,6583.08,6599.1,689350087
2023-01-03 11:00:00,6599.1,6614.75,6578.6,6599.12,310563466
2023-01-03 12:00:00,6599.12,6606.81,6566.15,6570.98,163411537
2023-01-03 13:00:00,6570.98,6581.96,6558.73,6560.51,283004209
2023-01-03 14:00:00,6560.51,6600.48,6524.12,6596.77,452312913
2023-01-03 15:00:00,6596.77,6625.12,6588.1,6610.25,898678713
2023-01-04 09:00:00,6622.57,6635.91,6620.62,6625.0,704286909
2023-01-04 10:00:00,6625.0,6644.62,6611.08,6612.44,836028962
2023-01-04 11:00:00,6612.44,6614.77,6585.95,6595.79,349189493
2023-01-04 12:00:00,6595.79,6612.24,6593.09,6610.29,210197378
2023-01-04 13:00:00,6610.29,6622.03,6589.93,6607.74,325493995
2023-01-04 14:00:00,6607.74,6627.39,6587.31,6590.47,478218665
2023-01-04 15:00:00,6590.47,6598.6,6577.33,6594.95,893143095
2023-01-05 09:00:00,6597.56,6599.3,6572.57,6585.19,662231969
2023-01-05 10:00:00,6585.19,6599.65,6570.59,6582.1,733454635
2023-01-05 11:00:00,6582.1,6616.42,6570.47,6614.07,338796983
2023-01-05 12:00:00,6614.07,6629.57,6586.93,6593.14,182065559
2023-01-05 13:00:00,6593.14,6611.94,6581.38,6597.62,292315615
2023-01-05 14:00:00,6597.62,6650.63,6576.97,6650.13,589309033
2023-01-05 15:00:00,6650.13,6670.97,6645.18,6654.14,925063397
2023-01-06 09:00:00,6662.54,6669.81,6634.97,6643.44,549176423
2023-01-06 10:00:00,6643.44,6674.0,6632.97,6655.91,709993370
2023-01-06 11:00:00,6655.91,6663.98,6631.0,6639.38,344462177
2023-01-06 12:00:00,6639.38,6672.0,6626.67,6663.51,164510972
2023-01-06 13:00:00,6663.51,6670.26,6641.12,6645.72,235832524
2023-01-06 14:00:00,6645.72,6669.72,6617.87,6659.25,380975757
2023-01-06 15:00:00,6659.25,6664.67,6622.53,6645.17,818672882
2023-01-09 09:00:00,6625.99,6628.67,6605.43,6616.7,415134676
2023-01-09 10:00:00,6616.7,6642.57,6615.59,6621.42,495805536
2023-01-09 11:00:00,6621.42,6661.03,6618.82,6636.68,226141659
2023-01-09 12:00:00,6636.68,6668.53,6629.12,6665.78,132191317
2023-01-09 13:00:00,6665.78,6689.8,6653.95,6666.74,210692357
2023-01-09 14:00:00,6666.74,6688.31,6649.97,6670.66,389704092
2023-01-09 15:00:00,6670.66,6722.5,6668.28,6698.53,731592311
2023-01-10 09:00:00,6690.89,6715.74,6690.33,6691.58,732072119
2023-01-10 10:00:00,6691.58,6694.73,6640.09,6647.35,704343112
2023-01-10 11:00:00,6647.35,6681.71,6639.49,6669.91,362058835
2023-01-10 12:00:00,6669.91,6708.63,6659.88,6691.08,169276603
2023-01-10 13:00:00,6691.08,6712.5,6681.26,6711.27,290122042
2023-01-10 14:00:00,6711.27,6755.86,6707.79,6739.62,437312584
2023-01-10 15:00:00,6739.62,6742.21,6702.29,6724.1,906645626
2023-01-11 09:00:00,6729.4,6733.65,6714.13,6732.69,461834983
2023-01-11 10:00:00,6732.69,6742.37,6711.12,6739.16,504234105
2023-01-11 11:00:00,6739.16,6740.08,6715.6,6725.01,256703324
2023-01-11 12:00:00,6725.01,6758.45,6721.82,6745.98,125828783
2023-01-11 13:00:00,6745.98,6769.54,6745.45,6762.15,209511626
2023-01-11 14:00:00,6762.15,6762.91,6720.82,6721.29,314112272
2023-01-11 15:00:00,6721.29,6765.97,6716.3,6753.52,658955095
2023-01-12 09:00:00,6755.47,6775.63,6755.04,6757.62,1451151485
2023-01-12 10:00:00,6757.62,6798.2,6748.63,6780.74,1459243794
2023-01-12 11:00:00,6780.74,6783.45,6752.86,6760.02,757558797
2023-01-12 12:00:00,6760.02,6761.81,6713.4,6716.48,347145322
2023-01-12 13:00:00,6716.48,6749.42,6693.47,6702.94,560206363
2023-01-12 14:00:00,6702.94,6719.35,6685.87,6686.02,854241508
2023-01-12 15:00:00,6686.02,6703.59,6649.8,6692.55,1758818151
2023-01-13 09:00:00,6666.02,6676.58,6648.91,6662.78,772629737
2023-01-13 10:00:00,6662.78,6728.03,6660.85,6716.76,745790892
2023-01-13 11:00:00,6716.76,6722.06,6694.85,6721.91,353437633
2023-01-13 12:00:00,6721.91,6778.02,6718.45,6770.78,205415261
2023-01-13 13:00:00,6770.78,6776.18,6747.66,6759.78,310340154
2023-01-13 14:00:00,6759.78,6770.23,6721.65,6747.34,528430964
2023-01-13 15:00:00,6747.34,6779.75,6746.61,6768.94,975164734
2023-01-17 09:00:00,6793.21,6803.97,6750.34,6753.35,1033694501
2023-01-17 10:00:00,6753.35,6758.68,6724.4,6737.23,1237251709
2023-01-17 11:00:00,6737.23,6764.51,6735.7,6761.16,462603183
2023-01-17 12:00:00,6761.16,6775.35,6733.07,6733.72,276842127
2023-01-17 13:00:00,6733.72,6745.13,6718.5,6726.64,532834972
2023-01-17 14:00:00,6726.64,6736.21,6709.22,6723.05,690786055
2023-01-17 15:00:00,6723.05,6725.85,6690.61,6703.01,1674138868
2023-01-18 09:00:00,6689.46,6700.28,6683.03,6694.01,606439724
2023-01-18 10:00:00,6694.01,6709.96,6681.16,6707.93,706310563
2023-01-18 11:00:00,6707.93,6730.81,6686.22,6705.99,355272683
2023-01-18 12:00:00,6705.99,6773.53,6699.94,6765.03,180478590
2023-01-18 13:00:00,6765.03,6772.66,6739.93,6760.26,294182364
2023-01-18 14:00:00,6760.26,6789.33,6748.42,6789.19,461919115
2023-01-18 15:00:00,6789.19,6812.41,6770.52,6800.42,908494206
2023-01-19 09:00:00,6820.38,6829.17,6807.62,6808.81,788050845
2023-01-19 10:00:00,6808.81,6844.87,6794.6,6832.39,811428992
2023-01-19 11:00:00,6832.39,6852.7,6829.63,6837.82,382487455
2023-01-19 12:00:00,6837.82,6842.11,6817.23,6820.14,211861614
2023-01-19 13:00:00,6820.14,6842.9,6789.01,6818.67,362350205
2023-01-19 14:00:00,6818.67,6862.0,6817.3,6835.85,573065260
2023-01-19 15:00:00,6835.85,6855.34,6820.08,6837.04,1053417745
2023-01-20 09:00:00,6827.93,6832.9,6803.21,6804.94,654003872
2023-01-20 10:00:00,6804.94,6840.15,6799.66,6835.14,705696396
2023-01-20 11:00:00,6835.14,6843.78,6799.47,6811.43,349015733
2023-01-20 12:00:00,6811.43,6814.23,6785.68,6799.64,180301860
2023-01-20 13:00:00,6799.64,6808.97,6770.82,6771.17,283501664
2023-01-20 14:00:00,6771.17,6806.21,6769.99,6789.3,387986659
2023-01-20 15:00:00,6789.3,6816.25,6776.56,6780.37,899700269
2023-01-23 09:00:00,6774.24,6835.53,6634.88,6687.45,970596795
2023-01-23 10:00:00,6687.45,6712.92,6685.41,6700.18,991283278
2023-01-23 11:00:00,6700.18,6721.92,6696.96,6703.17,529469626
2023-01-23 12:00:00,6703.17,6726.28,6699.01,6720.82,232348026
2023-01-23 13:00:00,6720.82,6731.18,6704.68,6723.03,419726675
2023-01-23 14:00:00,6723.03,6739.83,6710.06,6735.51,725312210
2023-01-23 15:00:00,6735.51,6747.48,6711.23,6724.67,1381421148
2023-01-24 09:00:00,6720.06,6722.99,6706.41,6708.35,568673908
2023-01-24 10:00:00,6708.35,6717.92,6682.09,6686.3,569683728
2023-01-24 11:00:00,6686.3,6687.49,6642.58,6645.69,295528747
2023-01-24 12:00:00,6645.69,6650.92,6613.67,6629.53,161103835
2023-01-24 13:00:00,6629.53,6649.1,6620.97,6648.56,266210737
2023-01-24 14:00:00,6648.56,6657.14,6605.75,6627.55,392682646
2023-01-24 15:00:00,6627.55,6674.34,6624.92,6662.37,873729827
2023-01-25 09:00:00,6652.46,6666.71,6645.3,6662.64,781784019
2023-01-25 10:00:00,6662.64,6668.82,6622.36,6636.57,835980106
2023-01-25 11:00:00,6636.57,6660.41,6618.33,6638.83,408875420
2023-01-25 12:00:00,6638.83,6662.99,6625.23,6634.82,198982805
2023-01-25 13:00:00,6634.82,6640.25,6606.56,6620.49,336377936
2023-01-25 14:00:00,6620.49,6626.68,6605.09,6616.3,520250744
2023-01-25 15:00:00,6616.3,6668.37,6613.54,6667.96,1125826170
2023-01-26 09:00:00,6661.93,6673.45,6654.04,6666.59,1160995791
2023-01-26 10:00:00,6666.59,6686.9,6649.06,6655.85,1272395668
2023-01-26 11:00:00,6655.85,6668.08,6617.51,6619.11,573285881
2023-01-26 12:00:00,6619.11,6648.18,6613.26,6633.79,266804361
2023-01-26 13:00:00,6633.79,6655.32,6625.47,6654.12,473922335
2023-01-26 14:00:00,6654.12,6667.44,6621.17,6633.98,812541401
2023-01-26 15:00:00,6633.98,6638.33,6607.33,6629.83,1418416083
2023-01-27 09:00:00,6629.06,6641.1,6621.47,6627.58,425767589
2023-01-27 10:00:00,6627.58,6644.9,6622.77,6637.24,446881368
2023-01-27 11:00:00,6637.24,6638.31,6587.36,6603.66,223294158
2023-01-27 12:00:00,6603.66,6627.82,6595.25,6622.41,118001188
2023-01-27 13:00:00,6622.41,6628.66,6585.58,6592.24,197865889
2023-01-27 14:00:00,6592.24,6620.06,6589.8,6598.8,259447061
2023-01-27 15:00:00,6598.8,6599.2,6542.65,6547.87,568251964
2023-01-30 09:00:00,6532.28,6557.57,6523.65,6548.35,628203267
2023-01-30 10:00:00,6548.35,6585.74,6545.26,6578.32,616480676
2023-01-30 11:00:00,6578.32,6586.11,6532.05,6534.63,290880921
2023-01-30 12:00:00,6534.63,6536.66,6500.19,6519.23,159492660
2023-01-30 13:00:00,6519.23,6530.63,6502.47,6516.55,255918613
2023-01-30 14:00:00,6516.55,6574.15,6514.04,6567.13,382634583
2023-01-30 15:00:00,6567.13,6604.23,6558.02,6601.05,736191443
2023-01-31 09:00:00,6584.7,6597.28,6579.18,6589.09,503754461
2023-01-31 10:00:00,6589.09,6614.94,6587.55,6609.57,584130082
2023-01-31 11:00:00,6609.57,6658.55,6607.58,6650.89,264387874
2023-01-31 12:00:00,6650.89,6687.21,6646.78,6682.13,120210328
2023-01-31 13:00:00,6682.13,6715.01,6674.56,6710.81,239984041
2023-01-31 14:00:00,6710.81,6736.44,6701.95,6704.26,363704588
2023-01-31 15:00:00,6704.26,6771.19,6697.44,6724.78,750827904
2023-02-01 09:00:00,6743.31,6745.08,6722.0,6738.43,434324007
2023-02-01 10:00:00,6738.43,6755.28,6715.35,6732.01,418933288
2023-02-01 11:00:00,6732.01,6733.36,6671.93,6672.08,208036200
2023-02-01 12:00:00,6672.08,6675.66,6630.18,6639.74,93298603
2023-02-01 13:00:00,6639.74,6644.22,6618.35,6629.47,183125037
2023-02-01 14:00:00,6629.47,6645.41,6618.75,6630.22,259907590
2023-02-01 15:00:00,6630.22,6670.22,6627.74,6664.74,544292123
2023-02-02 09:00:00,6624.16,6639.1,6615.25,6625.2,729216554
2023-02-02 10:00:00,6625.2,6647.32,6618.55,6635.25,827055198
2023-02-02 11:00:00,6635.25,6652.84,6630.53,6632.75,391242195
2023-02-02 12:00:00,6632.75,6654.56,6605.53,6653.24,205453844
2023-02-02 13:00:00,6653.24,6675.48,6651.78,6658.78,386336369
2023-02-02 14:00:00,6658.78,6672.37,6628.73,6633.07,564773795
2023-02-02 15:00:00,6633.07,6666.68,6630.13,6640.05,1113117392
2023-02-03 09:00:00,6649.93,6670.04,6615.76,6618.94,643905441
2023-02-03 10:00:00,6618.94,6647.47,6612.72,6644.1,710324709
2023-02-03 11:00:00,6644.1,6664.3,6633.72,6647.63,354957270
2023-02-03 12:00:00,6647.63,6689.78,6640.23,6686.56,176560044
2023-02-03 13:00:00,6686.56,6697.53,6662.06,6694.98,244423679
2023-02-03 14:00:00,6694.98,6702.55,6656.71,6658.04,430666535
2023-02-03 15:00:00,6658.04,6667.66,6595.98,6597.86,902633262
2023-02-06 09:00:00,6594.31,6610.96,6593.0,6606.91,723180396
2023-02-06 10:00:00,6606.91,6656.28,6605.67,6651.84,666946232
2023-02-06 11:00:00,6651.84,6686.74,6643.03,6682.79,359306723
2023-02-06 12:00:00,6682.79,6689.55,6659.75,6676.28,200913565
2023-02-06 13:00:00,6676.28,6723.42,6672.38,6699.9,329576284
2023-02-06 14:00:00,6699.9,6726.42,6690.24,6720.22,530281439
2023-02-06 15:00:00,6720.22,6725.73,6685.96,6697.39,1046068934
2023-02-07 09:00:00,6713.99,6739.56,6712.83,6734.28,766389630
2023-02-07 10:00:00,6734.28,6768.55,6726.09,6759.16,885754644
2023-02-07 11:00:00,6759.16,6802.05,6733.54,6798.96,385896219
2023-02-07 12:00:00,6798.96,6805.9,6773.24,6800.3,222053175
2023-02-07 13:00:00,6800.3,6826.06,6796.12,6821.75,347904339
2023-02-07 14:00:00,6821.75,6823.64,6773.71,6793.87,507439537
2023-02-07 15:00:00,6793.87,6820.32,6787.64,6790.85,1065421403
2023-02-08 09:00:00,6772.05,6799.17,6769.93,6798.03,718546890
2023-02-08 10:00:00,6798.03,6828.3,6773.04,6808.45,666559577
2023-02-08 11:00:00,6808.45,6810.86,6758.93,6774.9,349026417
2023-02-08 12:00:00,6774.9,6800.78,6762.99,6774.13,168496597
2023-02-08 13:00:00,6774.13,6784.08,6729.39,6737.73,274490010
2023-02-08 14:00:00,6737.73,6749.4,6714.95,6724.12,498732418
2023-02-08 15:00:00,6724.12,6726.35,6695.46,6714.6,862010571
2023-02-09 09:00:00,6725.72,6735.08,6692.8,6694.74,698851350
2023-02-09 10:00:00,6694.74,6704.64,6666.97,6702.93,816100355
2023-02-09 11:00:00,6702.93,6711.26,6665.81,6668.17,368201824
2023-02-09 12:00:00,6668.17,6677.68,6643.9,6675.71,190120464
2023-02-09 13:00:00,6675.71,6692.21,6671.14,6675.87,304207399
2023-02-09 14:00:00,6675.87,6694.11,6662.12,6691.46,547200338
2023-02-09 15:00:00,6691.46,6707.55,6684.93,6689.66,996222380
2023-02-10 09:00:00,6710.97,6714.92,6689.51,6689.63,553821285
2023-02-10 10:00:00,6689.63,6698.2,6661.52,6692.17,504333862
2023-02-10 11:00:00,6692.17,6697.61,6665.11,6688.83,238916767
2023-02-10 12:00:00,6688.83,6744.2,6679.66,6741.39,128496893
2023-02-10 13:00:00,6741.39,6752.94,6708.07,6710.56,248106738
2023-02-10 14:00:00,6710.56,6726.19,6698.66,6717.23,324086296
2023-02-10 15:00:00,6717.23,6732.84,6703.06,6705.09,718376863
2023-02-13 09:00:00,6724.85,6759.98,6719.84,6755.38,364266568
2023-02-13 10:00:00,6755.38,6781.04,6752.9,6763.54,419897534
2023-02-13 11:00:00,6763.54,6791.62,6758.02,6760.51,184896355
2023-02-13 12:00:00,6760.51,6781.64,6749.79,6753.52,101375326
2023-02-13 13:00:00,6753.52,6794.03,6747.47,6785.09,160568785
2023-02-13 14:00:00,6785.09,6787.03,6755.02,6761.26,249543969
2023-02-13 15:00:00,6761.26,6782.77,6726.15,6727.94,462815893
2023-02-14 09:00:00,6714.44,6744.1,6699.84,6737.22,834466976
2023-02-14 10:00:00,6737.22,6763.11,6720.21,6753.05,917525877
2023-02-14 11:00:00,6753.05,6761.5,6704.76,6711.31,427213802
2023-02-14 12:00:00,6711.31,6734.96,6709.08,6722.06,203790305
2023-02-14 13:00:00,6722.06,6729.04,6686.36,6695.28,359611639
2023-02-14 14:00:00,6695.28,6703.58,6678.09,6699.59,557477987
2023-02-14 15:00:00,6699.59,6705.67,6676.02,6680.22,1207402290
2023-02-15 09:00:00,6651.37,6667.67,6640.56,6649.33,508252619
2023-02-15 10:00:00,6649.33,6704.71,6629.77,6701.03,573536581
2023-02-15 11:00:00,6701.03,6719.21,6687.48,6713.44,297062076
2023-02-15 12:00:00,6713.44,6717.44,6664.02,6689.73,147924630
2023-02-15 13:00:00,6689.73,6704.4,6667.53,6677.58,223543241
2023-02-15 14:00:00,6677.58,6713.91,6674.33,6698.45,360170879
2023-02-15 15:00:00,6698.45,6698.83,6658.17,6659.59,782496617
2023-02-16 09:00:00,6655.78,6659.67,6638.27,6641.26,490001124
2023-02-16 10:00:00,6641.26,6680.55,6633.36,6674.57,536799051
2023-02-16 11:00:00,6674.57,6704.14,6654.38,6677.68,297184342
2023-02-16 12:00:00,6677.68,6695.15,6666.55,6681.59,153733011
2023-02-16 13:00:00,6681.59,6707.78,6681.12,6704.0,252733509
2023-02-16 14:00:00,6704.0,6736.4,6695.45,6726.58,314762658
2023-02-16 15:00:00,6726.58,6726.94,6676.24,6680.29,790634368
2023-02-17 09:00:00,6655.61,6663.58,6645.42,6647.63,644053411
2023-02-17 10:00:00,6647.63,6655.82,6610.75,6614.19,750724774
2023-02-17 11:00:00,6614.19,6626.75,6588.33,6612.22,310761906
2023-02-17 12:00:00,6612.22,6621.89,6585.1,6592.43,182005177
2023-02-17 13:00:00,6592.43,6638.62,6586.75,6636.81,289045121
2023-02-17 14:00:00,6636.81,6656.2,6619.51,6651.57,458439297
2023-02-17 15:00:00,6651.57,6706.87,6640.01,6705.11,883670424
2023-02-21 09:00:00,6700.22,6712.44,6673.93,6675.58,775517753
2023-02-21 10:00:00,6675.58,6721.72,6671.85,6718.76,822092443
2023-02-21 11:00:00,6718.76,6725.13,6681.58,6683.98,363581681
2023-02-21 12:00:00,6683.98,6716.28,6677.23,6705.41,202662022
2023-02-21 13:00:00,6705.41,6722.7,6649.98,6659.38,348136982
2023-02-21 14:00:00,6659.38,6675.21,6643.16,6653.33,481981635
2023-02-21 15:00:00,6653.33,6675.76,6650.21,6664.75,1192926317
2023-02-22 09:00:00,6643.62,6647.74,6622.26,6627.27,818320427
2023-02-22 10:00:00,6627.27,6636.21,6600.15,6622.29,959204018
2023-02-22 11:00:00,6622.29,6651.3,6595.15,6603.8,476114940
2023-02-22 12:00:00,6603.8,6636.9,6592.63,6631.43,240984254
2023-02-22 13:00:00,6631.43,6644.89,6601.82,6611.31,433552570
2023-02-22 14:00:00,6611.31,6695.24,6600.27,6672.33,675827024
2023-02-22 15:00:00,6672.33,6691.63,6668.3,6683.35,1193279942
2023-02-23 09:00:00,6669.42,6692.69,6667.09,6686.47,1043337423
2023-02-23 10:00:00,6686.47,6698.77,6665.39,6673.13,967844960
2023-02-23 11:00:00,6673.13,6693.18,6667.71,6690.96,535598820
2023-02-23 12:00:00,6690.96,6703.76,6674.28,6686.1,285177783
2023-02-23 13:00:00,6686.1,6731.35,6685.34,6720.35,473759226
2023-02-23 14:00:00,6720.35,6731.78,6678.63,6679.75,664996174
2023-02-23 15:00:00,6679.75,6690.66,6641.35,6651.81,1418436065
2023-02-24 09:00:00,6665.52,6672.38,6655.79,6663.4,616762495
2023-02-24 10:00:00,6663.4,6691.43,6626.7,6627.54,680386547
2023-02-24 11:00:00,6627.54,6663.61,6616.95,6654.67,309089060
2023-02-24 12:00:00,6654.67,6693.44,6632.15,6692.95,161059498
2023-02-24 13:00:00,6692.95,6715.68,6672.98,6677.17,288967531
2023-02-24 14:00:00,6677.17,6685.19,6629.26,6636.91,401744137
2023-02-24 15:00:00,6636.91,6655.84,6631.26,6648.57,850687330
2023-02-27 09:00:00,6631.72,6638.36,6600.09,6606.22,1026943437
2023-02-27 10:00:00,6606.22,6615.28,6585.6,6612.67,1162328364
2023-02-27 11:00:00,6612.67,6642.28,6609.32,6630.71,552589133
2023-02-27 12:00:00,6630.71,6631.28,6578.74,6589.83,282172985
2023-02-27 13:00:00,6589.83,6630.63,6587.91,6603.12,505293223
2023-02-27 14:00:00,6603.12,6612.13,6588.18,6600.24,876908531
2023-02-27 15:00:00,6600.24,6623.77,6587.94,6620.31,1587461515
2023-02-28 09:00:00,6589.15,6594.94,6548.0,6559.71,560573689
2023-02-28 10:00:00,6559.71,6578.06,6526.54,6530.97,676021519
2023-02-28 11:00:00,6530.97,6571.59,6521.27,6568.04,369068701
2023-02-28 12:00:00,6568.04,6583.71,6558.19,6564.43,186073020
2023-02-28 13:00:00,6564.43,6589.54,6552.79,6577.45,309760296
2023-02-28 14:00:00,6577.45,6599.75,6569.79,6570.13,495578610
2023-02-28 15:00:00,6570.13,6617.46,6569.56,6607.88,898991171
2023-03-01 09:00:00,6630.41,6641.31,6612.53,6627.56,681596168
2023-03-01 10:00:00,6627.56,6671.18,6618.61,6668.36,712049642
2023-03-01 11:00:00,6668.36,6671.82,6650.78,6652.75,364836225
2023-03-01 12:00:00,6652.75,6674.01,6632.89,6670.68,197585457
2023-03-01 13:00:00,6670.68,6677.79,6636.62,6655.64,308577212
2023-03-01 14:00:00,6655.64,6664.42,6627.25,6657.64,471614195
2023-03-01 15:00:00,6657.64,6669.91,6638.63,6656.51,1088933205
2023-03-02 09:00:00,6645.71,6665.49,6633.35,6662.62,683694411
2023-03-02 10:00:00,6662.62,6675.82,6640.82,6675.58,794081767
2023-03-02 11:00:00,6675.58,6680.2,6649.13,6679.41,353433300
2023-03-02 12:00:00,6679.41,6688.79,6661.81,6681.71,199385549
2023-03-02 13:00:00,6681.71,6704.84,6674.81,6692.48,353833803
2023-03-02 14:00:00,6692.48,6746.46,6690.59,6742.39,533791151
2023-03-02 15:00:00,6742.39,6769.6,6738.0,6741.28,978455863
2023-03-03 09:00:00,6740.81,6766.9,6731.6,6753.67,472608875
2023-03-03 10:00:00,6753.67,6776.42,6752.4,6759.92,518806108
2023-03-03 11:00:00,6759.92,6788.19,6751.48,6771.79,213554028
2023-03-03 12:00:00,6771.79,6779.56,6734.16,6758.55,116655522
2023-03-03 13:00:00,6758.55,6760.3,6729.88,6734.56,191109748
2023-03-03 14:00:00,6734.56,6742.24,6711.34,6716.93,292631435
2023-03-03 15:00:00,6716.93,6738.39,6714.49,6724.61,582048559
2023-03-06 09:00:00,6715.94,6719.63,6694.62,6697.95,767719754
2023-03-06 10:00:00,6697.95,6706.46,6680.07,6681.01,748109514
2023-03-06 11:00:00,6681.01,6689.69,6656.54,6664.11,394924914
2023-03-06 12:00:00,6664.11,6689.22,6654.85,6669.52,214882659
2023-03-06 13:00:00,6669.52,6725.83,6663.24,6710.16,300665070
2023-03-06 14:00:00,6710.16,6750.7,6701.73,6735.71,559866867
2023-03-06 15:00:00,6735.71,6758.36,6726.82,6733.89,1094537045
2023-03-07 09:00:00,6757.98,6762.69,6739.45,6745.4,683815405
2023-03-07 10:00:00,6745.4,6819.06,6744.34,6817.46,751813585
2023-03-07 11:00:00,6817.46,6828.39,6796.67,6810.38,345064940
2023-03-07 12:00:00,6810.38,6814.32,6763.94,6775.87,191321658
2023-03-07 13:00:00,6775.87,6793.13,6722.89,6741.04,308132826
2023-03-07 14:00:00,6741.04,6771.17,6735.94,6769.72,447979207
2023-03-07 15:00:00,6769.72,6812.31,6760.52,6773.25,923835517
2023-03-08 09:00:00,6779.14,6790.58,6777.94,6784.41,555162226
2023-03-08 10:00:00,6784.41,6787.26,6719.55,6724.45,611403426
2023-03-08 11:00:00,6724.45,6740.95,6694.71,6735.26,314356021
2023-03-08 12:00:00,6735.26,6736.22,6711.98,6724.57,177454043
2023-03-08 13:00:00,6724.57,6727.89,6679.05,6697.32,265781824
2023-03-08 14:00:00,6697.32,6707.09,6680.35,6699.17,450063707
2023-03-08 15:00:00,6699.17,6714.71,6685.02,6713.88,856476254
2023-03-09 09:00:00,6699.36,6703.45,6677.02,6683.5,620446843
2023-03-09 10:00:00,6683.5,6729.75,6678.9,6718.24,579943110
2023-03-09 11:00:00,6718.24,6721.26,6659.58,6699.49,307566495
2023-03-09 12:00:00,6699.49,6706.06,6674.69,6701.7,169993178
2023-03-09 13:00:00,6701.7,6729.58,6692.87,6712.57,293081604
2023-03-09 14:00:00,6712.57,6752.87,6707.83,6735.32,477597886
2023-03-09 15:00:00,6735.32,6764.33,6724.24,6757.45,775847789
2023-03-10 09:00:00,6781.52,6810.83,6779.9,6798.47,690076610
2023-03-10 10:00:00,6798.47,6806.59,6757.86,6790.09,846168903
2023-03-10 11:00:00,6790.09,6791.43,6752.58,6765.08,366081713
2023-03-10 12:00:00,6765.08,6771.26,6754.79,6765.96,220865410
2023-03-10 13:00:00,6765.96,6815.55,6762.53,6796.09,320407586
2023-03-10 14:00:00,6796.09,6828.99,6779.41,6827.42,568434546
2023-03-10 15:00:00,6827.42,6848.39,6809.78,6818.64,968289185
2023-03-13 09:00:00,6831.12,6835.21,6803.95,6814.73,694676362
2023-03-13 10:00:00,6814.73,6815.31,6748.09,6764.33,734743813
2023-03-13 11:00:00,6764.33,6781.21,6742.55,6765.61,396230566
2023-03-13 12:00:00,6765.61,6766.8,6709.64,6721.52,162971228
2023-03-13 13:00:00,6721.52,6739.38,6713.73,6723.75,333927585
2023-03-13 14:00:00,6723.75,6728.96,6689.58,6694.21,510681474
2023-03-13 15:00:00,6694.21,6700.62,6674.52,6694.46,933444354
2023-03-14 09:00:00,6690.15,6715.98,6689.07,6702.44,653388876
2023-03-14 10:00:00,6702.44,6722.83,6696.43,6698.05,675010307
2023-03-14 11:00:00,6698.05,6727.99,6684.29,6692.38,343057791
2023-03-14 12:00:00,6692.38,6697.26,6641.99,6658.72,176175768
2023-03-14 13:00:00,6658.72,6669.1,6629.25,6666.76,315644944
2023-03-14 14:00:00,6666.76,6705.2,6660.74,6670.22,463098507
2023-03-14 15:00:00,6670.22,6689.38,6659.72,6683.2,850884514
2023-03-15 09:00:00,6709.18,6724.84,6704.47,6711.64,768198695
2023-03-15 10:00:00,6711.64,6718.63,6687.03,6698.04,795390959
2023-03-15 11:00:00,6698.04,6705.78,6684.49,6694.96,385127462
2023-03-15 12:00:00,6694.96,6736.95,6691.34,6725.48,215189761
2023-03-15 13:00:00,6725.48,6758.25,6724.65,6751.91,365169482
2023-03-15 14:00:00,6751.91,6765.6,6717.73,6765.51,571258052
2023-03-15 15:00:00,6765.51,6828.74,6763.6,6828.57,1035131578
2023-03-16 09:00:00,6860.59,6894.51,6859.9,6894.25,689797305
2023-03-16 10:00:00,6894.25,6894.28,6825.05,6827.1,666374604
2023-03-16 11:00:00,6827.1,6830.83,6790.87,6821.24,325875365
2023-03-16 12:00:00,6821.24,6825.15,6792.36,6821.27,167263276
2023-03-16 13:00:00,6821.27,6847.95,6808.7,6841.78,270555894
2023-03-16 14:00:00,6841.78,6874.15,6838.61,6858.19,418811457
2023-03-16 15:00:00,6858.19,6873.84,6839.06,6843.38,843083745
2023-03-17 09:00:00,6850.49,6851.92,6817.23,6839.68,891875834
2023-03-17 10:00:00,6839.68,6865.64,6826.63,6828.84,974673254
2023-03-17 11:00:00,6828.84,6847.79,6816.64,6838.79,481493220
2023-03-17 12:00:00,6838.79,6865.83,6834.44,6835.2,224435930
2023-03-17 13:00:00,6835.2,6844.05,6804.91,6814.26,472763323
2023-03-17 14:00:00,6814.26,6865.31,6802.88,6850.54,722404511
2023-03-17 15:00:00,6850.54,6864.65,6814.84,6818.43,1489917065
2023-03-20 09:00:00,6829.7,6835.82,6820.05,6821.36,897136669
2023-03-20 10:00:00,6821.36,6829.38,6777.53,6779.15,1099589979
2023-03-20 11:00:00,6779.15,6793.61,6760.64,6761.97,481532472
2023-03-20 12:00:00,6761.97,6771.14,6747.51,6759.71,255354707
2023-03-20 13:00:00,6759.71,6760.02,6684.14,6688.89,484062000
2023-03-20 14:00:00,6688.89,6704.79,6669.78,6693.88,762793837
2023-03-20 15:00:00,6693.88,6704.31,6662.57,6664.61,1280786499
2023-03-21 09:00:00,6689.23,6696.02,6671.65,6672.29,520177022
2023-03-21 10:00:00,6672.29,6685.16,6655.13,6669.76,560385897
2023-03-21 11:00:00,6669.76,6682.61,6651.29,6655.54,284988367
2023-03-21 12:00:00,6655.54,6694.49,6650.33,6693.62,160764016
2023-03-21 13:00:00,6693.62,6704.85,6682.8,6687.84,235308356
2023-03-21 14:00:00,6687.84,6720.03,6685.54,6710.69,376050056
2023-03-21 15:00:00,6710.69,6712.79,6690.99,6708.4,854963632
2023-03-22 09:00:00,6686.62,6690.02,6652.18,6659.45,1196356896
2023-03-22 10:00:00,6659.45,6697.18,6651.99,6686.13,1156832604
2023-03-22 11:00:00,6686.13,6693.88,6663.31,6676.66,562419086
2023-03-22 12:00:00,6676.66,6681.59,6640.47,6663.67,312995871
2023-03-22 13:00:00,6663.67,6684.19,6569.05,6575.63,492531605
2023-03-22 14:00:00,6575.63,6602.35,6560.47,6562.87,698150922
2023-03-22 15:00:00,6562.87,6563.27,6512.63,6532.05,1424535714
2023-03-23 09:00:00,6517.82,6526.21,6506.94,6507.88,676101346
2023-03-23 10:00:00,6507.88,6509.71,6420.5,6422.74,851484256
2023-03-23 11:00:00,6422.74,6478.5,6419.79,6458.37,384553650
2023-03-23 12:00:00,6458.37,6459.98,6427.24,6432.87,174558694
2023-03-23 13:00:00,6432.87,6437.04,6406.62,6416.24,331093808
2023-03-23 14:00:00,6416.24,6421.58,6380.02,6380.85,500183903
2023-03-23 15:00:00,6380.85,6381.89,6347.4,6363.16,950280120
2023-03-24 09:00:00,6365.18,6379.44,6358.92,6372.8,953162013
2023-03-24 10:00:00,6372.8,6377.24,6334.66,6337.2,963277497
2023-03-24 11:00:00,6337.2,6346.1,6326.98,6328.26,503798853
2023-03-24 12:00:00,6328.26,6347.27,6320.71,6332.91,253084370
2023-03-24 13:00:00,6332.91,6348.58,6301.27,6306.98,424252603
2023-03-24 14:00:00,6306.98,6358.13,6305.89,6354.32,682476427
2023-03-24 15:00:00,6354.32,6372.87,6337.35,6341.96,1383698144
2023-03-27 09:00:00,6356.93,6357.72,6338.0,6341.21,578786649
2023-03-27 10:00:00,6341.21,6356.96,6327.07,6332.5,652860799
2023-03-27 11:00:00,6332.5,6342.23,6317.84,6321.71,302833969
2023-03-27 12:00:00,6321.71,6381.39,6320.47,6381.33,157422703
2023-03-27 13:00:00,6381.33,6386.15,6354.19,6363.46,270469120
2023-03-27 14:00:00,6363.46,6375.96,6326.71,6374.94,415638005
2023-03-27 15:00:00,6374.94,6381.91,6353.72,6366.28,771416476
2023-03-28 09:00:00,6388.01,6411.42,6381.12,6408.44,1034898612
2023-03-28 10:00:00,6408.44,6445.45,6406.96,6435.04,1028188991
2023-03-28 11:00:00,6435.04,6453.51,6417.35,6418.51,434748432
2023-03-28 12:00:00,6418.51,6440.14,6400.34,6401.77,227624561
2023-03-28 13:00:00,6401.77,6425.62,6401.53,6407.67,359646613
2023-03-28 14:00:00,6407.67,6463.07,6406.52,6447.33,621669772
2023-03-28 15:00:00,6447.33,6482.57,6446.46,6473.58,1165284425
2023-03-29 09:00:00,6489.64,6493.83,6479.02,6485.65,896862819
2023-03-29 10:00:00,6485.65,6530.17,6483.37,6518.24,805559588
2023-03-29 11:00:00,6518.24,6525.75,6505.76,6510.48,442553300
2023-03-29 12:00:00,6510.48,6510.79,6458.29,6461.81,217177593
2023-03-29 13:00:00,6461.81,6478.97,6457.36,6476.4,372743620
2023-03-29 14:00:00,6476.4,6480.87,6436.07,6450.63,574114058
2023-03-29 15:00:00,6450.63,6470.76,6447.03,6453.19,1066826456
2023-03-30 09:00:00,6473.05,6509.65,6460.59,6508.89,550763593
2023-03-30 10:00:00,6508.89,6510.41,6472.71,6473.45,500284534
2023-03-30 11:00:00,6473.45,6475.24,6444.64,6461.62,237020896
2023-03-30 12:00:00,6461.62,6471.88,6447.52,6456.51,119856965
2023-03-30 13:00:00,6456.51,6462.25,6443.3,6450.91,210554608
2023-03-30 14:00:00,6450.91,6456.09,6411.95,6425.01,312507326
2023-03-30 15:00:00,6425.01,6451.41,6421.15,6437.42,647662352
2023-03-31 09:00:00,6438.46,6466.1,6430.87,6455.09,997134891
2023-03-31 10:00:00,6455.09,6477.33,6440.48,6476.84,1001015932
2023-03-31 11:00:00,6476.84,6515.27,6463.52,6481.03,495862594
2023-03-31 12:00:00,6481.03,6518.52,6470.04,6509.67,280100345
2023-03-31 13:00:00,6509.67,6532.65,6483.97,6486.93,430508532
2023-03-31 14:00:00,6486.93,6503.84,6439.52,6443.1,724927050
2023-03-31 15:00:00,6443.1,6444.13,6414.95,6419.43,1335255230
2023-04-03 09:00:00,6435.94,6454.75,6431.23,6452.67,1091185754
2023-04-03 10:00:00,6452.67,6453.03,6386.25,6393.03,1247598454
2023-04-03 11:00:00,6393.03,6403.16,6371.38,6382.88,607832396
2023-04-03 12:00:00,6382.88,6421.13,6381.42,6414.44,338437469
2023-04-03 13:00:00,6414.44,6428.11,6392.53,6407.67,545077119
2023-04-03 14:00:00,6407.67,6413.39,6391.33,6405.36,877534435
2023-04-03 15:00:00,6405.36,6412.96,6389.82,6409.49,1618262543
2023-04-04 09:00:00,6409.28,6416.59,6393.89,6405.39,813738820
2023-04-04 10:00:00,6405.39,6421.11,6393.24,6418.75,1036369930
2023-04-04 11:00:00,6418.75,6437.39,6410.2,6418.82,478721817
2023-04-04 12:00:00,6418.82,6419.67,6378.53,6396.02,259380585
2023-04-04 13:00:00,6396.02,6423.23,6391.38,6419.96,407470054
2023-04-04 14:00:00,6419.96,6442.4,6412.93,6426.62,657045176
2023-04-04 15:00:00,6426.62,6451.16,6408.67,6414.62,1344639673
2023-04-05 09:00:00,6407.97,6410.36,6374.73,6390.86,1098510738
2023-04-05 10:00:00,6390.86,6395.13,6344.4,6353.13,1158529532
2023-04-05 11:00:00,6353.13,6383.34,6350.9,6355.52,487886518
2023-04-05 12:00:00,6355.52,6385.73,6351.08,6364.05,280336670
2023-04-05 13:00:00,6364.05,6384.51,6358.46,6366.43,409020889
2023-04-05 14:00:00,6366.43,6382.07,6348.35,6366.49,676943093
2023-04-05 15:00:00,6366.49,6388.31,6342.95,6343.02,1380625766
2023-04-06 09:00:00,6322.77,6352.53,6309.25,6347.87,651828474
2023-04-06 10:00:00,6347.87,6354.38,6335.96,6338.33,600088145
2023-04-06 11:00:00,6338.33,6367.53,6335.68,6339.85,362718118
2023-04-06 12:00:00,6339.85,6350.4,6322.57,6325.12,163082315
2023-04-06 13:00:00,6325.12,6331.1,6288.35,6296.66,278875919
2023-04-06 14:00:00,6296.66,6338.3,6291.12,6334.57,462320734
2023-04-06 15:00:00,6334.57,6351.03,6313.58,6340.81,814312413
2023-04-10 09:00:00,6367.92,6376.54,6359.31,6372.31,556180677
2023-04-10 10:00:00,6372.31,6412.75,6372.07,6394.77,580726514
2023-04-10 11:00:00,6394.77,6398.61,6360.37,6381.1,318212627
2023-04-10 12:00:00,6381.1,6402.97,6373.0,6394.8,186451351
2023-04-10 13:00:00,6394.8,6422.37,6383.0,6396.4,262615872
2023-04-10 14:00:00,6396.4,6427.58,6380.96,6424.26,454240189
2023-04-10 15:00:00,6424.26,6459.8,6356.99,6367.41,779232688
2023-04-11 09:00:00,6358.36,6402.16,6355.23,6396.86,718168785
2023-04-11 10:00:00,6396.86,6416.29,6385.65,6413.12,732484934
2023-04-11 11:00:00,6413.12,6422.25,6391.22,6400.76,344751856
2023-04-11 12:00:00,6400.76,6405.66,6370.56,6376.23,184672457
2023-04-11 13:00:00,6376.23,6387.42,6362.36,6372.19,310703386
2023-04-11 14:00:00,6372.19,6396.35,6364.95,6395.73,412610534
2023-04-11 15:00:00,6395.73,6423.29,6393.96,6412.7,1088565885
2023-04-12 09:00:00,6405.5,6439.7,6401.99,6436.45,972044983
2023-04-12 10:00:00,6436.45,6457.41,6428.61,6447.44,1060914668
2023-04-12 11:00:00,6447.44,6448.72,6419.34,6425.67,608633106
2023-04-12 12:00:00,6425.67,6439.6,6390.35,6393.29,269237705
2023-04-12 13:00:00,6393.29,6428.95,6388.31,6422.87,403152058
2023-04-12 14:00:00,6422.87,6424.24,6380.33,6386.32,765779291
2023-04-12 15:00:00,6386.32,6396.58,6363.4,6369.98,1481473587
2023-04-13 09:00:00,6342.92,6350.67,6328.21,6336.65,715384097
2023-04-13 10:00:00,6336.65,6340.41,6320.66,6332.01,799573924
2023-04-13 11:00:00,6332.01,6345.67,6310.79,6344.17,404575117
2023-04-13 12:00:00,6344.17,6352.25,6294.86,6299.15,196372296
2023-04-13 13:00:00,6299.15,6302.7,6258.47,6280.43,307403179
2023-04-13 14:00:00,6280.43,6292.47,6200.54,6211.51,464566130
2023-04-13 15:00:00,6211.51,6217.05,6174.24,6201.88,944876871
2023-04-14 09:00:00,6205.49,6214.74,6196.26,6205.87,762246892
2023-04-14 10:00:00,6205.87,6229.53,6193.47,6223.78,782142793
2023-04-14 11:00:00,6223.78,6250.52,6216.91,6243.0,407204604
2023-04-14 12:00:00,6243.0,6254.32,6227.0,6252.69,212435712
2023-04-14 13:00:00,6252.69,6254.8,6210.91,6224.53,332478059
2023-04-14 14:00:00,6224.53,6225.58,6182.81,6208.24,529953444
2023-04-14 15:00:00,6208.24,6228.79,6195.42,6226.89,981451133
2023-04-17 09:00:00,6237.14,6245.49,6227.46,6230.5,739774309
2023-04-17 10:00:00,6230.5,6253.87,6227.14,6244.08,632166822
2023-04-17 11:00:00,6244.08,6244.39,6188.57,6194.59,329458704
2023-04-17 12:00:00,6194.59,6227.45,6192.48,6225.32,166305336
2023-04-17 13:00:00,6225.32,6261.02,6208.11,6259.26,259317315
2023-04-17 14:00:00,6259.26,6295.07,6254.48,6286.44,457244758
2023-04-17 15:00:00,6286.44,6335.03,6275.93,6306.62,751773830
2023-04-18 09:00:00,6301.07,6302.69,6267.88,6268.73,777244213
2023-04-18 10:00:00,6268.73,6287.5,6237.94,6268.06,784793546
2023-04-18 11:00:00,6268.06,6289.02,6260.76,6283.94,374119056
2023-04-18 12:00:00,6283.94,6289.58,6261.93,6264.89,194791194
2023-04-18 13:00:00,6264.89,6303.08,6264.25,6277.98,304779252
2023-04-18 14:00:00,6277.98,6294.95,6226.48,6228.03,503606405
2023-04-18 15:00:00,6228.03,6236.6,6173.07,6185.16,961470031
2023-04-19 09:00:00,6202.34,6203.01,6173.56,6177.42,402928595
2023-04-19 10:00:00,6177.42,6239.8,6176.87,6234.37,454680723
2023-04-19 11:00:00,6234.37,6251.76,6219.57,6220.26,229333090
2023-04-19 12:00:00,6220.26,6243.41,6211.35,6222.99,113991793
2023-04-19 13:00:00,6222.99,6259.19,6214.8,6244.08,162921090
2023-04-19 14:00:00,6244.08,6246.96,6197.9,6215.58,355590838
2023-04-19 15:00:00,6215.58,6240.96,6207.46,6214.44,630303037
2023-04-20 09:00:00,6237.21,6239.48,6220.75,6233.14,782056595
2023-04-20 10:00:00,6233.14,6233.8,6186.37,6202.61,861547525
2023-04-20 11:00:00,6202.61,6218.03,6192.62,6217.36,392373425
2023-04-20 12:00:00,6217.36,6249.91,6212.57,6247.59,223719571
2023-04-20 13:00:00,6247.59,6263.24,6234.19,6260.99,324416018
2023-04-20 14:00:00,6260.99,6265.07,6231.91,6264.43,467441335
2023-04-20 15:00:00,6264.43,6275.77,6253.83,6270.89,945124325
2023-04-21 09:00:00,6249.8,6268.56,6247.85,6249.2,581609337
2023-04-21 10:00:00,6249.2,6254.73,6199.53,6204.72,792832910
2023-04-21 11:00:00,6204.72,6215.5,6172.54,6191.89,362301013
2023-04-21 12:00:00,6191.89,6209.17,6187.8,6197.37,180656410
2023-04-21 13:00:00,6197.37,6199.95,6155.94,6156.35,283078859
2023-04-21 14:00:00,6156.35,6189.14,6147.89,6183.04,480802078
2023-04-21 15:00:00,6183.04,6206.29,6165.07,6206.25,904256574
2023-04-24 09:00:00,6196.95,6202.36,6175.36,6187.15,777648435
2023-04-24 10:00:00,6187.15,6212.39,6170.68,6173.74,693172596
2023-04-24 11:00:00,6173.74,6184.56,6146.36,6153.43,351683139
2023-04-24 12:00:00,6153.43,6158.81,6085.24,6098.8,203501895
2023-04-24 13:00:00,6098.8,6102.91,6062.81,6078.52,311520125
2023-04-24 14:00:00,6078.52,6080.22,5999.13,6001.91,518242812
2023-04-24 15:00:00,6001.91,6092.64,5995.75,6064.3,990537382
2023-04-25 09:00:00,6076.34,6079.53,6060.37,6062.75,620384544
2023-04-25 10:00:00,6062.75,6067.06,5995.48,5998.67,637068652
2023-04-25 11:00:00,5998.67,6015.12,5994.31,6006.82,289936939
2023-04-25 12:00:00,6006.82,6045.62,6000.08,6036.34,152458497
2023-04-25 13:00:00,6036.34,6055.87,5893.32,5963.22,253846779
2023-04-25 14:00:00,5963.22,5983.37,5953.68,5968.91,334769347
2023-04-25 15:00:00,5968.91,5988.82,5961.18,5976.88,793219914
2023-04-26 09:00:00,5937.81,5949.75,5923.49,5936.93,576874398
2023-04-26 10:00:00,5936.93,5954.0,5915.35,5916.97,621223749
2023-04-26 11:00:00,5916.97,5929.33,5908.45,5922.26,325381986
2023-04-26 12:00:00,5922.26,5946.27,5906.15,5942.37,166168935
2023-04-26 13:00:00,5942.37,5969.3,5940.61,5967.44,238891634
2023-04-26 14:00:00,5967.44,5994.04,5963.02,5986.08,404427290
2023-04-26 15:00:00,5986.08,6014.97,5980.71,6010.53,816583150
2023-04-27 09:00:00,5992.0,5994.53,5958.56,5963.43,472063252
2023-04-27 10:00:00,5963.43,5966.76,5931.61,5943.53,532328308
2023-04-27 11:00:00,5943.53,5962.79,5928.74,5950.01,226484065
2023-04-27 12:00:00,5950.01,5960.63,5901.64,5904.77,124022016
2023-04-27 13:00:00,5904.77,5930.94,5897.74,5926.5,225699113
2023-04-27 14:00:00,5926.5,5941.57,5916.49,5936.36,328412235
2023-04-27 15:00:00,5936.36,5951.32,5927.11,5943.37,622630918
2023-04-28 09:00:00,5915.81,5918.99,5906.8,5914.1,691364699
2023-04-28 10:00:00,5914.1,5955.83,5911.69,5943.96,730267776
2023-04-28 11:00:00,5943.96,5964.92,5937.37,5938.69,333684722
2023-04-28 12:00:00,5938.69,5958.45,5915.84,5952.7,185300482
2023-04-28 13:00:00,5952.7,5981.77,5951.6,5970.73,291124727
2023-04-28 14:00:00,5970.73,5982.35,5933.29,5954.8,446697737
2023-04-28 15:00:00,5954.8,5970.25,5946.03,5955.38,923297314
2023-05-01 09:00:00,5949.65,5953.37,5933.25,5935.32,774326463
2023-05-01 10:00:00,5935.32,5956.55,5918.04,5951.68,743580166
2023-05-01 11:00:00,5951.68,5952.61,5905.65,5917.69,379465653
2023-05-01 12:00:00,5917.69,5932.45,5906.31,5929.04,184585882
2023-05-01 13:00:00,5929.04,5932.2,5903.96,5905.43,304954855
2023-05-01 14:00:00,5905.43,5920.87,5895.48,5914.51,516494039
2023-05-01 15:00:00,5914.51,5946.87,5912.91,5941.18,1020900061
2023-05-02 09:00:00,5967.17,5983.14,5961.66,5973.5,716438835
2023-05-02 10:00:00,5973.5,5979.96,5939.88,5946.42,706874083
2023-05-02 11:00:00,5946.42,5952.88,5932.97,5941.18,374748266
2023-05-02 12:00:00,5941.18,5947.76,5918.61,5938.59,187244967
2023-05-02 13:00:00,5938.59,5948.44,5917.26,5931.72,330017401
2023-05-02 14:00:00,5931.72,5963.32,5930.17,5958.47,545396800
2023-05-02 15:00:00,5958.47,5973.38,5947.93,5957.94,1147617426
2023-05-03 09:00:00,5972.33,5982.72,5960.63,5962.29,304894544
2023-05-03 10:00:00,5962.29,6003.79,5957.82,5990.75,405152754
2023-05-03 11:00:00,5990.75,5996.26,5963.51,5985.1,201008588
2023-05-03 12:00:00,5985.1,5998.61,5967.93,5977.55,86607202
2023-05-03 13:00:00,5977.55,6010.92,5976.37,6003.55,151639104
2023-05-03 14:00:00,6003.55,6031.02,5999.45,6017.68,234745575
2023-05-03 15:00:00,6017.68,6031.65,5984.39,6013.42,480870468
2023-05-04 09:00:00,5986.29,5989.31,5973.98,5983.53,848249769
2023-05-04 10:00:00,5983.53,6032.03,5978.77,6019.58,1016665770
2023-05-04 11:00:00,6019.58,6020.45,5981.27,5984.94,468824464
2023-05-04 12:00:00,5984.94,5988.05,5934.62,5938.28,224805949
2023-05-04 13:00:00,5938.28,5942.25,5917.98,5920.19,406052715
2023-05-04 14:00:00,5920.19,5920.68,5899.25,5905.56,569759553
2023-05-04 15:00:00,5905.56,5911.04,5882.64,5885.12,1238559283
2023-05-05 09:00:00,5907.46,5909.1,5887.95,5896.59,627122052
2023-05-05 10:00:00,5896.59,5936.82,5894.18,5918.69,582121701
2023-05-05 11:00:00,5918.69,5924.57,5902.69,5906.88,309633583
2023-05-05 12:00:00,5906.88,5921.88,5865.25,5869.88,144137497
2023-05-05 13:00:00,5869.88,5885.4,5844.35,5864.83,240734499
2023-05-05 14:00:00,5864.83,5876.82,5851.5,5856.32,348588308
2023-05-05 15:00:00,5856.32,5860.13,5819.89,5826.62,798387873
2023-05-08 09:00:00,5821.89,5829.71,5810.78,5817.79,486919341
2023-05-08 10:00:00,5817.79,5819.98,5756.23,5756.77,508617533
2023-05-08 11:00:00,5756.77,5758.39,5705.36,5709.43,258575478
2023-05-08 12:00:00,5709.43,5710.84,5681.22,5685.53,127149071
2023-05-08 13:00:00,5685.53,5713.77,5676.14,5710.88,238178954
2023-05-08 14:00:00,5710.88,5714.59,5694.38,5703.63,392547275
2023-05-08 15:00:00,5703.63,5725.72,5689.77,5717.03,691278741
2023-05-09 09:00:00,5698.78,5707.41,5678.53,5685.15,968758335
2023-05-09 10:00:00,5685.15,5690.76,5669.82,5687.28,815305975
2023-05-09 11:00:00,5687.28,5692.57,5662.32,5668.73,430893552
2023-05-09 12:00:00,5668.73,5680.72,5658.94,5679.63,212638082
2023-05-09 13:00:00,5679.63,5705.78,5664.23,5664.73,365385673
2023-05-09 14:00:00,5664.73,5687.86,5648.75,5680.13,518658327
2023-05-09 15:00:00,5680.13,5715.15,5679.09,5691.31,1185820561
2023-05-10 09:00:00,5674.21,5681.37,5665.29,5675.41,455434590
2023-05-10 10:00:00,5675.41,5687.68,5663.36,5681.16,597808938
2023-05-10 11:00:00,5681.16,5692.8,5668.79,5691.85,273614644
2023-05-10 12:00:00,5691.85,5723.0,5688.53,5711.41,136186939
2023-05-10 13:00:00,5711.41,5743.68,5709.04,5729.28,218001015
2023-05-10 14:00:00,5729.28,5732.9,5695.23,5700.37,365217378
2023-05-10 15:00:00,5700.37,5710.69,5684.33,5710.29,758583948
2023-05-11 09:00:00,5713.8,5735.43,5713.18,5727.7,1035584433
2023-05-11 10:00:00,5727.7,5741.16,5714.38,5720.64,1236468970
2023-05-11 11:00:00,5720.64,5737.35,5715.52,5730.4,537414137
2023-05-11 12:00:00,5730.4,5752.43,5720.67,5729.44,296360810
2023-05-11 13:00:00,5729.44,5730.6,5701.68,5705.53,454663607
2023-05-11 14:00:00,5705.53,5721.32,5691.23,5707.71,724729676
2023-05-11 15:00:00,5707.71,5738.43,5707.34,5719.24,1435363105
2023-05-12 09:00:00,5712.69,5746.33,5712.53,5743.6,873872890
2023-05-12 10:00:00,5743.6,5753.77,5725.75,5734.38,863873846
2023-05-12 11:00:00,5734.38,5752.41,5728.86,5748.64,385956763
2023-05-12 12:00:00,5748.64,5756.16,5731.32,5735.78,204414327
2023-05-12 13:00:00,5735.78,5748.91,5716.86,5717.49,310501469
2023-05-12 14:00:00,5717.49,5750.47,5715.11,5745.04,527937986
2023-05-12 15:00:00,5745.04,5756.37,5732.11,5752.34,956286966
2023-05-15 09:00:00,5758.63,5771.38,5755.84,5768.6,538038043
2023-05-15 10:00:00,5768.6,5785.06,5757.97,5782.55,571361045
2023-05-15 11:00:00,5782.55,5799.66,5773.35,5790.41,270874695
2023-05-15 12:00:00,5790.41,5793.73,5770.99,5776.28,139638402
2023-05-15 13:00:00,5776.28,5777.6,5732.79,5745.11,242109448
2023-05-15 14:00:00,5745.11,5787.23,5742.24,5780.09,411276015
2023-05-15 15:00:00,5780.09,5795.63,5769.4,5782.8,774876143
2023-05-16 09:00:00,5781.12,5815.72,5777.86,5815.21,547639173
2023-05-16 10:00:00,5815.21,5826.84,5801.32,5805.36,612573451
2023-05-16 11:00:00,5805.36,5827.99,5801.91,5825.62,331749136
2023-05-16 12:00:00,5825.62,5871.75,5821.88,5864.32,151623784
2023-05-16 13:00:00,5864.32,5871.11,5844.74,5847.77,229709259
2023-05-16 14:00:00,5847.77,5864.41,5834.84,5854.67,385662403
2023-05-16 15:00:00,5854.67,5888.89,5843.78,5883.57,704267594
2023-05-17 09:00:00,5892.21,5893.57,5865.19,5877.22,425260049
2023-05-17 10:00:00,5877.22,5907.73,5869.18,5895.37,530372685
2023-05-17 11:00:00,5895.37,5900.19,5882.31,5891.18,242607738
2023-05-17 12:00:00,5891.18,5892.32,5870.97,5875.69,143673546
2023-05-17 13:00:00,5875.69,5908.77,5873.71,5900.84,226501447
2023-05-17 14:00:00,5900.84,5920.91,5891.44,5913.82,363014059
2023-05-17 15:00:00,5913.82,5920.67,5881.86,5888.52,707111091
2023-05-18 09:00:00,5939.78,5968.81,5938.54,5955.26,496483308
2023-05-18 10:00:00,5955.26,5996.31,5950.15,5992.67,580081772
2023-05-18 11:00:00,5992.67,6015.16,5985.92,6011.12,285686453
2023-05-18 12:00:00,6011.12,6044.89,6002.37,6026.74,162710016
2023-05-18 13:00:00,6026.74,6049.69,6021.19,6035.82,245068309
2023-05-18 14:00:00,6035.82,6041.48,6018.22,6023.19,368966498
2023-05-18 15:00:00,6023.19,6023.3,5982.79,5989.31,802481591
2023-05-19 09:00:00,5979.9,6029.95,5973.97,6027.76,610668854
2023-05-19 10:00:00,6027.76,6041.92,6013.83,6033.82,657642319
2023-05-19 11:00:00,6033.82,6033.92,5975.03,5975.06,312470176
2023-05-19 12:00:00,5975.06,5976.87,5943.54,5946.29,172753248
2023-05-19 13:00:00,5946.29,5952.23,5898.92,5905.3,281760740
2023-05-19 14:00:00,5905.3,5912.94,5888.97,5904.66,430450591
2023-05-19 15:00:00,5904.66,5910.88,5877.1,5887.48,879314339
2023-05-22 09:00:00,5875.13,5891.69,5865.66,5866.53,463823015
2023-05-22 10:00:00,5866.53,5876.52,5853.86,5866.36,503627541
2023-05-22 11:00:00,5866.36,5877.75,5848.03,5862.99,250974845
2023-05-22 12:00:00,5862.99,5884.14,5858.44,5872.27,131096788
2023-05-22 13:00:00,5872.27,5898.16,5869.59,5886.18,213032443
2023-05-22 14:00:00,5886.18,5902.56,5875.31,5893.13,376458359
2023-05-22 15:00:00,5893.13,5895.78,5864.16,5889.06,600711010
2023-05-23 09:00:00,5865.54,5884.63,5863.2,5883.71,514922100
2023-05-23 10:00:00,5883.71,5900.24,5871.59,5888.72,670749573
2023-05-23 11:00:00,5888.72,5897.16,5866.02,5869.28,297940748
2023-05-23 12:00:00,5869.28,5921.22,5851.66,5908.16,156418203
2023-05-23 13:00:00,5908.16,5909.12,5887.67,5894.52,253766875
2023-05-23 14:00:00,5894.52,5905.52,5868.27,5888.36,439922547
2023-05-23 15:00:00,5888.36,5897.42,5871.69,5895.4,894606487
2023-05-24 09:00:00,5887.57,5896.83,5882.01,5891.09,697843743
2023-05-24 10:00:00,5891.09,5900.49,5880.85,5888.54,794127271
2023-05-24 11:00:00,5888.54,5910.19,5880.9,5896.77,338037618
2023-05-24 12:00:00,5896.77,5899.23,5864.9,5877.32,182303737
2023-05-24 13:00:00,5877.32,5890.59,5854.03,5861.95,314558262
2023-05-24 14:00:00,5861.95,5864.02,5809.14,5814.15,479048837
2023-05-24 15:00:00,5814.15,5843.89,5810.58,5837.92,908817973
2023-05-25 09:00:00,5866.26,5888.46,5855.24,5874.32,395869940
2023-05-25 10:00:00,5874.32,5875.27,5848.05,5870.61,459505068
2023-05-25 11:00:00,5870.61,5880.45,5855.13,5867.09,214122322
2023-05-25 12:00:00,5867.09,5895.92,5849.01,5877.82,123132974
2023-05-25 13:00:00,5877.82,5924.92,5871.53,5918.87,204210994
2023-05-25 14:00:00,5918.87,5965.26,5916.07,5962.24,335484593
2023-05-25 15:00:00,5962.24,6028.05,5957.6,6016.6,567254109
2023-05-26 09:00:00,6024.68,6025.73,5995.64,5999.14,379953725
2023-05-26 10:00:00,5999.14,6023.18,5992.78,6007.02,455697748
2023-05-26 11:00:00,6007.02,6007.4,5966.89,5969.44,219348678
2023-05-26 12:00:00,5969.44,5970.75,5867.22,5871.56,114142278
2023-05-26 13:00:00,5871.56,5904.93,5862.81,5892.03,186865498
2023-05-26 14:00:00,5892.03,5923.13,5887.2,5891.59,297810858
2023-05-26 15:00:00,5891.59,5929.03,5890.39,5924.6,561859611
2023-05-30 09:00:00,5943.83,5944.08,5914.81,5925.77,396848641
2023-05-30 10:00:00,5925.77,5930.6,5901.38,5918.84,436070181
2023-05-30 11:00:00,5918.84,5919.69,5892.86,5904.39,211551838
2023-05-30 12:00:00,5904.39,5912.53,5883.91,5899.83,100395885
2023-05-30 13:00:00,5899.83,5957.05,5891.08,5954.61,168296527
2023-05-30 14:00:00,5954.61,5968.32,5923.92,5925.81,277571966
2023-05-30 15:00:00,5925.81,5960.71,5922.17,5943.2,540161804
2023-05-31 09:00:00,5901.03,5914.45,5893.98,5895.32,781526809
2023-05-31 10:00:00,5895.32,5911.08,5876.66,5887.24,770637861
2023-05-31 11:00:00,5887.24,5897.96,5861.07,5864.05,364583621
2023-05-31 12:00:00,5864.05,5904.74,5850.42,5896.62,188181592
2023-05-31 13:00:00,5896.62,5903.23,5859.14,5867.49,286934428
2023-05-31 14:00:00,5867.49,5881.11,5827.07,5846.01,509919385
2023-05-31 15:00:00,5846.01,5865.1,5837.82,5864.26,1016073058
2023-06-01 09:00:00,5840.17,5876.82,5838.71,5872.19,1145481571
2023-06-01 10:00:00,5872.19,5897.95,5864.5,5888.63,1251918845
2023-06-01 11:00:00,5888.63,5911.32,5876.6,5892.01,528223572
2023-06-01 12:00:00,5892.01,5899.61,5868.37,5886.54,313681050
2023-06-01 13:00:00,5886.54,5888.87,5862.61,5872.44,487358353
2023-06-01 14:00:00,5872.44,5880.26,5848.02,5859.75,740804245
2023-06-01 15:00:00,5859.75,5867.93,5842.76,5844.17,1612008445
2023-06-02 09:00:00,5871.98,5902.24,5871.24,5898.28,713497464
2023-06-02 10:00:00,5898.28,5921.74,5885.75,5917.66,683190947
2023-06-02 11:00:00,5917.66,5950.13,5911.93,5942.75,353903372
2023-06-02 12:00:00,5942.75,5945.85,5912.2,5912.76,210775807
2023-06-02 13:00:00,5912.76,5934.47,5904.19,5921.92,327875907
2023-06-02 14:00:00,5921.92,5935.16,5904.37,5930.81,493705869
2023-06-02 15:00:00,5930.81,5951.65,5919.39,5923.66,1014338023
2023-06-05 09:00:00,5899.9,5909.05,5892.33,5904.93,365608577
2023-06-05 10:00:00,5904.93,5920.24,5885.64,5919.25,317859023
2023-06-05 11:00:00,5919.25,5927.44,5882.9,5886.8,169153029
2023-06-05 12:00:00,5886.8,5914.23,5877.24,5902.8,89056722
2023-06-05 13:00:00,5902.8,5932.29,5881.72,5900.06,158237757
2023-06-05 14:00:00,5900.06,5924.91,5891.51,5923.56,255645833
2023-06-05 15:00:00,5923.56,5935.04,5913.08,5920.12,487668663
2023-06-06 09:00:00,5918.47,5920.44,5894.24,5904.91,804885603
2023-06-06 10:00:00,5904.91,5913.97,5884.39,5911.42,804570365
2023-06-06 11:00:00,5911.42,5936.41,5905.49,5920.63,326747614
2023-06-06 12:00:00,5920.63,5928.13,5897.47,5927.95,196650975
2023-06-06 13:00:00,5927.95,5936.22,5902.51,5921.61,344827654
2023-06-06 14:00:00,5921.61,5954.2,5910.96,5949.22,495716539
2023-06-06 15:00:00,5949.22,6001.99,5946.84,5993.9,1009631562
2023-06-07 09:00:00,6021.21,6038.47,6014.97,6035.82,401787792
2023-06-07 10:00:00,6035.82,6046.23,6014.74,6032.7,484589464
2023-06-07 11:00:00,6032.7,6049.58,6022.06,6033.3,242276549
2023-06-07 12:00:00,6033.3,6034.44,6017.6,6020.45,111120229
2023-06-07 13:00:00,6020.45,6035.95,5980.11,5985.18,175163196
2023-06-07 14:00:00,5985.18,6028.56,5977.09,6023.46,317220459
2023-06-07 15:00:00,6023.46,6045.57,6015.46,6037.66,611871642
2023-06-08 09:00:00,6061.97,6073.45,6051.93,6069.16,715391106
2023-06-08 10:00:00,6069.16,6071.24,6042.12,6054.97,601714633
2023-06-08 11:00:00,6054.97,6075.67,6049.16,6061.17,368757094
2023-06-08 12:00:00,6061.17,6073.76,6054.43,6067.64,180148136
2023-06-08 13:00:00,6067.64,6115.52,6066.9,6104.63,296743027
2023-06-08 14:00:00,6104.63,6106.78,6056.57,6058.96,447365569
2023-06-08 15:00:00,6058.96,6076.35,6055.76,6066.86,901611701
2023-06-09 09:00:00,6072.19,6079.79,6060.27,6061.9,866648176
2023-06-09 10:00:00,6061.9,6125.48,6061.54,6123.29,795918132
2023-06-09 11:00:00,6123.29,6146.31,6118.86,6124.94,374116599
2023-06-09 12:00:00,6124.94,6139.35,6114.44,6115.68,231849948
2023-06-09 13:00:00,6115.68,6129.97,6099.49,6107.23,347451064
2023-06-09 14:00:00,6107.23,6138.87,6103.87,6130.48,559072685
2023-06-09 15:00:00,6130.48,6146.16,6077.83,6080.86,1036894017
2023-06-12 09:00:00,6074.11,6075.38,6048.73,6054.98,466313375
2023-06-12 10:00:00,6054.98,6059.57,6029.18,6031.89,378327716
2023-06-12 11:00:00,6031.89,6055.44,6030.1,6046.34,236853597
2023-06-12 12:00:00,6046.34,6070.95,6036.7,6070.67,112772320
2023-06-12 13:00:00,6070.67,6098.66,6057.4,6096.21,188863445
2023-06-12 14:00:00,6096.21,6107.26,6069.56,6071.17,325557137
2023-06-12 15:00:00,6071.17,6073.14,6018.93,6022.34,638935560
2023-06-13 09:00:00,5992.91,6021.23,5990.98,6020.92,1079433002
2023-06-13 10:00:00,6020.92,6037.45,6002.43,6007.44,844153243
2023-06-13 11:00:00,6007.44,6048.13,6001.48,6047.08,471743968
2023-06-13 12:00:00,6047.08,6071.63,6025.91,6026.64,286073745
2023-06-13 13:00:00,6026.64,6070.02,6021.43,6059.04,399599304
2023-06-13 14:00:00,6059.04,6062.39,5991.6,5992.86,621737455
2023-06-13 15:00:00,5992.86,6016.51,5985.19,5987.8,1454661633
2023-06-14 09:00:00,5972.13,6003.21,5972.05,6000.97,705867007
2023-06-14 10:00:00,6000.97,6025.87,5976.93,6025.74,694610213
2023-06-14 11:00:00,6025.74,6065.06,6018.86,6055.39,301085723
2023-06-14 12:00:00,6055.39,6066.61,6035.23,6065.59,166767189
2023-06-14 13:00:00,6065.59,6077.25,6041.54,6055.19,242844510
2023-06-14 14:00:00,6055.19,6064.87,6043.2,6055.75,444882714
2023-06-14 15:00:00,6055.75,6073.09,6027.79,6033.56,855946897
2023-06-15 09:00:00,6031.51,6041.09,6026.92,6031.63,543052614
2023-06-15 10:00:00,6031.63,6063.45,6027.77,6049.3,523847481
2023-06-15 11:00:00,6049.3,6054.88,6029.58,6042.85,267912665
2023-06-15 12:00:00,6042.85,6050.81,6018.37,6020.67,117720684
2023-06-15 13:00:00,6020.67,6026.39,6001.6,6023.51,200567889
2023-06-15 14:00:00,6023.51,6051.23,6021.09,6030.21,327731557
2023-06-15 15:00:00,6030.21,6032.13,5977.01,5983.61,680196477
2023-06-16 09:00:00,5991.39,6011.24,5980.11,6001.09,1073039856
2023-06-16 10:00:00,6001.09,6019.39,5992.05,6009.39,1117238435
2023-06-16 11:00:00,6009.39,6023.85,5997.22,6007.67,648159088
2023-06-16 12:00:00,6007.67,6031.0,5996.98,6014.02,286224045
2023-06-16 13:00:00,6014.02,6014.27,5975.49,5980.87,588153899
2023-06-16 14:00:00,5980.87,6009.28,5964.27,5965.77,748850833
2023-06-16 15:00:00,5965.77,5966.42,5937.95,5950.23,1602095178
2023-06-20 09:00:00,5956.14,5961.99,5943.82,5944.08,655939194
2023-06-20 10:00:00,5944.08,5989.83,5938.11,5983.93,750491719
2023-06-20 11:00:00,5983.93,5998.4,5968.85,5980.7,342059142
2023-06-20 12:00:00,5980.7,6000.02,5961.77,5999.14,156155700
2023-06-20 13:00:00,5999.14,6040.07,5997.37,6020.19,265748471
2023-06-20 14:00:00,6020.19,6045.47,6013.44,6042.83,501514769
2023-06-20 15:00:00,6042.83,6046.71,6017.04,6030.42,941369652
2023-06-21 09:00:00,5999.54,6011.83,5993.5,5995.49,719954932
2023-06-21 10:00:00,5995.49,6006.54,5981.1,6005.2,852658362
2023-06-21 11:00:00,6005.2,6022.27,6000.14,6020.71,415815861
2023-06-21 12:00:00,6020.71,6034.55,5997.56,6010.91,198064119
2023-06-21 13:00:00,6010.91,6016.31,5995.17,6004.12,312450089
2023-06-21 14:00:00,6004.12,6032.89,6001.32,6030.68,593083298
2023-06-21 15:00:00,6030.68,6060.85,6025.91,6059.33,1002877348
2023-06-22 09:00:00,6045.36,6059.02,6042.53,6058.41,635166830
2023-06-22 10:00:00,6058.41,6068.35,6048.65,6061.2,657593246
2023-06-22 11:00:00,6061.2,6080.84,6054.56,6063.88,355555062
2023-06-22 12:00:00,6063.88,6069.31,6035.99,6046.79,184355708
2023-06-22 13:00:00,6046.79,6066.51,6009.2,6041.13,338735432
2023-06-22 14:00:00,6041.13,6070.85,6037.77,6049.67,460513270
2023-06-22 15:00:00,6049.67,6065.63,6042.73,6051.64,931648296
2023-06-23 09:00:00,6069.94,6078.62,6060.03,6078.4,667176075
2023-06-23 10:00:00,6078.4,6102.26,6071.21,6083.68,797413026
2023-06-23 11:00:00,6083.68,6091.45,6058.54,6063.63,387336056
2023-06-23 12:00:00,6063.63,6096.8,6063.54,6090.14,199760705
2023-06-23 13:00:00,6090.14,6110.57,6079.27,6093.18,375316067
2023-06-23 14:00:00,6093.18,6097.53,6051.52,6060.3,614118314
2023-06-23 15:00:00,6060.3,6061.45,6024.11,6038.99,1083600087
2023-06-26 09:00:00,6064.85,6086.73,6064.02,6072.7,857450480
2023-06-26 10:00:00,6072.7,6075.83,6040.35,6047.98,757982732
2023-06-26 11:00:00,6047.98,6051.77,6017.64,6032.29,409555683
2023-06-26 12:00:00,6032.29,6062.97,6022.1,6048.53,249767326
2023-06-26 13:00:00,6048.53,6049.16,6016.28,6033.26,353618368
2023-06-26 14:00:00,6033.26,6045.68,6004.79,6007.75,588843341
2023-06-26 15:00:00,6007.75,6031.91,6003.93,6014.15,1092156318
2023-06-27 09:00:00,6014.28,6034.46,6012.99,6018.5,572602017
2023-06-27 10:00:00,6018.5,6022.27,5997.27,6007.42,629133727
2023-06-27 11:00:00,6007.42,6014.9,5981.88,5991.39,311635870
2023-06-27 12:00:00,5991.39,6019.37,5990.38,6008.16,156719949
2023-06-27 13:00:00,6008.16,6028.31,6000.83,6025.2,278782472
2023-06-27 14:00:00,6025.2,6025.72,5992.29,5992.65,399721146
2023-06-27 15:00:00,5992.65,5999.08,5963.19,5980.5,803483114
2023-06-28 09:00:00,5980.5,6006.17,5971.69,6005.73,618176665
2023-06-28 10:00:00,6005.73,6022.87,5998.51,6008.72,693904870
2023-06-28 11:00:00,6008.72,6057.47,6007.38,6054.62,286961887
2023-06-28 12:00:00,6054.62,6076.69,6050.57,6071.01,164344996
2023-06-28 13:00:00,6071.01,6087.89,6049.02,6051.35,270031116
2023-06-28 14:00:00,6051.35,6073.95,6048.13,6056.86,423334038
2023-06-28 15:00:00,6056.86,6068.89,6042.85,6059.14,842858222
2023-06-29 09:00:00,6055.96,6082.57,6054.81,6075.3,791585842
2023-06-29 10:00:00,6075.3,6086.64,6065.35,6070.29,859501305
2023-06-29 11:00:00,6070.29,6093.42,6054.94,6092.13,417671967
2023-06-29 12:00:00,6092.13,6094.11,6066.59,6073.51,178409753
2023-06-29 13:00:00,6073.51,6099.99,6071.36,6074.72,356753457
2023-06-29 14:00:00,6074.72,6087.55,6058.31,6069.84,551053871
2023-06-29 15:00:00,6069.84,6081.08,6029.63,6032.45,1039532291
2023-06-30 09:00:00,6024.56,6027.31,6001.88,6004.41,894715227
2023-06-30 10:00:00,6004.41,6062.24,6004.03,6059.78,1025214154
2023-06-30 11:00:00,6059.78,6062.38,6040.04,6050.38,496283419
2023-06-30 12:00:00,6050.38,6073.7,6032.79,6049.35,252271301
2023-06-30 13:00:00,6049.35,6091.2,6040.08,6077.11,446255762
2023-06-30 14:00:00,6077.11,6081.55,6044.32,6048.83,627921220
2023-06-30 15:00:00,6048.83,6056.73,6030.16,6037.33,1447080229
2023-07-03 09:00:00,6048.37,6055.64,6021.01,6022.77,475276293
2023-07-03 10:00:00,6022.77,6024.38,5976.28,6002.99,454252650
2023-07-03 11:00:00,6002.99,6031.59,6000.33,6010.86,250903284
2023-07-03 12:00:00,6010.86,6057.37,6003.62,6048.46,121357796
2023-07-03 13:00:00,6048.46,6056.06,6034.98,6054.14,215563880
2023-07-03 14:00:00,6054.14,6064.25,6024.95,6042.32,364788263
2023-07-03 15:00:00,6042.32,6077.04,6026.32,6052.86,584511062
2023-07-05 09:00:00,6038.3,6040.45,6018.95,6024.43,858093384
2023-07-05 10:00:00,6024.43,6028.87,5995.48,6003.09,959246518
2023-07-05 11:00:00,6003.09,6040.72,5997.59,6035.2,550559531
2023-07-05 12:00:00,6035.2,6053.04,6032.82,6042.54,286178026
2023-07-05 13:00:00,6042.54,6064.7,6036.75,6064.57,422749631
2023-07-05 14:00:00,6064.57,6096.5,6052.5,6095.88,671507759
2023-07-05 15:00:00,6095.88,6098.11,6062.32,6077.09,1257664362
2023-07-06 09:00:00,6087.52,6109.63,6083.14,6109.5,597420679
2023-07-06 10:00:00,6109.5,6131.19,6100.47,6108.51,597410528
2023-07-06 11:00:00,6108.51,6154.18,6102.64,6135.5,289584254
2023-07-06 12:00:00,6135.5,6168.07,6124.6,6159.82,159070845
2023-07-06 13:00:00,6159.82,6160.33,6126.03,6139.73,236095272
2023-07-06 14:00:00,6139.73,6142.14,6117.54,6137.16,422447170
2023-07-06 15:00:00,6137.16,6149.25,6126.81,6129.96,862916307
2023-07-07 09:00:00,6150.57,6188.98,6147.79,6184.63,393123770
2023-07-07 10:00:00,6184.63,6223.88,6168.55,6222.56,382769548
2023-07-07 11:00:00,6222.56,6232.61,6211.04,6226.24,219740568
2023-07-07 12:00:00,6226.24,6235.96,6200.88,6202.32,91755726
2023-07-07 13:00:00,6202.32,6207.54,6179.6,6194.44,166965353
2023-07-07 14:00:00,6194.44,6210.75,6185.21,6187.76,292806014
2023-07-07 15:00:00,6187.76,6218.67,6186.18,6216.06,578540782
2023-07-10 09:00:00,6224.43,6238.35,6216.52,6231.31,642225192
2023-07-10 10:00:00,6231.31,6235.5,6201.68,6234.54,841447787
2023-07-10 11:00:00,6234.54,6236.46,6206.63,6214.35,365707455
2023-07-10 12:00:00,6214.35,6216.79,6178.67,6179.24,219450392
2023-07-10 13:00:00,6179.24,6234.52,6179.22,6214.39,313337984
2023-07-10 14:00:00,6214.39,6226.43,6175.74,6177.44,504824477
2023-07-10 15:00:00,6177.44,6199.65,6152.97,6154.3,995360650
2023-07-11 09:00:00,6147.32,6151.77,6137.61,6145.15,340819631
2023-07-11 10:00:00,6145.15,6154.29,6114.19,6126.91,394570268
2023-07-11 11:00:00,6126.91,6142.44,6103.71,6131.3,191670596
2023-07-11 12:00:00,6131.3,6158.98,6129.94,6154.54,105524015
2023-07-11 13:00:00,6154.54,6202.63,6138.75,6200.42,173433445
2023-07-11 14:00:00,6200.42,6210.55,6183.02,6206.51,271514573
2023-07-11 15:00:00,6206.51,6210.08,6107.12,6117.09,539175682
2023-07-12 09:00:00,6097.97,6124.21,6088.67,6121.75,784679758
2023-07-12 10:00:00,6121.75,6142.69,6107.79,6114.07,882815671
2023-07-12 11:00:00,6114.07,6183.55,6108.81,6156.15,385212732
2023-07-12 12:00:00,6156.15,6158.18,6133.22,6144.26,197792119
2023-07-12 13:00:00,6144.26,6161.65,6119.65,6157.96,355340371
2023-07-12 14:00:00,6157.96,6192.37,6149.89,6188.66,550455669
2023-07-12 15:00:00,6188.66,6205.28,6169.42,6203.05,969553751
2023-07-13 09:00:00,6159.23,6162.5,6134.83,6142.89,906861764
2023-07-13 10:00:00,6142.89,6174.87,6142.27,6164.96,950680511
2023-07-13 11:00:00,6164.96,6191.78,6155.22,6184.88,421981005
2023-07-13 12:00:00,6184.88,6192.33,6167.8,6181.07,268151958
2023-07-13 13:00:00,6181.07,6218.5,6177.78,6213.03,431430003
2023-07-13 14:00:00,6213.03,6224.66,6197.87,6208.57,635867575
2023-07-13 15:00:00,6208.57,6238.14,6205.45,6211.4,1423954278
2023-07-14 09:00:00,6247.07,6278.23,6245.69,6277.09,538732599
2023-07-14 10:00:00,6277.09,6282.19,6256.92,6268.39,683887730
2023-07-14 11:00:00,6268.39,6290.89,6238.97,6288.16,303548622
2023-07-14 12:00:00,6288.16,6293.36,6239.31,6242.44,149701892
2023-07-14 13:00:00,6242.44,6288.72,6235.22,6286.48,274196746
2023-07-14 14:00:00,6286.48,6316.93,6285.3,6296.61,395724353
2023-07-14 15:00:00,6296.61,6318.58,6287.14,6310.51,755071010
2023-07-17 09:00:00,6320.95,6325.14,6305.09,6315.49,1072938949
2023-07-17 10:00:00,6315.49,6335.69,6308.19,6317.55,988181661
2023-07-17 11:00:00,6317.55,6340.57,6314.22,6324.68,468699874
2023-07-17 12:00:00,6324.68,6337.65,6316.11,6317.93,260261047
2023-07-17 13:00:00,6317.93,6320.03,6290.03,6314.84,366491216
2023-07-17 14:00:00,6314.84,6314.94,6274.55,6284.34,638742525
2023-07-17 15:00:00,6284.34,6286.32,6241.84,6259.57,1274314853
2023-07-18 09:00:00,6212.03,6237.65,6202.33,6234.54,633800068
2023-07-18 10:00:00,6234.54,6253.78,6198.31,6214.43,603868373
2023-07-18 11:00:00,6214.43,6261.37,6190.98,6245.01,319731971
2023-07-18 12:00:00,6245.01,6293.38,6203.41,6284.84,157235664
2023-07-18 13:00:00,6284.84,6292.79,6205.38,6242.42,276993632
2023-07-18 14:00:00,6242.42,6280.04,6118.77,6130.99,404598531
2023-07-18 15:00:00,6130.99,6210.95,6125.63,6184.91,833210014
2023-07-19 09:00:00,6151.77,6153.65,6106.7,6124.93,418882184
2023-07-19 10:00:00,6124.93,6139.15,6033.31,6040.23,463435926
2023-07-19 11:00:00,6040.23,6068.3,5986.69,6011.56,198789188
2023-07-19 12:00:00,6011.56,6029.39,5984.65,5998.08,117368044
2023-07-19 13:00:00,5998.08,6027.66,5981.49,6025.06,157618767
2023-07-19 14:00:00,6025.06,6032.38,5961.65,5964.54,278611729
2023-07-19 15:00:00,5964.54,6026.8,5955.11,6016.76,509599042
2023-07-20 09:00:00,5983.04,6001.86,5960.93,5972.33,946302804
2023-07-20 10:00:00,5972.33,5999.24,5910.35,5995.4,1016781220
2023-07-20 11:00:00,5995.4,6014.63,5962.27,5978.24,429160833
2023-07-20 12:00:00,5978.24,6030.52,5929.8,5929.97,239169893
2023-07-20 13:00:00,5929.97,6057.15,5908.11,6052.31,373757038
2023-07-20 14:00:00,6052.31,6070.69,6008.35,6052.32,691067562
2023-07-20 15:00:00,6052.32,6089.09,6009.12,6065.9,1120995296
2023-07-21 09:00:00,6069.93,6096.7,6021.71,6036.79,841041955
2023-07-21 10:00:00,6036.79,6076.13,5979.24,5985.62,679815062
2023-07-21 11:00:00,5985.62,6035.62,5969.55,6021.37,359816232
2023-07-21 12:00:00,6021.37,6044.96,5942.08,5954.74,208247185
2023-07-21 13:00:00,5954.74,5957.21,5905.24,5926.02,345800196
2023-07-21 14:00:00,5926.02,5967.54,5918.9,5931.77,492215106
2023-07-21 15:00:00,5931.77,5952.62,5884.3,5948.04,981721048
2023-07-24 09:00:00,5939.43,5977.13,5930.02,5952.33,921338399
2023-07-24 10:00:00,5952.33,5953.3,5863.38,5899.46,1021080154
2023-07-24 11:00:00,5899.46,5921.03,5862.02,5917.78,427063629
2023-07-24 12:00:00,5917.78,5940.16,5897.0,5898.55,216852545
2023-07-24 13:00:00,5898.55,5900.04,5751.39,5758.07,379095821
2023-07-24 14:00:00,5758.07,5774.58,5731.52,5771.48,553819957
2023-07-24 15:00:00,5771.48,5782.58,5701.39,5703.5,1066786024
2023-07-25 09:00:00,5651.55,5655.02,5604.2,5612.47,375677278
2023-07-25 10:00:00,5612.47,5659.27,5561.17,5599.79,418196487
2023-07-25 11:00:00,5599.79,5601.27,5488.86,5509.72,235591096
2023-07-25 12:00:00,5509.72,5565.86,5487.05,5558.19,113028261
2023-07-25 13:00:00,5558.19,5613.07,5553.21,5582.84,184645665
2023-07-25 14:00:00,5582.84,5641.12,5569.4,5632.52,305507532
2023-07-25 15:00:00,5632.52,5700.54,5629.47,5693.6,627406621
2023-07-26 09:00:00,5734.24,5768.98,5730.46,5761.24,953566880
2023-07-26 10:00:00,5761.24,5781.04,5662.87,5697.0,1172945611
2023-07-26 11:00:00,5697.0,5779.0,5672.51,5767.74,542641430
2023-07-26 12:00:00,5767.74,5782.14,5724.84,5769.13,290159081
2023-07-26 13:00:00,5769.13,5828.59,5754.92,5784.97,459072621
2023-07-26 14:00:00,5784.97,5818.38,5764.62,5804.44,714516191
2023-07-26 15:00:00,5804.44,5885.25,5773.37,5880.4,1388427559
2023-07-27 09:00:00,5852.42,5863.63,5802.98,5805.18,631649169
2023-07-27 10:00:00,5805.18,5842.72,5787.95,5795.46,613822031
2023-07-27 11:00:00,5795.46,5836.26,5774.7,5814.42,308632222
2023-07-27 12:00:00,5814.42,5871.08,5797.11,5868.16,172285554
2023-07-27 13:00:00,5868.16,5929.46,5850.06,5890.16,321888025
2023-07-27 14:00:00,5890.16,5904.96,5806.47,5816.22,443716868
2023-07-27 15:00:00,5816.22,5822.67,5735.94,5791.59,1001090058
2023-07-28 09:00:00,5787.96,5797.1,5759.64,5768.93,587322023
2023-07-28 10:00:00,5768.93,5783.9,5733.89,5753.61,561082040
2023-07-28 11:00:00,5753.61,5778.71,5732.54,5737.61,315763586
2023-07-28 12:00:00,5737.61,5759.14,5706.04,5707.51,147542193
2023-07-28 13:00:00,5707.51,5781.87,5700.73,5748.58,223158366
2023-07-28 14:00:00,5748.58,5797.84,5722.58,5775.06,350811066
2023-07-28 15:00:00,5775.06,5798.17,5715.03,5722.7,777092295
2023-07-31 09:00:00,5713.95,5746.87,5705.46,5715.35,792300143
2023-07-31 10:00:00,5715.35,5767.71,5701.6,5724.18,870024731
2023-07-31 11:00:00,5724.18,5773.33,5714.38,5714.44,404896610
2023-07-31 12:00:00,5714.44,5726.77,5674.96,5692.21,245061810
2023-07-31 13:00:00,5692.21,5697.21,5621.05,5643.94,364398269
2023-07-31 14:00:00,5643.94,5673.82,5628.29,5643.74,522707385
2023-07-31 15:00:00,5643.74,5673.73,5613.32,5640.45,970436068
2023-08-01 09:00:00,5621.86,5638.7,5575.45,5603.78,600535344
2023-08-01 10:00:00,5603.78,5676.52,5602.7,5659.57,839384722
2023-08-01 11:00:00,5659.57,5707.65,5657.55,5665.74,338741366
2023-08-01 12:00:00,5665.74,5721.13,5662.47,5694.66,183772851
2023-08-01 13:00:00,5694.66,5709.38,5613.93,5619.69,284812768
2023-08-01 14:00:00,5619.69,5655.34,5598.63,5643.52,459690443
2023-08-01 15:00:00,5643.52,5646.01,5586.25,5611.01,892926810
2023-08-02 09:00:00,5574.62,5578.92,5544.17,5574.19,458883776
2023-08-02 10:00:00,5574.19,5611.59,5567.7,5585.87,402248801
2023-08-02 11:00:00,5585.87,5606.3,5563.25,5593.94,216186471
2023-08-02 12:00:00,5593.94,5594.93,5538.04,5586.72,106547713
2023-08-02 13:00:00,5586.72,5596.08,5538.31,5539.84,164713282
2023-08-02 14:00:00,5539.84,5551.13,5473.02,5482.87,326072850
2023-08-02 15:00:00,5482.87,5506.72,5461.07,5482.18,545135472
2023-08-03 09:00:00,5518.68,5537.65,5491.02,5527.62,611261995
2023-08-03 10:00:00,5527.62,5624.84,5515.07,5621.23,653398163
2023-08-03 11:00:00,5621.23,5696.15,5618.78,5679.93,307541847
2023-08-03 12:00:00,5679.93,5684.8,5634.43,5647.29,148503122
2023-08-03 13:00:00,5647.29,5672.92,5624.45,5640.95,214392967
2023-08-03 14:00:00,5640.95,5694.82,5622.35,5690.46,374923215
2023-08-03 15:00:00,5690.46,5707.35,5622.03,5627.53,911605830
2023-08-04 09:00:00,5636.64,5662.82,5635.54,5644.76,907794391
2023-08-04 10:00:00,5644.76,5654.71,5608.02,5625.43,1109919349
2023-08-04 11:00:00,5625.43,5636.82,5565.4,5588.69,563775916
2023-08-04 12:00:00,5588.69,5640.23,5582.96,5592.22,286931728
2023-08-04 13:00:00,5592.22,5634.05,5587.61,5605.48,474930889
2023-08-04 14:00:00,5605.48,5644.12,5590.12,5643.68,727141792
2023-08-04 15:00:00,5643.68,5660.08,5602.24,5619.6,1488321104
2023-08-07 09:00:00,5600.03,5604.15,5560.18,5578.5,973373800
2023-08-07 10:00:00,5578.5,5642.39,5575.36,5598.36,1002557782
2023-08-07 11:00:00,5598.36,5612.99,5555.98,5596.87,496544352
2023-08-07 12:00:00,5596.87,5602.44,5556.09,5575.9,252106568
2023-08-07 13:00:00,5575.9,5576.59,5523.46,5537.94,418732504
2023-08-07 14:00:00,5537.94,5610.13,5528.32,5538.2,565729149
2023-08-07 15:00:00,5538.2,5559.64,5464.83,5484.32,1261445729
2023-08-08 09:00:00,5504.95,5534.11,5492.57,5530.89,466479427
2023-08-08 10:00:00,5530.89,5553.57,5400.59,5405.75,681917388
2023-08-08 11:00:00,5405.75,5424.52,5360.83,5372.98,282985863
2023-08-08 12:00:00,5372.98,5411.67,5358.45,5401.84,156578631
2023-08-08 13:00:00,5401.84,5517.78,5400.79,5508.83,238211183
2023-08-08 14:00:00,5508.83,5517.51,5397.93,5401.88,411774653
2023-08-08 15:00:00,5401.88,5471.18,5399.31,5456.93,861012489
2023-08-09 09:00:00,5479.52,5522.49,5474.21,5502.78,792090046
2023-08-09 10:00:00,5502.78,5535.94,5491.48,5510.16,746095321
2023-08-09 11:00:00,5510.16,5591.05,5503.88,5587.92,306743914
2023-08-09 12:00:00,5587.92,5651.62,5562.02,5612.26,184921220
2023-08-09 13:00:00,5612.26,5645.48,5586.82,5597.5,306403652
2023-08-09 14:00:00,5597.5,5597.79,5525.45,5535.85,467308623
2023-08-09 15:00:00,5535.85,5582.03,5508.29,5551.31,962769123
2023-08-10 09:00:00,5572.09,5586.24,5541.86,5560.94,591789041
2023-08-10 10:00:00,5560.94,5583.4,5528.93,5533.51,579618675
2023-08-10 11:00:00,5533.51,5603.31,5532.25,5573.23,287493339
2023-08-10 12:00:00,5573.23,5597.57,5527.17,5570.83,142389079
2023-08-10 13:00:00,5570.83,5603.17,5547.45,5568.57,234525379
2023-08-10 14:00:00,5568.57,5577.98,5511.2,5572.96,336829820
2023-08-10 15:00:00,5572.96,5578.21,5529.55,5545.76,728470638
2023-08-11 09:00:00,5539.63,5540.7,5484.86,5494.74,462947343
2023-08-11 10:00:00,5494.74,5556.23,5482.54,5545.47,473140429
2023-08-11 11:00:00,5545.47,5593.85,5543.01,5589.36,222244615
2023-08-11 12:00:00,5589.36,5608.4,5541.96,5602.13,116452722
2023-08-11 13:00:00,5602.13,5602.25,5532.86,5575.09,223528475
2023-08-11 14:00:00,5575.09,5631.87,5566.95,5611.32,343147772
2023-08-11 15:00:00,5611.32,5669.92,5590.95,5658.76,643427467
2023-08-14 09:00:00,5610.6,5649.08,5590.09,5630.9,734392335
2023-08-14 10:00:00,5630.9,5658.37,5593.8,5612.23,709714841
2023-08-14 11:00:00,5612.23,5639.89,5597.71,5626.3,347766378
2023-08-14 12:00:00,5626.3,5710.49,5608.84,5689.5,194156643
2023-08-14 13:00:00,5689.5,5711.61,5642.38,5693.09,297398688
2023-08-14 14:00:00,5693.09,5694.58,5618.61,5646.35,466129624
2023-08-14 15:00:00,5646.35,5660.17,5565.02,5566.43,791293929
2023-08-15 09:00:00,5583.68,5586.23,5531.73,5535.01,413478950
2023-08-15 10:00:00,5535.01,5662.45,5524.95,5606.78,422798996
2023-08-15 11:00:00,5606.78,5649.15,5575.06,5646.1,213260204
2023-08-15 12:00:00,5646.1,5692.46,5634.0,5666.64,93140191
2023-08-15 13:00:00,5666.64,5694.56,5648.09,5666.77,179746241
2023-08-15 14:00:00,5666.77,5694.83,5645.28,5682.06,283535736
2023-08-15 15:00:00,5682.06,5702.69,5644.31,5645.52,565006176
2023-08-16 09:00:00,5661.98,5680.3,5632.83,5647.68,791962080
2023-08-16 10:00:00,5647.68,5673.67,5614.11,5616.6,983922689
2023-08-16 11:00:00,5616.6,5651.07,5600.16,5603.08,472364086
2023-08-16 12:00:00,5603.08,5607.76,5507.62,5513.51,229060115
2023-08-16 13:00:00,5513.51,5567.13,5501.15,5566.69,386438933
2023-08-16 14:00:00,5566.69,5572.77,5488.15,5491.46,598523077
2023-08-16 15:00:00,5491.46,5540.7,5489.17,5502.59,1179102303
2023-08-17 09:00:00,5466.97,5488.57,5449.14,5487.13,870090894
2023-08-17 10:00:00,5487.13,5538.04,5468.31,5480.85,743442471
2023-08-17 11:00:00,5480.85,5503.89,5465.24,5494.29,403820832
2023-08-17 12:00:00,5494.29,5510.62,5440.07,5444.15,208344682
2023-08-17 13:00:00,5444.15,5445.84,5343.81,5394.67,327594608
2023-08-17 14:00:00,5394.67,5397.66,5332.87,5336.57,554384197
2023-08-17 15:00:00,5336.57,5363.55,5291.13,5316.76,988308007
2023-08-18 09:00:00,5369.24,5374.11,5349.06,5368.27,480270168
2023-08-18 10:00:00,5368.27,5380.06,5289.92,5302.02,520336558
2023-08-18 11:00:00,5302.02,5342.15,5275.05,5298.03,294281575
2023-08-18 12:00:00,5298.03,5411.81,5287.93,5397.97,134818733
2023-08-18 13:00:00,5397.97,5432.02,5357.42,5394.56,218514441
2023-08-18 14:00:00,5394.56,5447.41,5389.62,5436.02,372857399
2023-08-18 15:00:00,5436.02,5451.37,5360.4,5362.07,651984875
2023-08-21 09:00:00,5307.75,5316.17,5278.97,5312.8,560838780
2023-08-21 10:00:00,5312.8,5401.94,5311.51,5389.55,635684204
2023-08-21 11:00:00,5389.55,5423.26,5357.1,5373.91,301787450
2023-08-21 12:00:00,5373.91,5376.65,5308.84,5311.74,154802087
2023-08-21 13:00:00,5311.74,5329.47,5269.48,5271.18,244528148
2023-08-21 14:00:00,5271.18,5328.97,5250.92,5303.75,373402314
2023-08-21 15:00:00,5303.75,5308.67,5204.0,5232.33,795576438
2023-08-22 09:00:00,5239.4,5269.25,5232.98,5249.52,395710275
2023-08-22 10:00:00,5249.52,5275.73,5200.28,5259.39,471728732
2023-08-22 11:00:00,5259.39,5299.46,5186.79,5188.5,222300574
2023-08-22 12:00:00,5188.5,5210.14,5150.53,5183.88,115833088
2023-08-22 13:00:00,5183.88,5259.97,5168.37,5256.62,182339187
2023-08-22 14:00:00,5256.62,5273.98,5223.43,5268.54,336731742
2023-08-22 15:00:00,5268.54,5273.41,5197.38,5210.48,562501300
2023-08-23 09:00:00,5155.32,5167.76,5124.94,5142.67,445820712
2023-08-23 10:00:00,5142.67,5150.06,5093.61,5140.01,587604367
2023-08-23 11:00:00,5140.01,5164.21,5134.07,5145.92,291813585
2023-08-23 12:00:00,5145.92,5192.86,5125.03,5162.77,136603445
2023-08-23 13:00:00,5162.77,5228.36,5159.61,5214.02,236514080
2023-08-23 14:00:00,5214.02,5228.92,5173.42,5194.15,388601525
2023-08-23 15:00:00,5194.15,5217.99,5179.12,5203.27,832606463
2023-08-24 09:00:00,5207.91,5213.98,5184.01,5206.63,846628424
2023-08-24 10:00:00,5206.63,5248.86,5203.46,5215.8,877480925
2023-08-24 11:00:00,5215.8,5225.57,5166.36,5223.68,460071257
2023-08-24 12:00:00,5223.68,5231.15,5138.81,5141.62,223568186
2023-08-24 13:00:00,5141.62,5184.02,5106.96,5180.42,338230243
2023-08-24 14:00:00,5180.42,5189.32,5147.21,5150.96,557608496
2023-08-24 15:00:00,5150.96,5156.1,5080.89,5102.34,1092651868
2023-08-25 09:00:00,5089.33,5094.11,5056.44,5064.75,636085094
2023-08-25 10:00:00,5064.75,5091.68,5048.06,5048.46,709036455
2023-08-25 11:00:00,5048.46,5049.65,4995.19,5007.19,266494254
2023-08-25 12:00:00,5007.19,5011.15,4927.31,4966.36,169997739
2023-08-25 13:00:00,4966.36,5006.41,4957.71,4985.01,253093430
2023-08-25 14:00:00,4985.01,5009.97,4953.67,5005.6,415122155
2023-08-25 15:00:00,5005.6,5058.5,5001.93,5054.18,771270378
2023-08-28 09:00:00,5081.63,5085.1,5032.78,5048.52,629224129
2023-08-28 10:00:00,5048.52,5051.7,5004.93,5020.18,669426264
2023-08-28 11:00:00,5020.18,5021.43,4921.14,4938.85,329214136
2023-08-28 12:00:00,4938.85,4984.71,4927.04,4971.01,199230490
2023-08-28 13:00:00,4971.01,4981.66,4928.29,4949.22,303289787
2023-08-28 14:00:00,4949.22,4962.29,4885.77,4886.02,481574694
2023-08-28 15:00:00,4886.02,4886.95,4809.42,4819.7,776704423
2023-08-29 09:00:00,4809.22,4816.15,4765.29,4766.87,592717408
2023-08-29 10:00:00,4766.87,4812.76,4762.94,4790.09,691272519
2023-08-29 11:00:00,4790.09,4798.04,4729.52,4755.64,346072604
2023-08-29 12:00:00,4755.64,4803.49,4747.28,4783.64,159845110
2023-08-29 13:00:00,4783.64,4833.53,4763.2,4832.36,300427450
2023-08-29 14:00:00,4832.36,4907.96,4830.24,4892.74,401493141
2023-08-29 15:00:00,4892.74,4919.07,4891.99,4896.09,814715698
2023-08-30 09:00:00,4883.56,4909.03,4831.19,4831.24,1065101583
2023-08-30 10:00:00,4831.24,4853.07,4802.53,4807.71,1005470488
2023-08-30 11:00:00,4807.71,4824.76,4784.32,4794.39,445818626
2023-08-30 12:00:00,4794.39,4828.41,4770.5,4820.49,227092031
2023-08-30 13:00:00,4820.49,4850.54,4786.81,4808.9,395544788
2023-08-30 14:00:00,4808.9,4816.42,4745.31,4788.92,667137017
2023-08-30 15:00:00,4788.92,4805.24,4749.91,4787.69,1302918311
2023-08-31 09:00:00,4808.88,4846.58,4803.61,4844.21,530966337
2023-08-31 10:00:00,4844.21,4845.49,4795.66,4799.08,512887717
2023-08-31 11:00:00,4799.08,4857.2,4796.87,4829.63,246160028
2023-08-31 12:00:00,4829.63,4855.07,4794.6,4802.45,136649078
2023-08-31 13:00:00,4802.45,4823.66,4756.12,4769.36,216427801
2023-08-31 14:00:00,4769.36,4847.53,4762.96,4814.83,378700607
2023-08-31 15:00:00,4814.83,4878.59,4806.33,4872.44,670858111
2023-09-01 09:00:00,4847.91,4865.14,4829.06,4865.12,620353550
2023-09-01 10:00:00,4865.12,4903.75,4849.7,4876.72,601557360
2023-09-01 11:00:00,4876.72,4934.93,4873.68,4886.85,295366888
2023-09-01 12:00:00,4886.85,4959.27,4861.83,4937.35,149476543
2023-09-01 13:00:00,4937.35,4980.03,4920.25,4926.86,260596246
2023-09-01 14:00:00,4926.86,4928.97,4883.05,4903.17,393266227
2023-09-01 15:00:00,4903.17,4955.57,4888.19,4954.57,803976701
2023-09-05 09:00:00,4899.72,4940.53,4899.58,4926.37,396221485
2023-09-05 10:00:00,4926.37,4944.41,4900.91,4939.11,466311236
2023-09-05 11:00:00,4939.11,4977.53,4926.18,4967.49,236206869
2023-09-05 12:00:00,4967.49,4992.54,4931.85,4992.21,135744643
2023-09-05 13:00:00,4992.21,5032.28,4989.07,4994.75,200727077
2023-09-05 14:00:00,4994.75,5081.3,4992.65,5070.23,304737354
2023-09-05 15:00:00,5070.23,5104.53,5056.72,5079.42,674685904
2023-09-06 09:00:00,5097.59,5102.64,5075.13,5088.38,619237460
2023-09-06 10:00:00,5088.38,5099.45,5024.8,5040.72,667527819
2023-09-06 11:00:00,5040.72,5071.86,5024.67,5063.51,337744214
2023-09-06 12:00:00,5063.51,5105.72,5056.99,5083.81,173992647
2023-09-06 13:00:00,5083.81,5127.32,5056.41,5083.22,296969561
2023-09-06 14:00:00,5083.22,5116.15,5077.86,5079.89,437835596
2023-09-06 15:00:00,5079.89,5131.4,5047.38,5130.61,964699353
2023-09-07 09:00:00,5161.39,5172.16,5134.04,5141.83,487839044
2023-09-07 10:00:00,5141.83,5161.47,5110.61,5121.63,472995635
2023-09-07 11:00:00,5121.63,5157.84,5087.54,5140.37,258118362
2023-09-07 12:00:00,5140.37,5165.54,5074.71,5164.4,134789761
2023-09-07 13:00:00,5164.4,5182.74,5133.31,5178.0,189734247
2023-09-07 14:00:00,5178.0,5206.47,5104.82,5125.23,341628681
2023-09-07 15:00:00,5125.23,5143.35,5100.71,5109.0,627498254
2023-09-08 09:00:00,5139.99,5167.47,5128.59,5149.32,673957118
2023-09-08 10:00:00,5149.32,5175.66,5125.01,5147.15,522503553
2023-09-08 11:00:00,5147.15,5176.71,5135.27,5152.58,312537529
2023-09-08 12:00:00,5152.58,5161.77,5110.0,5115.85,164082268
2023-09-08 13:00:00,5115.85,5171.33,5111.75,5158.0,241242006
2023-09-08 14:00:00,5158.0,5160.04,5076.06,5094.05,432091231
2023-09-08 15:00:00,5094.05,5120.68,5063.82,5114.06,893841955
2023-09-11 09:00:00,5130.15,5151.09,5115.29,5129.32,488972213
2023-09-11 10:00:00,5129.32,5131.11,5054.65,5062.01,480413416
2023-09-11 11:00:00,5062.01,5140.27,5061.87,5094.31,267491471
2023-09-11 12:00:00,5094.31,5095.8,5033.0,5070.75,120416552
2023-09-11 13:00:00,5070.75,5151.91,5039.37,5149.79,209174741
2023-09-11 14:00:00,5149.79,5284.46,5144.48,5276.82,324971014
2023-09-11 15:00:00,5276.82,5286.84,5194.43,5195.61,701262103
2023-09-12 09:00:00,5180.69,5189.29,5168.76,5181.11,709993721
2023-09-12 10:00:00,5181.11,5182.98,5091.34,5110.23,721151530
2023-09-12 11:00:00,5110.23,5142.37,5104.1,5135.92,321637191
2023-09-12 12:00:00,5135.92,5185.93,5117.23,5167.17,189171549
2023-09-12 13:00:00,5167.17,5190.76,5143.08,5165.6,316647082
2023-09-12 14:00:00,5165.6,5205.29,5147.05,5170.9,399225706
2023-09-12 15:00:00,5170.9,5187.21,5100.61,5133.39,881037361
2023-09-13 09:00:00,5106.83,5138.0,5105.36,5131.15,530239637
2023-09-13 10:00:00,5131.15,5143.93,5057.4,5072.51,534308172
2023-09-13 11:00:00,5072.51,5077.52,5006.21,5045.99,264104996
2023-09-13 12:00:00,5045.99,5090.1,5002.83,5073.33,144607673
2023-09-13 13:00:00,5073.33,5113.12,5054.76,5106.03,223374268
2023-09-13 14:00:00,5106.03,5126.72,5087.46,5093.28,360170262
2023-09-13 15:00:00,5093.28,5153.99,5042.2,5068.72,806611247
2023-09-14 09:00:00,5073.12,5099.14,5063.89,5086.6,487396088
2023-09-14 10:00:00,5086.6,5108.53,5048.98,5050.34,619793206
2023-09-14 11:00:00,5050.34,5079.8,5042.2,5046.19,304487830
2023-09-14 12:00:00,5046.19,5046.55,4945.8,4947.16,143646753
2023-09-14 13:00:00,4947.16,4949.88,4917.61,4940.48,250809535
2023-09-14 14:00:00,4940.48,4987.92,4916.74,4986.25,402736406
2023-09-14 15:00:00,4986.25,4993.64,4938.14,4958.62,784482400
2023-09-15 09:00:00,4975.02,5001.35,4971.1,4994.56,1002466811
2023-09-15 10:00:00,4994.56,4997.12,4951.18,4982.16,992440163
2023-09-15 11:00:00,4982.16,5010.3,4944.59,5006.81,525318400
2023-09-15 12:00:00,5006.81,5020.73,4962.31,4982.35,255619601
2023-09-15 13:00:00,4982.35,5015.7,4947.36,4974.42,493116841
2023-09-15 14:00:00,4974.42,4985.26,4927.88,4936.74,705376943
2023-09-15 15:00:00,4936.74,5014.35,4934.47,4976.95,1345601931
2023-09-18 09:00:00,4985.52,5007.71,4968.13,4993.74,528405362
2023-09-18 10:00:00,4993.74,5005.12,4953.73,4962.13,572963631
2023-09-18 11:00:00,4962.13,4974.25,4915.59,4924.42,284034937
2023-09-18 12:00:00,4924.42,4951.11,4906.46,4943.4,159792119
2023-09-18 13:00:00,4943.4,4945.08,4829.67,4844.7,250327254
2023-09-18 14:00:00,4844.7,4845.92,4795.1,4844.97,323153021
2023-09-18 15:00:00,4844.97,4897.09,4835.97,4889.9,734140638
2023-09-19 09:00:00,4898.79,4901.55,4863.3,4876.13,501530021
2023-09-19 10:00:00,4876.13,4921.03,4844.42,4874.36,493389337
2023-09-19 11:00:00,4874.36,4899.87,4834.22,4899.46,241970210
2023-09-19 12:00:00,4899.46,4944.59,4880.66,4943.15,120645046
2023-09-19 13:00:00,4943.15,4998.68,4932.06,4950.98,210659832
2023-09-19 14:00:00,4950.98,4971.06,4922.5,4936.86,341509265
2023-09-19 15:00:00,4936.86,4986.59,4931.91,4974.62,649364401
2023-09-20 09:00:00,5009.71,5061.27,5004.86,5047.24,545013241
2023-09-20 10:00:00,5047.24,5074.0,5034.28,5059.63,681189870
2023-09-20 11:00:00,5059.63,5075.39,5026.76,5070.12,348176145
2023-09-20 12:00:00,5070.12,5074.0,5026.76,5030.21,155455499
2023-09-20 13:00:00,5030.21,5052.07,5007.74,5007.75,329376022
2023-09-20 14:00:00,5007.75,5011.42,4946.77,4968.54,453858634
2023-09-20 15:00:00,4968.54,5000.43,4942.68,4998.85,835617262
2023-09-21 09:00:00,4982.82,4998.89,4977.3,4994.66,673310618
2023-09-21 10:00:00,4994.66,5010.08,4984.44,4998.66,694216082
2023-09-21 11:00:00,4998.66,5035.71,4996.33,5014.13,365736620
2023-09-21 12:00:00,5014.13,5036.57,4991.88,5015.72,184389983
2023-09-21 13:00:00,5015.72,5049.41,4977.76,5012.34,287531432
2023-09-21 14:00:00,5012.34,5034.0,4999.45,5017.69,472029314
2023-09-21 15:00:00,5017.69,5062.52,4993.83,5031.51,955664049
2023-09-22 09:00:00,5007.03,5021.68,4970.38,4995.03,501827214
2023-09-22 10:00:00,4995.03,5023.6,4969.54,5006.38,513739370
2023-09-22 11:00:00,5006.38,5014.94,4976.04,4978.49,247048468
2023-09-22 12:00:00,4978.49,4990.85,4932.84,4935.86,133919839
2023-09-22 13:00:00,4935.86,4948.84,4890.31,4891.74,240231014
2023-09-22 14:00:00,4891.74,4918.05,4864.98,4906.4,370856427
2023-09-22 15:00:00,4906.4,4930.21,4875.27,4879.06,718537739
2023-09-25 09:00:00,4867.01,4878.5,4832.4,4848.54,837527739
2023-09-25 10:00:00,4848.54,4929.9,4833.43,4914.37,816320679
2023-09-25 11:00:00,4914.37,4926.68,4880.11,4881.5,338140950
2023-09-25 12:00:00,4881.5,4903.06,4853.06,4892.02,197497137
2023-09-25 13:00:00,4892.02,4933.04,4878.09,4927.56,337887806
2023-09-25 14:00:00,4927.56,4951.44,4902.89,4929.81,517474238
2023-09-25 15:00:00,4929.81,4937.88,4866.07,4911.14,1107211840
2023-09-26 09:00:00,4975.75,5013.39,4945.9,4954.86,973045289
2023-09-26 10:00:00,4954.86,5017.93,4945.91,5011.5,1087845697
2023-09-26 11:00:00,5011.5,5015.86,4964.19,4988.11,505908138
2023-09-26 12:00:00,4988.11,5002.71,4909.24,4929.82,262974463
2023-09-26 13:00:00,4929.82,4933.47,4872.01,4872.73,468783275
2023-09-26 14:00:00,4872.73,4902.36,4864.22,4888.44,703676620
2023-09-26 15:00:00,4888.44,4892.23,4836.88,4837.33,1314779521
2023-09-27 09:00:00,4824.7,4847.18,4800.96,4831.12,445071241
2023-09-27 10:00:00,4831.12,4869.52,4816.31,4838.54,524311781
2023-09-27 11:00:00,4838.54,4878.71,4830.82,4845.78,253909684
2023-09-27 12:00:00,4845.78,4846.55,4778.26,4804.72,148318677
2023-09-27 13:00:00,4804.72,4878.87,4791.6,4873.44,237412546
2023-09-27 14:00:00,4873.44,4914.02,4855.08,4902.19,361493147
2023-09-27 15:00:00,4902.19,4951.18,4854.25,4887.83,682298563
2023-09-28 09:00:00,4877.18,4915.33,4874.87,4907.89,726070509
2023-09-28 10:00:00,4907.89,4908.02,4822.79,4825.65,677143041
2023-09-28 11:00:00,4825.65,4873.89,4810.62,4872.29,333676363
2023-09-28 12:00:00,4872.29,4902.64,4863.92,4894.83,174894900
2023-09-28 13:00:00,4894.83,4932.23,4875.61,4913.42,262521531
2023-09-28 14:00:00,4913.42,4956.63,4909.64,4924.93,448625315
2023-09-28 15:00:00,4924.93,5002.16,4921.6,4960.34,892578366
2023-09-29 09:00:00,4975.36,5009.34,4975.03,4984.81,557328613
2023-09-29 10:00:00,4984.81,5004.88,4943.56,4954.14,711032564
2023-09-29 11:00:00,4954.14,4969.95,4926.54,4968.42,305243776
2023-09-29 12:00:00,4968.42,4975.46,4929.89,4937.14,163311078
2023-09-29 13:00:00,4937.14,4952.97,4893.92,4896.28,265812309
2023-09-29 14:00:00,4896.28,4938.6,4888.76,4935.74,420609531
2023-09-29 15:00:00,4935.74,4940.57,4907.67,4921.4,921034041
2023-10-02 09:00:00,4941.33,4968.26,4933.5,4956.15,529951803
2023-10-02 10:00:00,4956.15,4971.6,4918.98,4924.23,606689839
2023-10-02 11:00:00,4924.23,4941.02,4903.36,4922.88,299409636
2023-10-02 12:00:00,4922.88,4949.21,4906.7,4938.45,164634787
2023-10-02 13:00:00,4938.45,4994.77,4928.75,4989.48,267369555
2023-10-02 14:00:00,4989.48,5009.04,4898.89,4916.87,415523841
2023-10-02 15:00:00,4916.87,4922.98,4861.53,4904.48,840623704
2023-10-03 09:00:00,4948.64,4987.12,4944.23,4967.6,901220385
2023-10-03 10:00:00,4967.6,5022.24,4944.64,5006.28,725252071
2023-10-03 11:00:00,5006.28,5007.57,4939.36,4955.31,411177377
2023-10-03 12:00:00,4955.31,4956.93,4875.98,4912.89,199619324
2023-10-03 13:00:00,4912.89,4947.39,4901.69,4915.08,356524883
2023-10-03 14:00:00,4915.08,4943.89,4902.43,4932.85,550451010
2023-10-03 15:00:00,4932.85,4950.26,4900.88,4904.97,1144809407
2023-10-04 09:00:00,4895.83,4934.93,4890.12,4918.61,892884727
2023-10-04 10:00:00,4918.61,4923.36,4867.76,4882.77,909427415
2023-10-04 11:00:00,4882.77,4914.23,4877.08,4884.87,466782359
2023-10-04 12:00:00,4884.87,4914.98,4855.07,4870.46,224733454
2023-10-04 13:00:00,4870.46,4907.35,4833.2,4894.93,365073856
2023-10-04 14:00:00,4894.93,4894.96,4835.71,4867.1,669343362
2023-10-04 15:00:00,4867.1,4877.12,4836.1,4866.77,1289712861
2023-10-05 09:00:00,4844.45,4859.58,4832.66,4841.6,382280153
2023-10-05 10:00:00,4841.6,4890.86,4839.65,4869.97,456280800
2023-10-05 11:00:00,4869.97,4911.14,4862.56,4902.48,231849457
2023-10-05 12:00:00,4902.48,4935.39,4894.32,4920.19,122209818
2023-10-05 13:00:00,4920.19,4962.98,4899.89,4907.69,213550181
2023-10-05 14:00:00,4907.69,4941.19,4900.88,4935.18,315391293
2023-10-05 15:00:00,4935.18,4955.88,4915.43,4927.28,633823904
2023-10-06 09:00:00,4937.12,4974.73,4922.43,4969.64,674785815
2023-10-06 10:00:00,4969.64,4977.73,4928.26,4938.43,775488858
2023-10-06 11:00:00,4938.43,4955.5,4917.32,4927.39,393776464
2023-10-06 12:00:00,4927.39,4962.1,4917.59,4947.74,206487926
2023-10-06 13:00:00,4947.74,4950.36,4888.6,4907.65,317516518
2023-10-06 14:00:00,4907.65,4934.61,4861.04,4883.05,485065576
2023-10-06 15:00:00,4883.05,4900.24,4871.3,4884.41,966509458
2023-10-09 09:00:00,4898.08,4905.67,4855.63,4862.27,790143227
2023-10-09 10:00:00,4862.27,4872.2,4830.06,4845.61,798365049
2023-10-09 11:00:00,4845.61,4876.77,4824.02,4834.78,422535842
2023-10-09 12:00:00,4834.78,4897.65,4832.26,4895.07,186982276
2023-10-09 13:00:00,4895.07,4904.21,4867.29,4877.0,361514828
2023-10-09 14:00:00,4877.0,4918.35,4849.57,4881.92,553615226
2023-10-09 15:00:00,4881.92,4887.17,4828.72,4839.32,1114464819
2023-10-10 09:00:00,4821.23,4825.55,4775.83,4807.56,660767984
2023-10-10 10:00:00,4807.56,4875.3,4779.02,4872.55,610758932
2023-10-10 11:00:00,4872.55,4888.12,4843.26,4873.78,330222012
2023-10-10 12:00:00,4873.78,4936.89,4861.44,4909.13,166422095
2023-10-10 13:00:00,4909.13,4957.78,4903.63,4940.03,281787656
2023-10-10 14:00:00,4940.03,4952.41,4847.25,4876.3,430746459
2023-10-10 15:00:00,4876.3,4903.24,4852.38,4884.18,799405779
2023-10-11 09:00:00,4855.59,4915.18,4847.59,4909.91,618040207
2023-10-11 10:00:00,4909.91,4955.04,4881.21,4947.65,638217482
2023-10-11 11:00:00,4947.65,5054.35,4944.52,5043.37,313992035
2023-10-11 12:00:00,5043.37,5100.75,5023.47,5095.97,138888412
2023-10-11 13:00:00,5095.97,5137.33,5082.26,5117.33,284395894
2023-10-11 14:00:00,5117.33,5169.53,5091.28,5092.76,410175583
2023-10-11 15:00:00,5092.76,5137.3,5080.05,5131.23,691511990
2023-10-12 09:00:00,5153.8,5212.83,5146.9,5202.32,589883582
2023-10-12 10:00:00,5202.32,5276.07,5195.06,5273.03,647301174
2023-10-12 11:00:00,5273.03,5338.66,5262.95,5319.28,343931558
2023-10-12 12:00:00,5319.28,5320.86,5208.86,5220.29,157024993
2023-10-12 13:00:00,5220.29,5267.36,5211.07,5259.55,274927054
2023-10-12 14:00:00,5259.55,5275.56,5235.73,5246.93,414287454
2023-10-12 15:00:00,5246.93,5280.2,5216.33,5239.57,839858101
2023-10-13 09:00:00,5216.96,5234.17,5193.47,5226.53,453196133
2023-10-13 10:00:00,5226.53,5231.28,5197.14,5228.3,496695563
2023-10-13 11:00:00,5228.3,5232.16,5180.34,5209.4,236961458
2023-10-13 12:00:00,5209.4,5224.96,5193.54,5206.26,130272527
2023-10-13 13:00:00,5206.26,5237.52,5173.79,5203.38,198336236
2023-10-13 14:00:00,5203.38,5215.77,5169.5,5215.02,310172471
2023-10-13 15:00:00,5215.02,5224.19,5136.49,5163.13,667789179
2023-10-16 09:00:00,5154.1,5173.99,5140.29,5169.16,724170683
2023-10-16 10:00:00,5169.16,5189.2,5153.2,5176.14,800708676
2023-10-16 11:00:00,5176.14,5212.7,5159.9,5200.65,406868031
2023-10-16 12:00:00,5200.65,5244.27,5199.66,5224.72,213657973
2023-10-16 13:00:00,5224.72,5241.45,5180.54,5224.87,381917866
2023-10-16 14:00:00,5224.87,5294.87,5222.31,5281.34,602343756
2023-10-16 15:00:00,5281.34,5302.09,5259.88,5299.32,1226498307
2023-10-17 09:00:00,5334.08,5349.53,5281.4,5283.95,578464413
2023-10-17 10:00:00,5283.95,5285.24,5205.61,5220.93,722603610
2023-10-17 11:00:00,5220.93,5307.1,5215.21,5295.42,373533153
2023-10-17 12:00:00,5295.42,5314.0,5272.83,5284.1,202109307
2023-10-17 13:00:00,5284.1,5319.14,5203.49,5288.42,332844594
2023-10-17 14:00:00,5288.42,5289.5,5226.94,5235.74,522044095
2023-10-17 15:00:00,5235.74,5305.02,5229.6,5301.83,978677741
2023-10-18 09:00:00,5269.32,5299.15,5266.06,5278.99,1142505107
2023-10-18 10:00:00,5278.99,5286.23,5236.86,5249.42,1233826205
2023-10-18 11:00:00,5249.42,5314.92,5218.05,5303.08,551413458
2023-10-18 12:00:00,5303.08,5315.66,5269.07,5312.46,298773943
2023-10-18 13:00:00,5312.46,5316.2,5253.97,5268.55,527013269
2023-10-18 14:00:00,5268.55,5289.3,5245.97,5255.74,715899622
2023-10-18 15:00:00,5255.74,5323.79,5226.1,5286.35,1385493626
2023-10-19 09:00:00,5328.48,5333.7,5310.0,5313.88,983811383
2023-10-19 10:00:00,5313.88,5318.18,5239.36,5243.2,852230304
2023-10-19 11:00:00,5243.2,5255.17,5211.12,5244.86,477000236
2023-10-19 12:00:00,5244.86,5252.35,5204.24,5239.18,263051088
2023-10-19 13:00:00,5239.18,5264.61,5209.94,5211.58,371130073
2023-10-19 14:00:00,5211.58,5219.51,5128.65,5183.67,699280944
2023-10-19 15:00:00,5183.67,5203.08,5127.26,5157.21,1259295305
2023-10-20 09:00:00,5166.68,5185.89,5144.84,5185.06,669328532
2023-10-20 10:00:00,5185.06,5188.08,5145.38,5163.7,742432384
2023-10-20 11:00:00,5163.7,5218.06,5146.71,5211.51,372888543
2023-10-20 12:00:00,5211.51,5212.88,5132.6,5178.42,182075590
2023-10-20 13:00:00,5178.42,5227.0,5148.05,5214.94,307406345
2023-10-20 14:00:00,5214.94,5230.37,5170.72,5184.21,516364699
2023-10-20 15:00:00,5184.21,5203.34,5096.62,5114.66,943071751
2023-10-23 09:00:00,5125.98,5135.58,5093.53,5094.24,590586729
2023-10-23 10:00:00,5094.24,5140.26,5071.43,5112.56,574028458
2023-10-23 11:00:00,5112.56,5150.59,5104.39,5113.44,282351061
2023-10-23 12:00:00,5113.44,5127.24,5077.37,5125.07,149163881
2023-10-23 13:00:00,5125.07,5160.01,5121.78,5145.02,250575656
2023-10-23 14:00:00,5145.02,5156.83,5102.82,5104.33,459552657
2023-10-23 15:00:00,5104.33,5106.35,5045.51,5062.39,773177803
2023-10-24 09:00:00,5058.58,5108.66,5057.24,5086.63,1068922389
2023-10-24 10:00:00,5086.63,5090.32,5032.56,5038.66,997563564
2023-10-24 11:00:00,5038.66,5049.71,4988.14,4998.04,451604204
2023-10-24 12:00:00,4998.04,5052.28,4985.66,5026.5,276534572
2023-10-24 13:00:00,5026.5,5040.5,5001.1,5013.16,424317620
2023-10-24 14:00:00,5013.16,5075.18,4984.69,5074.36,661826516
2023-10-24 15:00:00,5074.36,5105.12,5055.06,5066.44,1356224541
2023-10-25 09:00:00,5084.63,5085.54,5006.45,5013.5,500888798
2023-10-25 10:00:00,5013.5,5019.34,4962.71,4974.29,447605161
2023-10-25 11:00:00,4974.29,5027.63,4966.96,5017.68,231397424
2023-10-25 12:00:00,5017.68,5020.01,4962.12,4991.04,91599864
2023-10-25 13:00:00,4991.04,5071.59,4990.79,5055.76,202586789
2023-10-25 14:00:00,5055.76,5073.03,5025.65,5051.48,289560394
2023-10-25 15:00:00,5051.48,5060.63,5021.27,5026.75,594179897
2023-10-26 09:00:00,4999.97,5015.82,4979.5,4987.6,756844658
2023-10-26 10:00:00,4987.6,5005.34,4950.51,4965.85,743634630
2023-10-26 11:00:00,4965.85,4989.73,4911.11,4916.68,355490460
2023-10-26 12:00:00,4916.68,4965.79,4895.51,4942.54,189205623
2023-10-26 13:00:00,4942.54,4943.97,4904.57,4926.64,337036321
2023-10-26 14:00:00,4926.64,5031.43,4922.89,5028.76,574099734
2023-10-26 15:00:00,5028.76,5090.78,5013.61,5090.03,1092064664
2023-10-27 09:00:00,5060.06,5065.5,5031.22,5041.87,655073595
2023-10-27 10:00:00,5041.87,5087.19,5040.92,5078.99,592675644
2023-10-27 11:00:00,5078.99,5114.34,5073.22,5103.62,303837367
2023-10-27 12:00:00,5103.62,5138.18,5063.72,5137.13,165260088
2023-10-27 13:00:00,5137.13,5164.54,5110.93,5131.92,267423129
2023-10-27 14:00:00,5131.92,5184.28,5129.73,5142.67,422233169
2023-10-27 15:00:00,5142.67,5203.4,5139.06,5180.67,912538300
2023-10-30 09:00:00,5206.4,5223.37,5196.38,5220.8,505473037
2023-10-30 10:00:00,5220.8,5267.89,5206.38,5254.92,551899341
2023-10-30 11:00:00,5254.92,5367.77,5250.95,5366.14,273000430
2023-10-30 12:00:00,5366.14,5369.28,5305.91,5325.35,136894694
2023-10-30 13:00:00,5325.35,5342.99,5280.14,5285.68,225984664
2023-10-30 14:00:00,5285.68,5298.04,5184.12,5186.73,335985701
2023-10-30 15:00:00,5186.73,5218.79,5167.99,5175.75,714954635
2023-10-31 09:00:00,5167.77,5169.26,5111.9,5117.27,940984654
2023-10-31 10:00:00,5117.27,5127.2,5050.99,5100.02,891142638
2023-10-31 11:00:00,5100.02,5100.65,5012.99,5017.97,431522723
2023-10-31 12:00:00,5017.97,5056.29,5001.26,5024.45,243390058
2023-10-31 13:00:00,5024.45,5064.93,5011.5,5053.89,403441711
2023-10-31 14:00:00,5053.89,5108.03,5043.42,5097.16,657270485
2023-10-31 15:00:00,5097.16,5104.68,5065.46,5093.49,1423270177
2023-11-01 09:00:00,5110.49,5136.52,5100.51,5136.35,580482717
2023-11-01 10:00:00,5136.35,5153.16,5101.61,5131.93,741555212
2023-11-01 11:00:00,5131.93,5154.93,5113.49,5128.71,301371049
2023-11-01 12:00:00,5128.71,5137.23,5096.97,5103.86,152235361
2023-11-01 13:00:00,5103.86,5131.94,5046.83,5049.42,269349974
2023-11-01 14:00:00,5049.42,5073.89,4975.25,4992.24,449633201
2023-11-01 15:00:00,4992.24,5093.47,4989.53,5092.9,858806437
2023-11-02 09:00:00,5119.52,5127.53,5103.79,5120.85,484948548
2023-11-02 10:00:00,5120.85,5124.81,5071.92,5079.07,515320377
2023-11-02 11:00:00,5079.07,5125.24,5076.69,5109.45,251049594
2023-11-02 12:00:00,5109.45,5136.66,5043.21,5065.88,136035105
2023-11-02 13:00:00,5065.88,5099.75,5020.67,5032.18,228356299
2023-11-02 14:00:00,5032.18,5033.25,4953.51,4961.71,346488599
2023-11-02 15:00:00,4961.71,4964.24,4894.05,4935.47,601938721
2023-11-03 09:00:00,4941.62,4959.68,4920.97,4921.05,489276408
2023-11-03 10:00:00,4921.05,4945.85,4882.28,4898.17,490056157
2023-11-03 11:00:00,4898.17,4915.88,4875.13,4904.12,223662392
2023-11-03 12:00:00,4904.12,4962.96,4891.13,4944.01,129903372
2023-11-03 13:00:00,4944.01,4973.99,4921.57,4945.43,194042414
2023-11-03 14:00:00,4945.43,4982.12,4920.43,4921.26,326764213
2023-11-03 15:00:00,4921.26,4937.8,4862.81,4866.89,624231222
2023-11-06 09:00:00,4910.98,4931.56,4882.3,4929.14,455155348
2023-11-06 10:00:00,4929.14,4937.52,4859.79,4879.37,521195082
2023-11-06 11:00:00,4879.37,4911.73,4870.46,4890.15,286985514
2023-11-06 12:00:00,4890.15,4948.57,4890.04,4943.69,120138082
2023-11-06 13:00:00,4943.69,5003.69,4925.13,4952.06,203702824
2023-11-06 14:00:00,4952.06,4972.65,4935.14,4945.46,353656037
2023-11-06 15:00:00,4945.46,4965.44,4914.65,4937.75,645538723
2023-11-07 09:00:00,4932.14,4979.91,4929.93,4964.75,517577979
2023-11-07 10:00:00,4964.75,5012.97,4956.73,4969.08,567349032
2023-11-07 11:00:00,4969.08,4979.51,4936.14,4936.27,273535421
2023-11-07 12:00:00,4936.27,4954.55,4909.03,4928.06,148921025
2023-11-07 13:00:00,4928.06,4948.66,4906.96,4908.25,221702824
2023-11-07 14:00:00,4908.25,4918.85,4886.86,4893.5,354904572
2023-11-07 15:00:00,4893.5,4903.43,4859.78,4876.34,749274407
2023-11-08 09:00:00,4886.55,4921.67,4867.19,4903.03,792980899
2023-11-08 10:00:00,4903.03,4986.64,4884.21,4979.13,742355329
2023-11-08 11:00:00,4979.13,5002.93,4962.88,4971.0,437862558
2023-11-08 12:00:00,4971.0,4973.6,4937.94,4954.64,215236953
2023-11-08 13:00:00,4954.64,5008.95,4947.37,5007.14,280967465
2023-11-08 14:00:00,5007.14,5067.98,5003.47,5035.18,587613246
2023-11-08 15:00:00,5035.18,5117.29,5034.86,5072.7,1109683715
2023-11-09 09:00:00,5026.2,5037.32,5005.95,5022.48,777189182
2023-11-09 10:00:00,5022.48,5032.9,4975.36,4990.04,906484586
2023-11-09 11:00:00,4990.04,5069.47,4989.39,5039.27,491357136
2023-11-09 12:00:00,5039.27,5107.66,5011.43,5107.58,203754205
2023-11-09 13:00:00,5107.58,5134.32,5083.41,5132.97,345262646
2023-11-09 14:00:00,5132.97,5229.94,5130.73,5227.38,552927540
2023-11-09 15:00:00,5227.38,5257.91,5204.68,5230.95,1163913265
2023-11-10 09:00:00,5198.16,5215.45,5189.22,5211.17,712115278
2023-11-10 10:00:00,5211.17,5256.04,5206.59,5245.51,725474069
2023-11-10 11:00:00,5245.51,5302.22,5230.92,5269.96,364269355
2023-11-10 12:00:00,5269.96,5316.4,5250.17,5283.51,207109397
2023-11-10 13:00:00,5283.51,5350.4,5252.25,5339.71,307285012
2023-11-10 14:00:00,5339.71,5349.35,5304.53,5338.25,484256636
2023-11-10 15:00:00,5338.25,5361.08,5309.92,5347.6,994713504
2023-11-13 09:00:00,5316.45,5330.21,5301.73,5326.6,687218711
2023-11-13 10:00:00,5326.6,5334.57,5281.37,5311.09,762616993
2023-11-13 11:00:00,5311.09,5347.51,5293.26,5307.89,365346270
2023-11-13 12:00:00,5307.89,5336.0,5274.08,5318.12,183608218
2023-11-13 13:00:00,5318.12,5332.33,5245.83,5259.0,314718227
2023-11-13 14:00:00,5259.0,5317.77,5246.94,5299.84,427915855
2023-11-13 15:00:00,5299.84,5311.58,5265.85,5288.49,968289095
2023-11-14 09:00:00,5255.16,5285.65,5248.82,5272.78,572809898
2023-11-14 10:00:00,5272.78,5299.99,5256.5,5287.18,602407124
2023-11-14 11:00:00,5287.18,5289.0,5240.05,5267.35,284546241
2023-11-14 12:00:00,5267.35,5329.11,5258.79,5313.85,146960241
2023-11-14 13:00:00,5313.85,5320.65,5262.88,5283.57,245883814
2023-11-14 14:00:00,5283.57,5302.46,5242.2,5257.09,366174493
2023-11-14 15:00:00,5257.09,5264.38,5198.89,5200.59,707943797
2023-11-15 09:00:00,5188.79,5207.28,5179.09,5196.5,370334563
2023-11-15 10:00:00,5196.5,5205.77,5144.88,5144.91,415361429
2023-11-15 11:00:00,5144.91,5152.6,5065.18,5108.8,184866903
2023-11-15 12:00:00,5108.8,5133.86,5057.18,5082.67,93770050
2023-11-15 13:00:00,5082.67,5094.49,5044.93,5049.94,141217747
2023-11-15 14:00:00,5049.94,5084.45,4978.0,4984.43,225860248
2023-11-15 15:00:00,4984.43,5067.86,4981.42,5058.03,415968124
2023-11-16 09:00:00,5070.26,5114.9,5067.08,5112.69,1123172191
2023-11-16 10:00:00,5112.69,5118.75,5062.68,5074.99,944089873
2023-11-16 11:00:00,5074.99,5100.67,5053.68,5066.56,468595596
2023-11-16 12:00:00,5066.56,5079.85,5028.85,5044.35,235052524
2023-11-16 13:00:00,5044.35,5078.71,5017.98,5062.2,443305708
2023-11-16 14:00:00,5062.2,5114.76,5056.11,5111.5,683650606
2023-11-16 15:00:00,5111.5,5164.1,5107.44,5149.95,1130483110
2023-11-17 09:00:00,5181.3,5237.54,5173.16,5230.96,398991881
2023-11-17 10:00:00,5230.96,5251.07,5186.35,5201.35,456024063
2023-11-17 11:00:00,5201.35,5221.59,5132.61,5136.05,215478394
2023-11-17 12:00:00,5136.05,5149.37,5099.16,5134.93,117348199
2023-11-17 13:00:00,5134.93,5148.12,5069.91,5074.15,165362586
2023-11-17 14:00:00,5074.15,5088.78,5041.37,5084.11,280573595
2023-11-17 15:00:00,5084.11,5088.28,5034.97,5046.24,635365689
2023-11-20 09:00:00,5019.09,5044.64,4999.27,5001.82,670705560
2023-11-20 10:00:00,5001.82,5020.91,4989.28,5005.05,698060903
2023-11-20 11:00:00,5005.05,5031.75,4984.14,4996.54,397048509
2023-11-20 12:00:00,4996.54,5030.48,4969.11,5030.22,185960735
2023-11-20 13:00:00,5030.22,5058.09,5009.87,5042.89,300197836
2023-11-20 14:00:00,5042.89,5073.61,5019.7,5039.36,526453186
2023-11-20 15:00:00,5039.36,5051.27,5010.94,5049.36,948633136
2023-11-21 09:00:00,5071.33,5134.48,5064.44,5119.22,1004407780
2023-11-21 10:00:00,5119.22,5120.93,5065.39,5120.25,950453268
2023-11-21 11:00:00,5120.25,5193.2,5119.6,5180.72,493721693
2023-11-21 12:00:00,5180.72,5209.04,5141.7,5199.54,233214577
2023-11-21 13:00:00,5199.54,5215.53,5139.37,5154.01,372779384
2023-11-21 14:00:00,5154.01,5199.79,5121.13,5199.35,554791895
2023-11-21 15:00:00,5199.35,5225.25,5163.6,5177.51,1276526365
2023-11-22 09:00:00,5168.57,5188.23,5155.29,5157.75,826389699
2023-11-22 10:00:00,5157.75,5238.77,5129.05,5215.02,857397036
2023-11-22 11:00:00,5215.02,5223.26,5159.58,5160.37,417711553
2023-11-22 12:00:00,5160.37,5190.72,5127.19,5138.66,186981343
2023-11-22 13:00:00,5138.66,5199.7,5131.49,5155.76,357481609
2023-11-22 14:00:00,5155.76,5169.51,5050.17,5055.19,522368228
2023-11-22 15:00:00,5055.19,5082.22,5039.91,5057.13,879995465
2023-11-24 09:00:00,5083.67,5118.45,5077.12,5102.36,816362360
2023-11-24 10:00:00,5102.36,5116.47,5061.83,5116.05,858996446
2023-11-24 11:00:00,5116.05,5154.47,5090.03,5120.45,393231808
2023-11-24 12:00:00,5120.45,5155.5,5115.17,5144.07,213583692
2023-11-24 13:00:00,5144.07,5193.35,5140.39,5190.87,365242446
2023-11-24 14:00:00,5190.87,5208.69,5142.19,5160.52,519059264
2023-11-24 15:00:00,5160.52,5209.47,5136.54,5173.18,962709395
2023-11-27 09:00:00,5191.41,5204.6,5178.9,5200.69,762549893
2023-11-27 10:00:00,5200.69,5218.23,5152.94,5176.98,771154623
2023-11-27 11:00:00,5176.98,5267.33,5165.05,5228.97,399105538
2023-11-27 12:00:00,5228.97,5283.99,5227.48,5273.13,194229113
2023-11-27 13:00:00,5273.13,5276.77,5171.32,5187.19,324083477
2023-11-27 14:00:00,5187.19,5195.33,5155.58,5160.11,513258869
2023-11-27 15:00:00,5160.11,5167.92,5101.84,5129.22,1033618832
2023-11-28 09:00:00,5148.82,5166.15,5117.55,5120.5,680031807
2023-11-28 10:00:00,5120.5,5169.11,5114.11,5148.66,712351300
2023-11-28 11:00:00,5148.66,5157.33,5116.86,5129.7,351997102
2023-11-28 12:00:00,5129.7,5133.54,5068.08,5100.95,155533703
2023-11-28 13:00:00,5100.95,5115.76,5003.43,5007.3,336709412
2023-11-28 14:00:00,5007.3,5035.24,4988.64,5023.27,486417257
2023-11-28 15:00:00,5023.27,5076.37,5008.42,5075.06,857427009
2023-11-29 09:00:00,5068.3,5085.38,5050.35,5056.44,1372337279
2023-11-29 10:00:00,5056.44,5062.29,4975.38,5006.1,1289677853
2023-11-29 11:00:00,5006.1,5047.9,5003.89,5043.59,599820375
2023-11-29 12:00:00,5043.59,5069.4,5015.85,5056.25,349036042
2023-11-29 13:00:00,5056.25,5061.27,4967.77,4971.98,553564657
2023-11-29 14:00:00,4971.98,4997.5,4951.13,4996.53,783636592
2023-11-29 15:00:00,4996.53,5062.84,4982.34,5049.43,1825523610
2023-11-30 09:00:00,5057.91,5131.67,5056.14,5106.6,915653402
2023-11-30 10:00:00,5106.6,5119.78,5046.55,5047.02,830539204
2023-11-30 11:00:00,5047.02,5066.81,5008.06,5020.9,408146803
2023-11-30 12:00:00,5020.9,5062.25,5009.65,5041.77,246902182
2023-11-30 13:00:00,5041.77,5092.86,5031.67,5087.43,358166038
2023-11-30 14:00:00,5087.43,5109.35,5056.25,5077.71,584303199
2023-11-30 15:00:00,5077.71,5085.5,5013.4,5045.97,1139285811
2023-12-01 09:00:00,5030.6,5033.23,5011.51,5016.09,1181990541
2023-12-01 10:00:00,5016.09,5057.93,5001.28,5033.82,1083040875
2023-12-01 11:00:00,5033.82,5052.45,5012.57,5037.74,547343781
2023-12-01 12:00:00,5037.74,5070.37,5005.3,5037.46,281715684
2023-12-01 13:00:00,5037.46,5090.28,5033.02,5050.09,459061170
2023-12-01 14:00:00,5050.09,5089.35,5018.54,5088.0,826233533
2023-12-01 15:00:00,5088.0,5116.63,5049.99,5055.52,1447758058
2023-12-04 09:00:00,5058.49,5093.27,5053.51,5081.52,497890064
2023-12-04 10:00:00,5081.52,5151.66,5066.27,5134.71,628339767
2023-12-04 11:00:00,5134.71,5134.74,5074.85,5081.85,337590098
2023-12-04 12:00:00,5081.85,5097.27,5048.52,5090.41,167239715
2023-12-04 13:00:00,5090.41,5203.9,5086.39,5201.06,283427271
2023-12-04 14:00:00,5201.06,5213.59,5157.98,5169.36,436944064
2023-12-04 15:00:00,5169.36,5174.74,5119.67,5152.44,900435388
2023-12-05 09:00:00,5151.22,5171.31,5129.85,5134.25,446890272
2023-12-05 10:00:00,5134.25,5153.67,5105.67,5107.75,480673087
2023-12-05 11:00:00,5107.75,5121.65,5076.57,5102.31,278703173
2023-12-05 12:00:00,5102.31,5176.1,5098.89,5170.14,131227431
2023-12-05 13:00:00,5170.14,5232.39,5155.63,5218.23,239389758
2023-12-05 14:00:00,5218.23,5234.7,5116.81,5117.34,313057293
2023-12-05 15:00:00,5117.34,5132.45,5094.35,5099.64,622544362
2023-12-06 09:00:00,5079.92,5080.63,5042.98,5051.56,701007609
2023-12-06 10:00:00,5051.56,5080.68,5046.18,5067.42,768037726
2023-12-06 11:00:00,5067.42,5076.23,5025.45,5057.4,393745359
2023-12-06 12:00:00,5057.4,5100.59,5050.85,5090.24,184639594
2023-12-06 13:00:00,5090.24,5105.42,5035.13,5098.1,298014010
2023-12-06 14:00:00,5098.1,5123.27,5073.6,5118.27,465834740
2023-12-06 15:00:00,5118.27,5155.22,5104.26,5152.93,935842032
2023-12-07 09:00:00,5167.65,5251.88,5164.7,5247.83,737512973
2023-12-07 10:00:00,5247.83,5286.86,5223.43,5286.23,821234888
2023-12-07 11:00:00,5286.23,5299.49,5259.35,5274.58,370694761
2023-12-07 12:00:00,5274.58,5308.65,5240.15,5253.54,182730443
2023-12-07 13:00:00,5253.54,5266.22,5177.97,5197.51,308624086
2023-12-07 14:00:00,5197.51,5258.04,5175.68,5253.8,510299317
2023-12-07 15:00:00,5253.8,5261.05,5204.81,5240.07,1102190303
2023-12-08 09:00:00,5232.04,5266.21,5228.19,5252.96,1186634785
2023-12-08 10:00:00,5252.96,5254.58,5151.04,5164.36,1506967863
2023-12-08 11:00:00,5164.36,5164.87,5098.54,5139.26,807909190
2023-12-08 12:00:00,5139.26,5150.31,5113.32,5122.54,390646590
2023-12-08 13:00:00,5122.54,5165.35,5110.98,5128.07,620068312
2023-12-08 14:00:00,5128.07,5186.6,5125.71,5147.12,1009421487
2023-12-08 15:00:00,5147.12,5158.4,5097.37,5127.04,1826559584
2023-12-11 09:00:00,5119.92,5121.99,5082.67,5105.43,678898645
2023-12-11 10:00:00,5105.43,5124.63,5043.13,5074.15,677636444
2023-12-11 11:00:00,5074.15,5089.6,5044.42,5066.32,334954957
2023-12-11 12:00:00,5066.32,5067.87,4978.8,4984.07,173151815
2023-12-11 13:00:00,4984.07,5017.03,4962.96,4971.42,282849030
2023-12-11 14:00:00,4971.42,5003.78,4960.58,4973.2,436031156
2023-12-11 15:00:00,4973.2,5007.11,4966.73,4986.17,981582052
2023-12-12 09:00:00,4976.55,4978.63,4940.4,4941.61,422032862
2023-12-12 10:00:00,4941.61,4974.34,4928.13,4957.1,502485758
2023-12-12 11:00:00,4957.1,4972.88,4928.98,4970.79,237405308
2023-12-12 12:00:00,4970.79,4977.75,4943.84,4961.77,110387492
2023-12-12 13:00:00,4961.77,4993.29,4944.06,4989.42,212594116
2023-12-12 14:00:00,4989.42,4998.12,4911.65,4920.02,334955969
2023-12-12 15:00:00,4920.02,4939.01,4879.21,4880.64,659098862
2023-12-13 09:00:00,4889.27,4891.22,4853.32,4865.45,392207722
2023-12-13 10:00:00,4865.45,4904.02,4838.5,4880.67,480033811
2023-12-13 11:00:00,4880.67,4885.8,4840.67,4871.36,227875351
2023-12-13 12:00:00,4871.36,4902.55,4845.36,4853.1,108942510
2023-12-13 13:00:00,4853.1,4895.77,4848.0,4862.83,215773551
2023-12-13 14:00:00,4862.83,4916.21,4855.68,4902.95,342902181
2023-12-13 15:00:00,4902.95,4931.12,4882.94,4887.57,662683941
2023-12-14 09:00:00,4860.75,4902.23,4854.19,4889.34,747563989
2023-12-14 10:00:00,4889.34,4937.46,4869.75,4920.82,796801553
2023-12-14 11:00:00,4920.82,4943.47,4869.1,4905.8,349861361
2023-12-14 12:00:00,4905.8,4906.1,4841.88,4842.85,200406043
2023-12-14 13:00:00,4842.85,4855.32,4812.31,4829.8,317483146
2023-12-14 14:00:00,4829.8,4846.9,4797.79,4817.27,484603646
2023-12-14 15:00:00,4817.27,4912.34,4809.24,4869.77,1048135544
2023-12-15 09:00:00,4811.55,4831.74,4795.26,4799.3,967074404
2023-12-15 10:00:00,4799.3,4830.1,4779.16,4806.78,981805379
2023-12-15 11:00:00,4806.78,4856.93,4791.75,4816.43,518799092
2023-12-15 12:00:00,4816.43,4820.38,4772.75,4775.21,246613755
2023-12-15 13:00:00,4775.21,4777.87,4704.07,4704.79,404799373
2023-12-15 14:00:00,4704.79,4747.14,4692.62,4732.79,675254288
2023-12-15 15:00:00,4732.79,4748.89,4702.04,4704.28,1124284171
2023-12-18 09:00:00,4724.85,4746.92,4706.09,4731.48,449109706
2023-12-18 10:00:00,4731.48,4770.9,4713.91,4736.05,573130317
2023-12-18 11:00:00,4736.05,4749.84,4679.8,4699.84,280798627
2023-12-18 12:00:00,4699.84,4734.97,4692.21,4726.15,141845140
2023-12-18 13:00:00,4726.15,4785.15,4720.87,4779.14,247686412
2023-12-18 14:00:00,4779.14,4813.77,4778.67,4794.42,394585943
2023-12-18 15:00:00,4794.42,4819.68,4769.34,4810.15,687532880
2023-12-19 09:00:00,4863.01,4865.25,4795.99,4822.51,302849212
2023-12-19 10:00:00,4822.51,4896.81,4808.05,4817.2,308082730
2023-12-19 11:00:00,4817.2,4834.64,4785.2,4820.82,133765299
2023-12-19 12:00:00,4820.82,4824.88,4757.79,4774.5,95283728
2023-12-19 13:00:00,4774.5,4796.3,4764.03,4769.39,139807912
2023-12-19 14:00:00,4769.39,4836.94,4751.97,4822.43,204924093
2023-12-19 15:00:00,4822.43,4833.32,4773.87,4777.68,446424720
2023-12-20 09:00:00,4799.11,4814.93,4786.93,4811.96,745472128
2023-12-20 10:00:00,4811.96,4884.66,4806.43,4871.91,874597204
2023-12-20 11:00:00,4871.91,4880.08,4846.65,4864.65,360863210
2023-12-20 12:00:00,4864.65,4916.86,4844.01,4892.21,210939689
2023-12-20 13:00:00,4892.21,4906.46,4868.76,4885.04,392553232
2023-12-20 14:00:00,4885.04,4885.35,4797.26,4799.86,588001631
2023-12-20 15:00:00,4799.86,4821.34,4777.49,4778.19,1117846819
2023-12-21 09:00:00,4773.09,4794.87,4750.91,4793.83,271960981
2023-12-21 10:00:00,4793.83,4831.27,4780.77,4827.03,316804775
2023-12-21 11:00:00,4827.03,4862.79,4811.55,4844.29,148951844
2023-12-21 12:00:00,4844.29,4868.57,4825.29,4866.14,79420280
2023-12-21 13:00:00,4866.14,4895.82,4835.54,4840.17,135054472
2023-12-21 14:00:00,4840.17,4890.63,4825.54,4882.99,193636378
2023-12-21 15:00:00,4882.99,4898.85,4859.41,4889.03,432548459
2023-12-22 09:00:00,4875.53,4893.82,4862.41,4864.36,386681952
2023-12-22 10:00:00,4864.36,4864.39,4789.7,4803.98,439407476
2023-12-22 11:00:00,4803.98,4814.86,4751.69,4762.85,216578899
2023-12-22 12:00:00,4762.85,4795.53,4745.72,4793.36,108945001
2023-12-22 13:00:00,4793.36,4804.04,4746.44,4757.77,186591822
2023-12-22 14:00:00,4757.77,4792.6,4740.63,4757.37,320603938
2023-12-22 15:00:00,4757.37,4772.74,4692.29,4697.93,574677723
2023-12-26 09:00:00,4683.54,4718.78,4677.06,4716.82,1137653362
2023-12-26 10:00:00,4716.82,4758.66,4707.25,4743.75,1172920253
2023-12-26 11:00:00,4743.75,4787.39,4727.03,4786.49,549605817
2023-12-26 12:00:00,4786.49,4842.83,4772.71,4774.28,327735070
2023-12-26 13:00:00,4774.28,4777.55,4734.86,4748.03,485150422
2023-12-26 14:00:00,4748.03,4769.93,4728.48,4743.57,749877169
2023-12-26 15:00:00,4743.57,4744.05,4702.53,4722.07,1488586804
2023-12-27 09:00:00,4717.83,4744.26,4695.63,4740.71,944118624
2023-12-27 10:00:00,4740.71,4752.87,4717.46,4741.66,1111246600
2023-12-27 11:00:00,4741.66,4783.14,4731.32,4769.86,538418648
2023-12-27 12:00:00,4769.86,4778.88,4689.83,4701.53,248046680
2023-12-27 13:00:00,4701.53,4705.02,4635.64,4651.43,400126253
2023-12-27 14:00:00,4651.43,4653.91,4607.77,4626.49,714117837
2023-12-27 15:00:00,4626.49,4627.07,4579.55,4605.94,1335122614
2023-12-28 09:00:00,4607.29,4620.37,4578.11,4590.11,380386940
2023-12-28 10:00:00,4590.11,4602.84,4556.11,4583.42,469445474
2023-12-28 11:00:00,4583.42,4589.81,4549.71,4552.53,236078329
2023-12-28 12:00:00,4552.53,4553.94,4483.64,4495.6,112581024
2023-12-28 13:00:00,4495.6,4543.16,4473.96,4478.88,192638326
2023-12-28 14:00:00,4478.88,4487.45,4433.12,4476.75,275323646
2023-12-28 15:00:00,4476.75,4479.15,4420.71,4425.55,566256047
2023-12-29 09:00:00,4440.4,4451.88,4412.57,4413.37,730354892
2023-12-29 10:00:00,4413.37,4461.95,4402.0,4460.79,665880863
2023-12-29 11:00:00,4460.79,4551.2,4446.5,4530.93,371050819
2023-12-29 12:00:00,4530.93,4531.67,4460.73,4463.27,195940740
2023-12-29 13:00:00,4463.27,4477.92,4427.98,4466.01,272148301
2023-12-29 14:00:00,4466.01,4504.59,4436.4,4492.52,474221394
2023-12-29 15:00:00,4492.52,4495.04,4420.9,4437.74,900036629
2024-01-02 09:00:00,4441.78,4462.31,4412.68,4415.22,625050452
2024-01-02 10:00:00,4415.22,4420.63,4376.7,4397.61,642011702
2024-01-02 11:00:00,4397.61,4413.29,4373.68,4391.99,328020711
2024-01-02 12:00:00,4391.99,4457.27,4390.14,4418.62,183402638
2024-01-02 13:00:00,4418.62,4433.31,4392.57,4424.61,249962094
2024-01-02 14:00:00,4424.61,4487.02,4422.77,4455.59,465276017
2024-01-02 15:00:00,4455.59,4522.2,4441.86,4519.28,850938932
2024-01-03 09:00:00,4517.4,4522.78,4476.04,4487.16,462389349
2024-01-03 10:00:00,4487.16,4546.59,4484.67,4538.83,544155004
2024-01-03 11:00:00,4538.83,4563.24,4516.21,4549.33,254366642
2024-01-03 12:00:00,4549.33,4558.93,4510.99,4526.98,138536416
2024-01-03 13:00:00,4526.98,4544.23,4499.25,4540.81,226479725
2024-01-03 14:00:00,4540.81,4561.01,4522.89,4557.95,336267216
2024-01-03 15:00:00,4557.95,4632.31,4532.99,4615.33,733968101
2024-01-04 09:00:00,4549.26,4590.12,4546.3,4584.07,1762831051
2024-01-04 10:00:00,4584.07,4640.14,4581.63,4590.9,1744533184
2024-01-04 11:00:00,4590.9,4603.96,4569.06,4586.28,806156766
2024-01-04 12:00:00,4586.28,4586.65,4521.49,4545.98,443796691
2024-01-04 13:00:00,4545.98,4561.84,4514.18,4530.69,831298897
2024-01-04 14:00:00,4530.69,4561.33,4500.81,4504.77,1205945260
2024-01-04 15:00:00,4504.77,4533.47,4503.96,4510.05,2123746730
2024-01-05 09:00:00,4526.27,4547.67,4511.49,4525.94,703741668
2024-01-05 10:00:00,4525.94,4603.6,4515.96,4585.31,857660445
2024-01-05 11:00:00,4585.31,4595.53,4544.38,4573.17,418650574
2024-01-05 12:00:00,4573.17,4591.34,4520.78,4543.74,195361674
2024-01-05 13:00:00,4543.74,4550.73,4483.6,4511.31,338927868
2024-01-05 14:00:00,4511.31,4564.78,4510.35,4537.68,522572834
2024-01-05 15:00:00,4537.68,4573.9,4515.09,4538.67,1006071305
2024-01-08 09:00:00,4542.12,4551.08,4527.51,4535.32,687828812
2024-01-08 10:00:00,4535.32,4590.33,4516.07,4516.98,610608764
2024-01-08 11:00:00,4516.98,4548.85,4510.79,4512.26,287465357
2024-01-08 12:00:00,4512.26,4515.47,4468.48,4478.67,131453072
2024-01-08 13:00:00,4478.67,4536.9,4477.9,4522.96,250741097
2024-01-08 14:00:00,4522.96,4586.34,4485.42,4563.56,387555578
2024-01-08 15:00:00,4563.56,4648.03,4561.17,4642.09,701798201
2024-01-09 09:00:00,4662.74,4724.4,4657.63,4715.57,609227951
2024-01-09 10:00:00,4715.57,4716.69,4611.59,4613.97,606638102
2024-01-09 11:00:00,4613.97,4648.3,4576.14,4590.18,298764087
2024-01-09 12:00:00,4590.18,4649.09,4570.99,4640.95,144279712
2024-01-09 13:00:00,4640.95,4646.74,4608.71,4621.63,242011267
2024-01-09 14:00:00,4621.63,4674.25,4611.17,4668.98,412271155
2024-01-09 15:00:00,4668.98,4724.49,4646.22,4720.21,874443202
2024-01-10 09:00:00,4743.13,4789.42,4742.05,4762.02,512842388
2024-01-10 10:00:00,4762.02,4769.08,4710.67,4758.25,409441732
2024-01-10 11:00:00,4758.25,4806.85,4737.07,4795.03,265541932
2024-01-10 12:00:00,4795.03,4826.85,4780.75,4825.16,130733609
2024-01-10 13:00:00,4825.16,4839.3,4793.02,4812.54,212699667
2024-01-10 14:00:00,4812.54,4868.75,4808.66,4865.93,318249635
2024-01-10 15:00:00,4865.93,4928.08,4848.01,4919.98,641722497
2024-01-11 09:00:00,4914.26,4919.94,4888.4,4891.93,718875474
2024-01-11 10:00:00,4891.93,4943.74,4884.12,4938.0,753634233
2024-01-11 11:00:00,4938.0,4941.62,4884.5,4889.99,382108681
2024-01-11 12:00:00,4889.99,4895.87,4844.55,4891.83,189969214
2024-01-11 13:00:00,4891.83,4901.91,4825.77,4845.76,307846794
2024-01-11 14:00:00,4845.76,4879.05,4811.66,4817.69,496175514
2024-01-11 15:00:00,4817.69,4871.27,4817.14,4839.58,915181898
2024-01-12 09:00:00,4858.67,4859.2,4791.39,4803.8,649955424
2024-01-12 10:00:00,4803.8,4814.59,4764.45,4802.91,890064254
2024-01-12 11:00:00,4802.91,4897.07,4791.89,4895.83,350186400
2024-01-12 12:00:00,4895.83,4918.0,4818.33,4843.5,193837494
2024-01-12 13:00:00,4843.5,4858.59,4802.7,4805.39,358730971
2024-01-12 14:00:00,4805.39,4818.3,4766.26,4775.98,515476272
2024-01-12 15:00:00,4775.98,4835.48,4773.66,4817.5,955312904
2024-01-16 09:00:00,4835.81,4863.0,4831.21,4845.32,641062043
2024-01-16 10:00:00,4845.32,4870.63,4813.03,4846.51,724100687
2024-01-16 11:00:00,4846.51,4857.03,4795.03,4808.28,320703110
2024-01-16 12:00:00,4808.28,4809.05,4743.05,4763.53,188025280
2024-01-16 13:00:00,4763.53,4802.63,4739.66,4752.67,295652462
2024-01-16 14:00:00,4752.67,4764.26,4693.09,4694.4,443631957
2024-01-16 15:00:00,4694.4,4710.56,4661.59,4681.33,1092214504
2024-01-17 09:00:00,4652.32,4671.04,4642.76,4659.39,541582308
2024-01-17 10:00:00,4659.39,4667.42,4610.77,4632.28,628941159
2024-01-17 11:00:00,4632.28,4704.05,4622.86,4695.98,311269217
2024-01-17 12:00:00,4695.98,4706.38,4631.27,4635.16,145347675
2024-01-17 13:00:00,4635.16,4639.33,4597.41,4633.99,207631010
2024-01-17 14:00:00,4633.99,4637.11,4590.04,4610.5,407116387
2024-01-17 15:00:00,4610.5,4626.37,4596.8,4616.99,731011480
2024-01-18 09:00:00,4640.66,4650.55,4633.11,4638.16,423658538
2024-01-18 10:00:00,4638.16,4660.36,4620.2,4636.19,437084581
2024-01-18 11:00:00,4636.19,4646.94,4585.93,4592.95,223269632
2024-01-18 12:00:00,4592.95,4608.84,4560.09,4562.66,110675372
2024-01-18 13:00:00,4562.66,4575.42,4527.71,4527.85,196163030
2024-01-18 14:00:00,4527.85,4555.34,4517.4,4536.76,325731435
2024-01-18 15:00:00,4536.76,4557.98,4485.75,4496.93,625299668
2024-01-19 09:00:00,4497.24,4534.2,4491.15,4532.35,746561284
2024-01-19 10:00:00,4532.35,4586.54,4510.47,4571.31,742085834
2024-01-19 11:00:00,4571.31,4588.04,4554.33,4555.57,344769528
2024-01-19 12:00:00,4555.57,4558.67,4513.25,4557.09,195184717
2024-01-19 13:00:00,4557.09,4578.91,4536.8,4563.66,292029926
2024-01-19 14:00:00,4563.66,4601.48,4548.51,4573.93,477175181
2024-01-19 15:00:00,4573.93,4581.04,4539.76,4564.21,1027042470
2024-01-22 09:00:00,4561.2,4583.43,4549.55,4556.5,314368423
2024-01-22 10:00:00,4556.5,4584.09,4541.54,4583.52,405005975
2024-01-22 11:00:00,4583.52,4630.51,4577.45,4596.68,194384481
2024-01-22 12:00:00,4596.68,4609.09,4559.05,4601.4,110884095
2024-01-22 13:00:00,4601.4,4678.48,4595.5,4673.1,152374530
2024-01-22 14:00:00,4673.1,4680.88,4605.22,4614.79,279016553
2024-01-22 15:00:00,4614.79,4670.54,4613.72,4634.62,489715553
2024-01-23 09:00:00,4614.81,4618.4,4579.66,4593.01,547391629
2024-01-23 10:00:00,4593.01,4632.52,4592.77,4624.61,697283243
2024-01-23 11:00:00,4624.61,4665.46,4623.62,4645.64,300977982
2024-01-23 12:00:00,4645.64,4701.72,4636.81,4697.0,177211989
2024-01-23 13:00:00,4697.0,4721.86,4678.42,4716.95,301946150
2024-01-23 14:00:00,4716.95,4772.11,4713.18,4759.15,436406403
2024-01-23 15:00:00,4759.15,4766.89,4724.92,4726.87,961560461
2024-01-24 09:00:00,4735.76,4778.54,4731.12,4766.24,1014119050
2024-01-24 10:00:00,4766.24,4780.21,4726.34,4748.42,1012972199
2024-01-24 11:00:00,4748.42,4799.17,4735.01,4785.84,493340549
2024-01-24 12:00:00,4785.84,4812.7,4755.75,4759.48,250996755
2024-01-24 13:00:00,4759.48,4820.17,4753.72,4817.4,453506622
2024-01-24 14:00:00,4817.4,4864.87,4815.31,4849.66,656613852
2024-01-24 15:00:00,4849.66,4902.07,4826.31,4886.96,1307588866
2024-01-25 09:00:00,4887.22,4914.85,4874.23,4886.31,407432449
2024-01-25 10:00:00,4886.31,4891.62,4837.12,4867.15,444185450
2024-01-25 11:00:00,4867.15,4882.81,4818.3,4839.03,232644253
2024-01-25 12:00:00,4839.03,4848.92,4780.81,4847.32,119519224
2024-01-25 13:00:00,4847.32,4851.45,4797.15,4832.44,204164619
2024-01-25 14:00:00,4832.44,4848.44,4773.99,4782.28,271244994
2024-01-25 15:00:00,4782.28,4816.25,4767.8,4776.92,576389362
2024-01-26 09:00:00,4739.88,4765.76,4722.16,4764.7,789510855
2024-01-26 10:00:00,4764.7,4787.56,4738.84,4747.31,1075180676
2024-01-26 11:00:00,4747.31,4788.96,4717.79,4779.25,440036551
2024-01-26 12:00:00,4779.25,4877.46,4776.69,4874.17,247398697
2024-01-26 13:00:00,4874.17,4896.18,4836.36,4842.66,452522458
2024-01-26 14:00:00,4842.66,4873.21,4802.26,4805.72,623969313
2024-01-26 15:00:00,4805.72,4852.23,4805.33,4840.38,1364830562
2024-01-29 09:00:00,4830.91,4832.67,4774.92,4782.09,641122512
2024-01-29 10:00:00,4782.09,4802.67,4747.1,4759.5,716192890
2024-01-29 11:00:00,4759.5,4781.84,4737.43,4750.74,385231650
2024-01-29 12:00:00,4750.74,4799.21,4742.88,4795.54,192648757
2024-01-29 13:00:00,4795.54,4836.83,4793.25,4824.56,310361203
2024-01-29 14:00:00,4824.56,4827.99,4781.97,4786.8,491033322
2024-01-29 15:00:00,4786.8,4810.77,4751.12,4797.91,1068128542
2024-01-30 09:00:00,4780.17,4814.02,4771.34,4808.76,822750989
2024-01-30 10:00:00,4808.76,4890.91,4801.82,4877.12,847682767
2024-01-30 11:00:00,4877.12,4882.5,4847.06,4872.28,383755084
2024-01-30 12:00:00,4872.28,4909.57,4864.71,4882.28,213331658
2024-01-30 13:00:00,4882.28,4895.5,4843.76,4870.43,385926188
2024-01-30 14:00:00,4870.43,4875.12,4838.79,4861.07,557206778
2024-01-30 15:00:00,4861.07,4904.2,4826.59,4848.32,919255848
2024-01-31 09:00:00,4828.5,4855.31,4817.7,4848.75,539535088
2024-01-31 10:00:00,4848.75,4853.46,4815.15,4832.0,494369051
2024-01-31 11:00:00,4832.0,4839.6,4808.58,4823.38,268608505
2024-01-31 12:00:00,4823.38,4842.36,4802.09,4803.48,139636977
2024-01-31 13:00:00,4803.48,4804.61,4769.48,4802.04,272371068
2024-01-31 14:00:00,4802.04,4805.39,4766.1,4783.84,385442087
2024-01-31 15:00:00,4783.84,4842.87,4781.43,4835.83,771789678
2024-02-01 09:00:00,4791.59,4811.35,4784.77,4808.85,665628975
2024-02-01 10:00:00,4808.85,4857.73,4802.78,4850.36,689310800
2024-02-01 11:00:00,4850.36,4861.49,4843.67,4853.15,327355712
2024-02-01 12:00:00,4853.15,4881.87,4821.21,4873.8,201002627
2024-02-01 13:00:00,4873.8,4899.05,4865.12,4874.7,315413003
2024-02-01 14:00:00,4874.7,4916.44,4871.06,4893.2,458868377
2024-02-01 15:00:00,4893.2,4907.4,4859.98,4896.91,955820400
2024-02-02 09:00:00,4897.9,4912.52,4896.24,4898.44,467508197
2024-02-02 10:00:00,4898.44,4914.11,4886.59,4900.27,586375004
2024-02-02 11:00:00,4900.27,4910.55,4879.6,4909.9,264150926
2024-02-02 12:00:00,4909.9,4918.48,4872.6,4877.04,138872380
2024-02-02 13:00:00,4877.04,4898.93,4869.74,4870.86,230008778
2024-02-02 14:00:00,4870.86,4875.07,4824.51,4831.92,370568151
2024-02-02 15:00:00,4831.92,4835.3,4793.99,4804.52,674951466
2024-02-05 09:00:00,4793.07,4811.48,4780.32,4811.39,623568110
2024-02-05 10:00:00,4811.39,4839.32,4798.66,4833.11,568565200
2024-02-05 11:00:00,4833.11,4857.05,4820.52,4850.62,295069010
2024-02-05 12:00:00,4850.62,4851.86,4822.13,4837.96,143094669
2024-02-05 13:00:00,4837.96,4904.88,4834.5,4901.81,241386053
2024-02-05 14:00:00,4901.81,4916.1,4893.81,4910.44,384962265
2024-02-05 15:00:00,4910.44,4918.13,4884.35,4916.95,749443762
2024-02-06 09:00:00,4915.05,4954.04,4909.25,4935.69,694340616
2024-02-06 10:00:00,4935.69,4945.97,4912.47,4939.99,735557381
2024-02-06 11:00:00,4939.99,4956.77,4931.77,4950.04,345512569
2024-02-06 12:00:00,4950.04,4954.91,4892.55,4928.05,194665289
2024-02-06 13:00:00,4928.05,4929.16,4877.94,4893.01,341477669
2024-02-06 14:00:00,4893.01,4934.95,4879.7,4927.2,542578077
2024-02-06 15:00:00,4927.2,4947.33,4926.25,4939.18,1011950737
2024-02-07 09:00:00,4945.52,4946.27,4920.48,4922.46,826389032
2024-02-07 10:00:00,4922.46,4944.47,4911.9,4916.44,833915631
2024-02-07 11:00:00,4916.44,4925.13,4894.29,4897.87,392222570
2024-02-07 12:00:00,4897.87,4933.36,4896.8,4925.91,211298768
2024-02-07 13:00:00,4925.91,4946.57,4915.08,4925.31,329081147
2024-02-07 14:00:00,4925.31,4931.33,4907.88,4919.72,585561316
2024-02-07 15:00:00,4919.72,4961.79,4915.13,4954.06,1139372918
2024-02-08 09:00:00,4956.68,4993.11,4949.83,4990.93,457943309
2024-02-08 10:00:00,4990.93,5028.11,4982.45,5022.34,510255347
2024-02-08 11:00:00,5022.34,5066.44,5015.19,5033.78,238216657
2024-02-08 12:00:00,5033.78,5089.98,5025.77,5089.77,130193611
2024-02-08 13:00:00,5089.77,5123.31,5082.61,5094.99,217778370
2024-02-08 14:00:00,5094.99,5128.66,5088.48,5114.02,317395754
2024-02-08 15:00:00,5114.02,5115.59,5042.65,5045.3,737850981
2024-02-09 09:00:00,5063.04,5069.12,5049.06,5060.96,579921151
2024-02-09 10:00:00,5060.96,5119.86,5060.79,5093.44,822464357
2024-02-09 11:00:00,5093.44,5097.83,5063.59,5097.72,340711329
2024-02-09 12:00:00,5097.72,5118.02,5095.03,5112.39,193102180
2024-02-09 13:00:00,5112.39,5153.37,5104.91,5150.38,313938948
2024-02-09 14:00:00,5150.38,5182.61,5140.41,5176.9,479170931
2024-02-09 15:00:00,5176.9,5186.08,5143.76,5154.17,1034721438
2024-02-12 09:00:00,5139.62,5156.3,5137.79,5148.7,791766694
2024-02-12 10:00:00,5148.7,5209.39,5146.53,5204.53,873858027
2024-02-12 11:00:00,5204.53,5247.1,5200.41,5246.6,436468180
2024-02-12 12:00:00,5246.6,5284.32,5237.01,5268.75,229860594
2024-02-12 13:00:00,5268.75,5274.09,5232.68,5233.67,381895608
2024-02-12 14:00:00,5233.67,5282.9,5229.85,5264.94,547173584
2024-02-12 15:00:00,5264.94,5297.14,5256.85,5268.48,1204973742
2024-02-13 09:00:00,5259.34,5282.36,5251.92,5266.23,993001310
2024-02-13 10:00:00,5266.23,5268.01,5234.0,5251.33,1099529170
2024-02-13 11:00:00,5251.33,5268.0,5234.67,5236.37,583959925
2024-02-13 12:00:00,5236.37,5284.38,5227.83,5283.51,261582607
2024-02-13 13:00:00,5283.51,5298.38,5252.84,5258.17,423805136
2024-02-13 14:00:00,5258.17,5261.56,5190.51,5196.15,606421884
2024-02-13 15:00:00,5196.15,5201.69,5179.06,5200.15,1324514250
2024-02-14 09:00:00,5231.95,5240.46,5215.79,5227.58,775900556
2024-02-14 10:00:00,5227.58,5282.13,5223.5,5281.17,868057512
2024-02-14 11:00:00,5281.17,5281.51,5220.96,5225.74,423146468
2024-02-14 12:00:00,5225.74,5235.49,5186.8,5207.29,184644616
2024-02-14 13:00:00,5207.29,5211.11,5156.9,5165.65,348789574
2024-02-14 14:00:00,5165.65,5196.99,5157.8,5168.41,561231142
2024-02-14 15:00:00,5168.41,5185.54,5155.26,5174.06,1048225640
2024-02-15 09:00:00,5184.32,5199.19,5176.67,5178.72,571713100
2024-02-15 10:00:00,5178.72,5188.12,5150.31,5163.36,652829277
2024-02-15 11:00:00,5163.36,5193.28,5154.12,5190.93,326656293
2024-02-15 12:00:00,5190.93,5230.55,5189.03,5208.73,144956346
2024-02-15 13:00:00,5208.73,5212.25,5176.68,5180.49,281055043
2024-02-15 14:00:00,5180.49,5185.76,5123.47,5134.09,409079990
2024-02-15 15:00:00,5134.09,5171.82,5127.5,5156.65,736147708
2024-02-16 09:00:00,5170.27,5185.08,5152.48,5184.7,570572570
2024-02-16 10:00:00,5184.7,5239.17,5180.73,5236.71,588307968
2024-02-16 11:00:00,5236.71,5275.62,5233.88,5266.73,320853205
2024-02-16 12:00:00,5266.73,5294.31,5256.05,5284.22,153972614
2024-02-16 13:00:00,5284.22,5285.04,5249.73,5264.55,264228451
2024-02-16 14:00:00,5264.55,5285.2,5250.44,5250.94,387167124
2024-02-16 15:00:00,5250.94,5292.07,5250.05,5288.79,783788787
2024-02-20 09:00:00,5304.23,5328.93,5302.73,5311.9,713020856
2024-02-20 10:00:00,5311.9,5320.93,5278.56,5279.15,894370178
2024-02-20 11:00:00,5279.15,5280.1,5235.78,5237.39,406733812
2024-02-20 12:00:00,5237.39,5266.66,5225.61,5251.83,222420953
2024-02-20 13:00:00,5251.83,5251.98,5227.88,5239.77,364581943
2024-02-20 14:00:00,5239.77,5247.29,5218.14,5232.62,605773965
2024-02-20 15:00:00,5232.62,5264.03,5222.41,5260.48,1095293906
2024-02-21 09:00:00,5247.78,5248.53,5195.72,5215.92,442721645
2024-02-21 10:00:00,5215.92,5217.45,5160.98,5164.98,499954647
2024-02-21 11:00:00,5164.98,5208.0,5164.94,5188.96,239268673
2024-02-21 12:00:00,5188.96,5209.05,5167.37,5175.59,115595315
2024-02-21 13:00:00,5175.59,5204.09,5160.37,5196.61,206318504
2024-02-21 14:00:00,5196.61,5222.94,5186.13,5210.72,333880740
2024-02-21 15:00:00,5210.72,5215.03,5159.24,5167.06,663716899
2024-02-22 09:00:00,5153.66,5168.61,5137.11,5153.03,475115348
2024-02-22 10:00:00,5153.03,5190.54,5144.25,5167.19,539161105
2024-02-22 11:00:00,5167.19,5183.37,5145.36,5178.49,244039475
2024-02-22 12:00:00,5178.49,5191.11,5123.26,5127.23,163065852
2024-02-22 13:00:00,5127.23,5155.84,5107.03,5143.61,235604787
2024-02-22 14:00:00,5143.61,5182.48,5130.02,5146.14,377629654
2024-02-22 15:00:00,5146.14,5162.34,5124.11,5138.01,676685976
2024-02-23 09:00:00,5150.39,5164.61,5131.66,5141.27,1060517094
2024-02-23 10:00:00,5141.27,5149.82,5125.64,5133.83,1044497009
2024-02-23 11:00:00,5133.83,5142.02,5096.46,5110.26,588836073
2024-02-23 12:00:00,5110.26,5124.77,5094.3,5112.91,288448275
2024-02-23 13:00:00,5112.91,5168.08,5110.9,5154.82,520474726
2024-02-23 14:00:00,5154.82,5184.11,5142.71,5163.0,820671415
2024-02-23 15:00:00,5163.0,5177.11,5140.53,5144.79,1479779563
2024-02-26 09:00:00,5111.75,5123.18,5094.48,5098.31,855199021
2024-02-26 10:00:00,5098.31,5111.62,5064.41,5072.02,1004493978
2024-02-26 11:00:00,5072.02,5105.16,5060.89,5104.63,445896716
2024-02-26 12:00:00,5104.63,5110.94,5078.5,5098.02,261196298
2024-02-26 13:00:00,5098.02,5105.58,5079.34,5095.41,357520599
2024-02-26 14:00:00,5095.41,5101.71,5058.45,5081.56,569184297
2024-02-26 15:00:00,5081.56,5105.3,5076.73,5094.43,1127176534
2024-02-27 09:00:00,5122.72,5134.01,5104.48,5110.93,359072966
2024-02-27 10:00:00,5110.93,5131.27,5100.14,5118.97,427830542
2024-02-27 11:00:00,5118.97,5128.76,5087.79,5090.1,208461530
2024-02-27 12:00:00,5090.1,5106.57,5066.99,5074.15,101897758
2024-02-27 13:00:00,5074.15,5125.77,5071.18,5093.24,190354581
2024-02-27 14:00:00,5093.24,5132.3,5081.44,5122.56,309588686
2024-02-27 15:00:00,5122.56,5138.68,5099.31,5106.82,506224374
2024-02-28 09:00:00,5071.28,5089.09,5056.42,5057.88,521722513
2024-02-28 10:00:00,5057.88,5072.83,5049.4,5062.82,526498905
2024-02-28 11:00:00,5062.82,5071.56,5036.66,5040.62,237269767
2024-02-28 12:00:00,5040.62,5083.82,5039.49,5053.69,124862747
2024-02-28 13:00:00,5053.69,5083.66,5048.34,5070.42,237392736
2024-02-28 14:00:00,5070.42,5098.56,5052.27,5091.85,292507972
2024-02-28 15:00:00,5091.85,5113.25,5074.04,5105.08,703780182
2024-02-29 09:00:00,5097.7,5110.19,5090.17,5098.26,893871274
2024-02-29 10:00:00,5098.26,5124.25,5093.65,5118.35,1095792997
2024-02-29 11:00:00,5118.35,5138.5,5104.1,5119.84,481947027
2024-02-29 12:00:00,5119.84,5129.01,5093.65,5113.19,271923158
2024-02-29 13:00:00,5113.19,5158.75,5111.22,5155.68,406247286
2024-02-29 14:00:00,5155.68,5167.9,5129.69,5132.92,663606344
2024-02-29 15:00:00,5132.92,5141.53,5087.5,5097.54,1110094333
2024-03-01 09:00:00,5095.83,5107.53,5078.97,5090.98,808660770
2024-03-01 10:00:00,5090.98,5128.66,5089.7,5101.91,1061963050
2024-03-01 11:00:00,5101.91,5107.29,5067.35,5085.78,499905722
2024-03-01 12:00:00,5085.78,5123.94,5063.58,5121.91,270057115
2024-03-01 13:00:00,5121.91,5123.24,5062.64,5101.41,451714068
2024-03-01 14:00:00,5101.41,5123.43,5089.86,5110.62,766293332
2024-03-01 15:00:00,5110.62,5121.44,5088.36,5102.49,1432790309
2024-03-04 09:00:00,5116.22,5137.93,5115.69,5137.03,662505334
2024-03-04 10:00:00,5137.03,5139.58,5103.1,5121.05,691385069
2024-03-04 11:00:00,5121.05,5131.05,5098.37,5119.97,326270514
2024-03-04 12:00:00,5119.97,5134.98,5066.58,5077.95,191768998
2024-03-04 13:00:00,5077.95,5106.85,5074.35,5092.69,274053453
2024-03-04 14:00:00,5092.69,5110.52,5076.3,5080.23,441942870
2024-03-04 15:00:00,5080.23,5083.84,5043.53,5070.21,876944188
2024-03-05 09:00:00,5069.6,5075.55,5054.81,5062.16,425007625
2024-03-05 10:00:00,5062.16,5089.5,5048.55,5085.59,443965677
2024-03-05 11:00:00,5085.59,5119.23,5066.18,5108.03,251021831
2024-03-05 12:00:00,5108.03,5118.49,5072.01,5082.38,117507825
2024-03-05 13:00:00,5082.38,5128.8,5081.06,5112.65,225275334
2024-03-05 14:00:00,5112.65,5152.23,5107.17,5121.18,313365090
2024-03-05 15:00:00,5121.18,5123.39,5055.41,5056.84,648017215
2024-03-06 09:00:00,5032.61,5040.02,5014.63,5029.96,399847551
2024-03-06 10:00:00,5029.96,5033.11,4976.82,4997.66,442434909
2024-03-06 11:00:00,4997.66,5016.95,4991.25,5000.44,218143556
2024-03-06 12:00:00,5000.44,5066.77,4992.97,5056.32,99544376
2024-03-06 13:00:00,5056.32,5081.72,5049.72,5061.95,187308457
2024-03-06 14:00:00,5061.95,5089.43,5057.73,5072.43,322892803
2024-03-06 15:00:00,5072.43,5106.2,5066.59,5083.67,569131084
2024-03-07 09:00:00,5049.78,5064.55,5039.73,5054.06,596706281
2024-03-07 10:00:00,5054.06,5064.56,5018.48,5023.42,666196104
2024-03-07 11:00:00,5023.42,5033.65,4984.97,4993.87,312824332
2024-03-07 12:00:00,4993.87,5001.56,4974.64,4992.79,162636759
2024-03-07 13:00:00,4992.79,5006.99,4987.75,5004.61,233764227
2024-03-07 14:00:00,5004.61,5052.72,4990.57,5038.98,440933434
2024-03-07 15:00:00,5038.98,5068.35,5013.28,5036.33,830485717
2024-03-08 09:00:00,5048.56,5065.86,5027.95,5057.32,1117567759
2024-03-08 10:00:00,5057.32,5115.16,5050.89,5111.58,1096291027
2024-03-08 11:00:00,5111.58,5118.61,5079.88,5093.81,484812298
2024-03-08 12:00:00,5093.81,5095.2,5051.68,5067.28,275072462
2024-03-08 13:00:00,5067.28,5093.48,5062.43,5077.06,516654708
2024-03-08 14:00:00,5077.06,5112.67,5076.43,5095.37,793798161
2024-03-08 15:00:00,5095.37,5138.72,5083.22,5127.08,1432658665
2024-03-11 09:00:00,5141.59,5145.36,5123.95,5144.04,1028621961
2024-03-11 10:00:00,5144.04,5208.74,5142.87,5201.85,1115090109
2024-03-11 11:00:00,5201.85,5204.13,5171.56,5199.97,533067233
2024-03-11 12:00:00,5199.97,5217.36,5178.81,5185.51,291214649
2024-03-11 13:00:00,5185.51,5232.69,5181.18,5217.59,490642887
2024-03-11 14:00:00,5217.59,5225.42,5186.16,5206.71,700110987
2024-03-11 15:00:00,5206.71,5226.08,5202.88,5222.9,1340516318
2024-03-12 09:00:00,5216.72,5258.04,5207.25,5241.58,575844270
2024-03-12 10:00:00,5241.58,5262.93,5233.61,5257.77,631146302
2024-03-12 11:00:00,5257.77,5270.33,5245.63,5264.86,280983708
2024-03-12 12:00:00,5264.86,5277.28,5244.91,5248.9,137491382
2024-03-12 13:00:00,5248.9,5272.12,5233.95,5248.15,226543634
2024-03-12 14:00:00,5248.15,5255.41,5214.63,5224.95,375492896
2024-03-12 15:00:00,5224.95,5261.4,5224.13,5233.57,868905375
2024-03-13 09:00:00,5230.72,5251.11,5230.36,5240.03,406826201
2024-03-13 10:00:00,5240.03,5240.7,5190.24,5204.46,411299106
2024-03-13 11:00:00,5204.46,5211.3,5142.24,5151.81,205011113
2024-03-13 12:00:00,5151.81,5153.14,5113.75,5114.2,109855743
2024-03-13 13:00:00,5114.2,5119.17,5092.01,5112.87,168596126
2024-03-13 14:00:00,5112.87,5130.34,5082.81,5092.05,308295316
2024-03-13 15:00:00,5092.05,5094.85,5042.61,5058.07,595697402
2024-03-14 09:00:00,5075.84,5077.17,5053.26,5063.94,703413899
2024-03-14 10:00:00,5063.94,5097.83,5042.12,5093.52,840240989
2024-03-14 11:00:00,5093.52,5120.99,5091.01,5115.51,347872323
2024-03-14 12:00:00,5115.51,5143.51,5094.91,5130.57,221868126
2024-03-14 13:00:00,5130.57,5158.99,5120.7,5126.33,361053866
2024-03-14 14:00:00,5126.33,5135.89,5058.7,5084.35,534975053
2024-03-14 15:00:00,5084.35,5119.02,5081.15,5115.69,989974469
2024-03-15 09:00:00,5107.26,5130.22,5103.78,5127.42,581675433
2024-03-15 10:00:00,5127.42,5161.41,5115.78,5133.22,635777782
2024-03-15 11:00:00,5133.22,5178.82,5132.09,5174.2,303347081
2024-03-15 12:00:00,5174.2,5209.36,5166.93,5208.56,168800438
2024-03-15 13:00:00,5208.56,5209.82,5163.97,5170.82,276921591
2024-03-15 14:00:00,5170.82,5197.98,5158.31,5192.17,445885430
2024-03-15 15:00:00,5192.17,5248.51,5185.83,5231.51,739239447
2024-03-18 09:00:00,5217.47,5231.07,5209.47,5219.36,745383746
2024-03-18 10:00:00,5219.36,5257.24,5218.85,5237.79,727896721
2024-03-18 11:00:00,5237.79,5237.85,5210.21,5233.56,326527484
2024-03-18 12:00:00,5233.56,5268.68,5220.61,5260.6,190707319
2024-03-18 13:00:00,5260.6,5267.94,5233.7,5263.72,280950025
2024-03-18 14:00:00,5263.72,5330.42,5259.57,5327.99,511301774
2024-03-18 15:00:00,5327.99,5341.32,5317.78,5321.07,1048392488
2024-03-19 09:00:00,5346.08,5366.66,5340.65,5340.94,931371438
2024-03-19 10:00:00,5340.94,5363.13,5310.37,5311.64,936463152
2024-03-19 11:00:00,5311.64,5327.41,5274.98,5322.63,409808699
2024-03-19 12:00:00,5322.63,5352.7,5313.85,5346.67,221485150
2024-03-19 13:00:00,5346.67,5365.47,5337.07,5347.75,401065326
2024-03-19 14:00:00,5347.75,5365.81,5322.46,5358.02,662030949
2024-03-19 15:00:00,5358.02,5362.62,5331.66,5335.39,1237313399
2024-03-20 09:00:00,5348.08,5356.97,5335.89,5348.34,656360683
2024-03-20 10:00:00,5348.34,5369.55,5339.66,5355.69,689409931
2024-03-20 11:00:00,5355.69,5363.78,5305.58,5311.22,293884856
2024-03-20 12:00:00,5311.22,5331.86,5291.38,5326.69,178682010
2024-03-20 13:00:00,5326.69,5336.88,5298.75,5316.93,264014203
2024-03-20 14:00:00,5316.93,5325.53,5287.94,5298.24,432408729
2024-03-20 15:00:00,5298.24,5332.35,5290.23,5313.21,896378828
2024-03-21 09:00:00,5327.81,5327.87,5306.75,5306.89,768429109
2024-03-21 10:00:00,5306.89,5347.38,5302.78,5342.27,958295572
2024-03-21 11:00:00,5342.27,5351.6,5315.97,5335.14,441492878
2024-03-21 12:00:00,5335.14,5351.79,5319.8,5338.43,221987829
2024-03-21 13:00:00,5338.43,5353.67,5320.19,5348.65,312971880
2024-03-21 14:00:00,5348.65,5375.7,5334.99,5370.83,518123744
2024-03-21 15:00:00,5370.83,5393.48,5341.82,5388.56,1074221608
2024-03-22 09:00:00,5382.88,5419.95,5380.26,5417.98,755881500
2024-03-22 10:00:00,5417.98,5432.16,5410.17,5420.17,727818280
2024-03-22 11:00:00,5420.17,5443.89,5397.71,5401.63,342070591
2024-03-22 12:00:00,5401.63,5412.43,5380.52,5399.31,233984671
2024-03-22 13:00:00,5399.31,5423.0,5386.77,5409.58,320619037
2024-03-22 14:00:00,5409.58,5431.3,5390.6,5428.18,484037966
2024-03-22 15:00:00,5428.18,5466.01,5422.84,5445.14,1070966011
2024-03-25 09:00:00,5459.8,5476.08,5430.87,5439.35,872451448
2024-03-25 10:00:00,5439.35,5445.47,5409.05,5428.88,951524544
2024-03-25 11:00:00,5428.88,5517.45,5410.95,5477.88,527885947
2024-03-25 12:00:00,5477.88,5497.27,5450.42,5456.95,284297075
2024-03-25 13:00:00,5456.95,5459.0,5388.73,5402.76,407135384
2024-03-25 14:00:00,5402.76,5416.61,5363.44,5371.97,740748062
2024-03-25 15:00:00,5371.97,5400.58,5363.69,5392.6,1479188192
2024-03-26 09:00:00,5410.29,5441.15,5404.89,5436.3,468798310
2024-03-26 10:00:00,5436.3,5438.08,5370.81,5406.3,514777608
2024-03-26 11:00:00,5406.3,5437.78,5384.18,5431.69,287874756
2024-03-26 12:00:00,5431.69,5433.67,5401.54,5427.5,150496017
2024-03-26 13:00:00,5427.5,5438.1,5408.26,5418.15,209093378
2024-03-26 14:00:00,5418.15,5425.64,5391.19,5421.48,355527384
2024-03-26 15:00:00,5421.48,5438.83,5403.14,5423.49,703889368
2024-03-27 09:00:00,5392.54,5395.87,5365.92,5366.6,926126971
2024-03-27 10:00:00,5366.6,5402.04,5363.65,5373.39,878321691
2024-03-27 11:00:00,5373.39,5442.89,5373.37,5441.88,428779330
2024-03-27 12:00:00,5441.88,5456.87,5415.18,5439.9,207595994
2024-03-27 13:00:00,5439.9,5462.37,5424.55,5461.9,343208036
2024-03-27 14:00:00,5461.9,5472.83,5439.33,5459.01,506995553
2024-03-27 15:00:00,5459.01,5464.61,5423.06,5424.97,1078127878
2024-03-28 09:00:00,5417.82,5443.37,5412.15,5442.24,558538848
2024-03-28 10:00:00,5442.24,5445.62,5363.07,5381.25,623701594
2024-03-28 11:00:00,5381.25,5411.28,5353.25,5384.45,305164622
2024-03-28 12:00:00,5384.45,5397.49,5367.25,5391.35,158318655
2024-03-28 13:00:00,5391.35,5406.54,5346.0,5386.75,239224494
2024-03-28 14:00:00,5386.75,5387.74,5332.91,5340.3,395483794
2024-03-28 15:00:00,5340.3,5401.99,5334.48,5389.24,760487636
2024-04-01 09:00:00,5350.92,5365.85,5330.53,5332.66,438217418
2024-04-01 10:00:00,5332.66,5397.13,5329.01,5363.55,471392761
2024-04-01 11:00:00,5363.55,5382.49,5347.5,5363.63,232229057
2024-04-01 12:00:00,5363.63,5401.6,5339.57,5392.03,130047329
2024-04-01 13:00:00,5392.03,5409.39,5366.96,5378.65,192779161
2024-04-01 14:00:00,5378.65,5399.58,5358.63,5397.51,289096040
2024-04-01 15:00:00,5397.51,5448.7,5386.66,5401.61,663254000
2024-04-02 09:00:00,5418.98,5434.98,5404.14,5408.24,702515811
2024-04-02 10:00:00,5408.24,5413.02,5380.44,5397.28,670472129
2024-04-02 11:00:00,5397.28,5401.07,5341.81,5347.95,367999438
2024-04-02 12:00:00,5347.95,5356.82,5322.01,5352.72,210896772
2024-04-02 13:00:00,5352.72,5353.18,5321.58,5338.56,323285825
2024-04-02 14:00:00,5338.56,5343.12,5275.84,5277.93,513789990
2024-04-02 15:00:00,5277.93,5301.26,5262.49,5297.74,974757213
2024-04-03 09:00:00,5309.78,5320.97,5278.51,5281.16,1334612784
2024-04-03 10:00:00,5281.16,5286.67,5245.72,5248.41,1469071771
2024-04-03 11:00:00,5248.41,5307.09,5239.96,5300.61,677122801
2024-04-03 12:00:00,5300.61,5316.82,5270.19,5308.56,363930299
2024-04-03 13:00:00,5308.56,5348.6,5307.39,5319.23,556667378
2024-04-03 14:00:00,5319.23,5320.65,5284.04,5307.35,840726766
2024-04-03 15:00:00,5307.35,5354.42,5297.63,5345.1,1694765721
2024-04-04 09:00:00,5339.34,5340.84,5288.59,5301.17,868295135
2024-04-04 10:00:00,5301.17,5333.97,5300.61,5322.49,725683211
2024-04-04 11:00:00,5322.49,5362.11,5321.19,5326.04,373003696
2024-04-04 12:00:00,5326.04,5386.93,5324.24,5386.29,186189570
2024-04-04 13:00:00,5386.29,5428.65,5382.61,5422.51,335620610
2024-04-04 14:00:00,5422.51,5422.72,5377.29,5380.3,485735026
2024-04-04 15:00:00,5380.3,5405.24,5367.49,5388.92,1093959829
2024-04-05 09:00:00,5427.92,5438.49,5408.7,5437.74,441772822
2024-04-05 10:00:00,5437.74,5443.65,5390.35,5409.35,429226392
2024-04-05 11:00:00,5409.35,5422.01,5369.98,5385.18,239697815
2024-04-05 12:00:00,5385.18,5389.41,5326.33,5334.37,114889790
2024-04-05 13:00:00,5334.37,5367.06,5322.99,5343.85,190858036
2024-04-05 14:00:00,5343.85,5350.1,5308.91,5321.31,301778311
2024-04-05 15:00:00,5321.31,5330.74,5279.49,5319.25,576717231
2024-04-08 09:00:00,5347.68,5351.16,5308.54,5312.96,1100443765
2024-04-08 10:00:00,5312.96,5370.39,5308.93,5366.94,1138069115
2024-04-08 11:00:00,5366.94,5404.36,5363.98,5380.46,564347554
2024-04-08 12:00:00,5380.46,5395.03,5361.88,5393.84,246988573
2024-04-08 13:00:00,5393.84,5404.95,5355.45,5360.88,453892699
2024-04-08 14:00:00,5360.88,5384.6,5356.6,5377.2,702781420
2024-04-08 15:00:00,5377.2,5394.19,5365.17,5373.8,1359853337
2024-04-09 09:00:00,5367.61,5399.42,5349.94,5397.47,1563245723
2024-04-09 10:00:00,5397.47,5413.66,5384.9,5387.63,1336309767
2024-04-09 11:00:00,5387.63,5431.04,5380.78,5412.49,702523822
2024-04-09 12:00:00,5412.49,5450.4,5397.48,5427.99,419535066
2024-04-09 13:00:00,5427.99,5467.45,5424.44,5457.39,595081405
2024-04-09 14:00:00,5457.39,5476.38,5446.29,5463.88,950674113
2024-04-09 15:00:00,5463.88,5466.39,5428.65,5441.52,2010422906
2024-04-10 09:00:00,5441.78,5473.62,5434.36,5469.25,424994951
2024-04-10 10:00:00,5469.25,5510.07,5465.23,5487.63,379942270
2024-04-10 11:00:00,5487.63,5492.37,5454.55,5481.86,189740227
2024-04-10 12:00:00,5481.86,5493.79,5449.19,5464.01,101741604
2024-04-10 13:00:00,5464.01,5469.19,5436.72,5441.27,153278273
2024-04-10 14:00:00,5441.27,5468.71,5427.79,5454.54,264665520
2024-04-10 15:00:00,5454.54,5487.37,5426.05,5427.63,539427189
2024-04-11 09:00:00,5472.0,5512.36,5435.09,5506.08,538809996
2024-04-11 10:00:00,5506.08,5509.32,5462.58,5471.83,526885941
2024-04-11 11:00:00,5471.83,5506.57,5460.72,5500.96,223487979
2024-04-11 12:00:00,5500.96,5530.42,5493.33,5526.76,147217084
2024-04-11 13:00:00,5526.76,5552.49,5521.94,5542.66,215049446
2024-04-11 14:00:00,5542.66,5558.95,5524.24,5552.34,394006026
2024-04-11 15:00:00,5552.34,5557.43,5525.52,5528.86,693300739
2024-04-12 09:00:00,5543.81,5564.61,5532.15,5542.26,700068003
2024-04-12 10:00:00,5542.26,5551.98,5513.12,5514.13,830871098
2024-04-12 11:00:00,5514.13,5537.4,5476.81,5491.91,426458604
2024-04-12 12:00:00,5491.91,5561.02,5464.82,5559.27,200772347
2024-04-12 13:00:00,5559.27,5601.36,5554.81,5598.68,348263084
2024-04-12 14:00:00,5598.68,5617.33,5591.44,5601.32,585863501
2024-04-12 15:00:00,5601.32,5605.14,5573.63,5574.71,1046013859
2024-04-15 09:00:00,5572.81,5594.47,5562.38,5587.73,615889090
2024-04-15 10:00:00,5587.73,5591.1,5544.59,5553.03,698735699
2024-04-15 11:00:00,5553.03,5617.4,5552.0,5592.59,343915518
2024-04-15 12:00:00,5592.59,5621.0,5587.31,5605.89,152428416
2024-04-15 13:00:00,5605.89,5640.34,5572.46,5636.28,314697718
2024-04-15 14:00:00,5636.28,5671.01,5629.67,5650.46,441798427
2024-04-15 15:00:00,5650.46,5662.01,5617.87,5637.4,808851517
2024-04-16 09:00:00,5608.91,5630.22,5597.18,5614.53,989986299
2024-04-16 10:00:00,5614.53,5715.75,5612.22,5712.87,1171987596
2024-04-16 11:00:00,5712.87,5725.19,5688.61,5701.83,529930216
2024-04-16 12:00:00,5701.83,5719.43,5681.99,5685.55,276722487
2024-04-16 13:00:00,5685.55,5688.86,5618.19,5619.77,396332841
2024-04-16 14:00:00,5619.77,5629.72,5601.23,5614.74,775989236
2024-04-16 15:00:00,5614.74,5639.8,5599.89,5638.3,1514252173
2024-04-17 09:00:00,5665.02,5669.11,5634.87,5643.85,576175864
2024-04-17 10:00:00,5643.85,5652.21,5627.78,5647.81,705510216
2024-04-17 11:00:00,5647.81,5670.18,5635.93,5659.77,277174961
2024-04-17 12:00:00,5659.77,5698.32,5642.61,5654.43,137199330
2024-04-17 13:00:00,5654.43,5676.51,5641.45,5645.27,237322585
2024-04-17 14:00:00,5645.27,5656.81,5612.38,5615.2,420034818
2024-04-17 15:00:00,5615.2,5649.39,5595.44,5632.26,813687888
2024-04-18 09:00:00,5621.14,5639.45,5608.87,5609.15,636165579
2024-04-18 10:00:00,5609.15,5651.72,5608.76,5645.35,770919767
2024-04-18 11:00:00,5645.35,5695.81,5643.85,5687.34,341086194
2024-04-18 12:00:00,5687.34,5687.47,5646.69,5660.65,208864565
2024-04-18 13:00:00,5660.65,5681.32,5650.7,5660.54,343196684
2024-04-18 14:00:00,5660.54,5677.52,5636.41,5676.43,583994648
2024-04-18 15:00:00,5676.43,5679.99,5627.15,5630.05,1028387055
2024-04-19 09:00:00,5648.91,5684.9,5640.25,5681.4,935019371
2024-04-19 10:00:00,5681.4,5700.57,5640.37,5688.39,852904187
2024-04-19 11:00:00,5688.39,5712.56,5684.92,5707.26,414442081
2024-04-19 12:00:00,5707.26,5722.88,5689.11,5706.02,236021201
2024-04-19 13:00:00,5706.02,5754.57,5703.26,5719.21,356310688
2024-04-19 14:00:00,5719.21,5760.32,5717.03,5759.29,591753970
2024-04-19 15:00:00,5759.29,5770.89,5699.51,5706.9,1114636148
2024-04-22 09:00:00,5700.92,5716.38,5674.09,5675.07,639403804
2024-04-22 10:00:00,5675.07,5730.63,5664.04,5727.71,598465690
2024-04-22 11:00:00,5727.71,5736.03,5675.39,5686.26,312620742
2024-04-22 12:00:00,5686.26,5721.19,5668.71,5670.51,153788764
2024-04-22 13:00:00,5670.51,5689.1,5665.15,5680.02,260214413
2024-04-22 14:00:00,5680.02,5694.97,5634.11,5654.18,410022481
2024-04-22 15:00:00,5654.18,5665.98,5618.68,5618.96,630300153
2024-04-23 09:00:00,5637.38,5665.73,5619.76,5649.25,928979090
2024-04-23 10:00:00,5649.25,5714.06,5632.39,5713.37,1049532187
2024-04-23 11:00:00,5713.37,5758.41,5707.17,5757.41,497395071
2024-04-23 12:00:00,5757.41,5793.66,5752.57,5793.0,239378712
2024-04-23 13:00:00,5793.0,5802.94,5748.27,5759.49,401229224
2024-04-23 14:00:00,5759.49,5771.29,5725.22,5732.61,648858377
2024-04-23 15:00:00,5732.61,5759.39,5723.94,5733.83,1460896438
2024-04-24 09:00:00,5730.97,5736.55,5713.68,5733.55,990078802
2024-04-24 10:00:00,5733.55,5746.31,5712.51,5721.12,864154458
2024-04-24 11:00:00,5721.12,5788.17,5717.99,5775.81,409192939
2024-04-24 12:00:00,5775.81,5836.9,5767.59,5834.18,224307391
2024-04-24 13:00:00,5834.18,5866.88,5811.04,5863.31,337436810
2024-04-24 14:00:00,5863.31,5885.23,5861.44,5882.02,555384268
2024-04-24 15:00:00,5882.02,5909.71,5859.35,5875.6,965772825
2024-04-25 09:00:00,5907.11,5916.74,5886.41,5888.13,613352097
2024-04-25 10:00:00,5888.13,5888.71,5836.07,5839.51,762395792
2024-04-25 11:00:00,5839.51,5861.19,5822.29,5827.78,348972516
2024-04-25 12:00:00,5827.78,5847.64,5803.82,5840.47,186810488
2024-04-25 13:00:00,5840.47,5865.81,5835.26,5848.6,286005918
2024-04-25 14:00:00,5848.6,5865.79,5838.16,5861.66,430405726
2024-04-25 15:00:00,5861.66,5914.1,5860.19,5912.08,725633285
2024-04-26 09:00:00,5906.32,5930.48,5900.02,5929.64,594166143
2024-04-26 10:00:00,5929.64,5975.75,5921.91,5963.94,641748030
2024-04-26 11:00:00,5963.94,5995.17,5952.93,5979.05,273824951
2024-04-26 12:00:00,5979.05,5985.83,5925.23,5933.05,151371904
2024-04-26 13:00:00,5933.05,5963.59,5925.65,5948.05,229715299
2024-04-26 14:00:00,5948.05,5963.15,5914.78,5924.9,410706292
2024-04-26 15:00:00,5924.9,5967.91,5919.12,5953.08,878587540
2024-04-29 09:00:00,5960.94,5974.82,5943.57,5944.33,377941946
2024-04-29 10:00:00,5944.33,5958.39,5898.04,5908.14,474464247
2024-04-29 11:00:00,5908.14,5940.84,5897.35,5907.73,236865563
2024-04-29 12:00:00,5907.73,5923.99,5880.02,5881.43,125126770
2024-04-29 13:00:00,5881.43,5887.48,5855.02,5881.55,201281257
2024-04-29 14:00:00,5881.55,5904.91,5867.67,5903.15,318847252
2024-04-29 15:00:00,5903.15,5929.66,5877.09,5881.4,614622177
2024-04-30 09:00:00,5867.89,5869.54,5828.25,5830.26,894891120
2024-04-30 10:00:00,5830.26,5866.55,5822.81,5845.7,872119706
2024-04-30 11:00:00,5845.7,5854.73,5780.75,5787.22,405561000
2024-04-30 12:00:00,5787.22,5788.33,5732.55,5734.61,241813859
2024-04-30 13:00:00,5734.61,5753.86,5719.68,5740.18,370446313
2024-04-30 14:00:00,5740.18,5753.8,5728.95,5750.53,570884273
2024-04-30 15:00:00,5750.53,5761.36,5722.63,5755.68,1264824414
2024-05-01 09:00:00,5792.71,5803.31,5769.22,5783.95,534411626
2024-05-01 10:00:00,5783.95,5834.7,5762.35,5827.44,701193672
2024-05-01 11:00:00,5827.44,5854.07,5826.08,5851.39,328030696
2024-05-01 12:00:00,5851.39,5874.98,5833.15,5843.47,182687824
2024-05-01 13:00:00,5843.47,5862.44,5822.94,5834.73,261999190
2024-05-01 14:00:00,5834.73,5878.98,5816.17,5858.05,467816106
2024-05-01 15:00:00,5858.05,5864.79,5813.06,5835.13,989456652
2024-05-02 09:00:00,5867.66,5873.7,5838.69,5845.9,1236663846
2024-05-02 10:00:00,5845.9,5860.74,5829.16,5844.24,1177350778
2024-05-02 11:00:00,5844.24,5846.0,5793.67,5835.87,587330601
2024-05-02 12:00:00,5835.87,5849.19,5816.04,5838.25,300330466
2024-05-02 13:00:00,5838.25,5851.19,5818.33,5830.8,457869555
2024-05-02 14:00:00,5830.8,5855.33,5823.98,5831.46,781346578
2024-05-02 15:00:00,5831.46,5847.27,5813.7,5834.56,1700120433
2024-05-03 09:00:00,5823.36,5831.12,5807.22,5823.23,904067932
2024-05-03 10:00:00,5823.23,5864.06,5804.17,5862.57,830987419
2024-05-03 11:00:00,5862.57,5885.49,5850.82,5880.29,457546341
2024-05-03 12:00:00,5880.29,5914.55,5874.18,5883.47,223509497
2024-05-03 13:00:00,5883.47,5910.65,5855.15,5906.19,425579468
2024-05-03 14:00:00,5906.19,5921.6,5895.4,5908.35,621012728
2024-05-03 15:00:00,5908.35,5935.77,5889.7,5910.58,1221260073
2024-05-06 09:00:00,5921.37,5924.64,5891.6,5893.58,512101674
2024-05-06 10:00:00,5893.58,5921.34,5860.89,5892.03,466861401
2024-05-06 11:00:00,5892.03,5907.48,5870.23,5886.29,228901238
2024-05-06 12:00:00,5886.29,5917.27,5876.17,5886.7,122969297
2024-05-06 13:00:00,5886.7,5902.08,5861.38,5870.05,192902646
2024-05-06 14:00:00,5870.05,5894.4,5863.07,5889.99,313949392
2024-05-06 15:00:00,5889.99,5946.94,5884.84,5942.53,618105442
2024-05-07 09:00:00,5950.28,5993.34,5941.01,5985.81,882767484
2024-05-07 10:00:00,5985.81,6029.42,5980.79,6012.11,805548441
2024-05-07 11:00:00,6012.11,6055.29,6001.65,6022.31,437556715
2024-05-07 12:00:00,6022.31,6097.42,6021.99,6094.99,230615480
2024-05-07 13:00:00,6094.99,6098.62,6028.4,6030.59,421557227
2024-05-07 14:00:00,6030.59,6055.83,6016.01,6055.35,638779830
2024-05-07 15:00:00,6055.35,6083.22,6045.76,6061.5,1167472396
2024-05-08 09:00:00,6058.1,6099.25,6054.64,6088.9,545063323
2024-05-08 10:00:00,6088.9,6145.37,6082.96,6141.2,492822367
2024-05-08 11:00:00,6141.2,6160.02,6111.84,6130.54,257319245
2024-05-08 12:00:00,6130.54,6147.19,6108.51,6143.13,128559000
2024-05-08 13:00:00,6143.13,6180.67,6115.68,6180.25,201253634
2024-05-08 14:00:00,6180.25,6181.61,6102.41,6112.52,339144430
2024-05-08 15:00:00,6112.52,6172.08,6109.89,6142.32,650634781
2024-05-09 09:00:00,6157.57,6176.0,6145.87,6159.89,342276630
2024-05-09 10:00:00,6159.89,6178.54,6158.79,6176.99,355159837
2024-05-09 11:00:00,6176.99,6189.46,6154.68,6179.45,171620691
2024-05-09 12:00:00,6179.45,6206.76,6177.05,6193.84,78456933
2024-05-09 13:00:00,6193.84,6206.64,6186.17,6197.23,167977040
2024-05-09 14:00:00,6197.23,6204.27,6179.33,6185.43,249042047
2024-05-09 15:00:00,6185.43,6202.06,6169.25,6190.1,428857638
2024-05-10 09:00:00,6209.08,6212.9,6198.83,6204.57,1091319622
2024-05-10 10:00:00,6204.57,6221.67,6192.14,6210.39,1081109823
2024-05-10 11:00:00,6210.39,6211.4,6187.94,6194.56,567532140
2024-05-10 12:00:00,6194.56,6203.49,6182.6,6196.19,213774596
2024-05-10 13:00:00,6196.19,6205.23,6181.23,6189.12,450769950
2024-05-10 14:00:00,6189.12,6201.32,6140.68,6144.63,685468904
2024-05-10 15:00:00,6144.63,6155.86,6131.59,6134.65,1385814284
2024-05-13 09:00:00,6138.38,6139.52,6113.75,6125.78,565465503
2024-05-13 10:00:00,6125.78,6126.09,6087.58,6098.77,584249533
2024-05-13 11:00:00,6098.77,6124.48,6096.02,6117.78,254871246
2024-05-13 12:00:00,6117.78,6120.02,6103.52,6114.27,137606980
2024-05-13 13:00:00,6114.27,6134.2,6108.3,6131.4,237483958
2024-05-13 14:00:00,6131.4,6139.89,6102.66,6134.51,334227760
2024-05-13 15:00:00,6134.51,6134.95,6103.07,6107.9,717179058
2024-05-14 09:00:00,6107.09,6127.46,6097.71,6106.18,583545750
2024-05-14 10:00:00,6106.18,6145.89,6104.1,6139.13,619056383
2024-05-14 11:00:00,6139.13,6142.62,6111.66,6113.34,314840238
2024-05-14 12:00:00,6113.34,6117.12,6095.94,6103.45,149291541
2024-05-14 13:00:00,6103.45,6104.72,6075.35,6080.72,247945409
2024-05-14 14:00:00,6080.72,6113.43,6074.45,6096.17,339868282
2024-05-14 15:00:00,6096.17,6115.4,6089.38,6108.93,790227856
2024-05-15 09:00:00,6087.18,6092.34,6073.7,6083.64,780427545
2024-05-15 10:00:00,6083.64,6084.41,6053.74,6059.15,830178775
2024-05-15 11:00:00,6059.15,6079.57,6049.03,6049.32,417692410
2024-05-15 12:00:00,6049.32,6074.66,6046.18,6070.81,224422298
2024-05-15 13:00:00,6070.81,6078.78,6053.68,6065.84,332486260
2024-05-15 14:00:00,6065.84,6067.23,6031.72,6047.22,544945347
2024-05-15 15:00:00,6047.22,6051.17,6029.62,6047.02,1150758876
2024-05-16 09:00:00,6052.39,6059.63,6036.16,6051.83,643354971
2024-05-16 10:00:00,6051.83,6061.46,6022.34,6025.43,723477425
2024-05-16 11:00:00,6025.43,6041.01,6022.9,6032.02,402564067
2024-05-16 12:00:00,6032.02,6032.52,5997.11,5999.53,204820727
2024-05-16 13:00:00,5999.53,6013.7,5987.84,5999.53,306806799
2024-05-16 14:00:00,5999.53,6022.71,5984.47,6021.96,436148870
2024-05-16 15:00:00,6021.96,6036.8,6016.28,6016.43,1056298108
2024-05-17 09:00:00,6022.95,6026.77,6012.44,6022.27,478100818
2024-05-17 10:00:00,6022.27,6026.24,5998.38,6006.44,660552100
2024-05-17 11:00:00,6006.44,6015.49,5994.66,6005.67,280924890
2024-05-17 12:00:00,6005.67,6063.59,6003.69,6055.63,161100841
2024-05-17 13:00:00,6055.63,6094.31,6054.54,6082.97,261036592
2024-05-17 14:00:00,6082.97,6085.35,6059.26,6064.57,386396177
2024-05-17 15:00:00,6064.57,6069.73,6041.14,6046.24,757841543
2024-05-20 09:00:00,6075.05,6085.21,6058.54,6059.67,970379552
2024-05-20 10:00:00,6059.67,6085.57,6051.61,6075.1,947524710
2024-05-20 11:00:00,6075.1,6079.61,6053.38,6059.65,487994441
2024-05-20 12:00:00,6059.65,6069.39,6023.85,6034.55,247154900
2024-05-20 13:00:00,6034.55,6062.79,6029.36,6060.04,452825426
2024-05-20 14:00:00,6060.04,6060.06,6007.36,6009.58,665056854
2024-05-20 15:00:00,6009.58,6028.31,6007.52,6016.31,1538216849
2024-05-21 09:00:00,6007.85,6008.18,5980.14,5980.86,507925043
2024-05-21 10:00:00,5980.86,5987.85,5968.55,5984.21,603087910
2024-05-21 11:00:00,5984.21,5985.42,5965.98,5971.56,237000958
2024-05-21 12:00:00,5971.56,5982.01,5962.13,5975.25,134631496
2024-05-21 13:00:00,5975.25,5994.79,5952.27,5963.53,220958013
2024-05-21 14:00:00,5963.53,5969.29,5873.17,5886.36,325895569
2024-05-21 15:00:00,5886.36,5917.21,5885.41,5915.8,710294506
2024-05-22 09:00:00,5930.27,5960.21,5930.02,5953.37,565624270
2024-05-22 10:00:00,5953.37,5963.63,5946.1,5957.07,609141420
2024-05-22 11:00:00,5957.07,5980.25,5951.51,5965.34,302091327
2024-05-22 12:00:00,5965.34,5970.4,5946.73,5950.29,150944365
2024-05-22 13:00:00,5950.29,5974.12,5939.68,5964.85,264112068
2024-05-22 14:00:00,5964.85,5989.12,5963.9,5977.67,460801752
2024-05-22 15:00:00,5977.67,5992.59,5968.32,5985.81,876635920
2024-05-23 09:00:00,6018.69,6019.62,6001.33,6003.69,917151197
2024-05-23 10:00:00,6003.69,6027.49,5995.31,6013.92,960307660
2024-05-23 11:00:00,6013.92,6019.43,5983.27,5983.93,481051452
2024-05-23 12:00:00,5983.93,6012.78,5971.28,6005.13,232805419
2024-05-23 13:00:00,6005.13,6034.21,5999.75,6018.29,380223573
2024-05-23 14:00:00,6018.29,6042.16,6016.81,6034.02,651609885
2024-05-23 15:00:00,6034.02,6043.43,6027.36,6040.85,1267441960
2024-05-24 09:00:00,6044.22,6061.82,6039.48,6049.93,813292320
2024-05-24 10:00:00,6049.93,6069.86,6040.92,6042.33,756844481
2024-05-24 11:00:00,6042.33,6073.56,6039.89,6070.27,432990698
2024-05-24 12:00:00,6070.27,6076.96,6039.57,6046.69,206982420
2024-05-24 13:00:00,6046.69,6055.18,6030.55,6041.26,361374169
2024-05-24 14:00:00,6041.26,6045.77,6018.11,6018.6,518533527
2024-05-24 15:00:00,6018.6,6078.48,6010.84,6071.55,1101360892
2024-05-28 09:00:00,6090.27,6106.48,6067.76,6071.06,549823761
2024-05-28 10:00:00,6071.06,6093.27,6061.74,6085.91,543312912
2024-05-28 11:00:00,6085.91,6089.02,6058.1,6069.67,228374990
2024-05-28 12:00:00,6069.67,6094.47,6064.04,6093.75,139174398
2024-05-28 13:00:00,6093.75,6105.81,6077.55,6082.79,215973330
2024-05-28 14:00:00,6082.79,6091.24,6047.98,6049.52,345057405
2024-05-28 15:00:00,6049.52,6053.03,6013.05,6013.55,632279075
2024-05-29 09:00:00,6039.33,6046.26,6006.48,6011.05,926834479
2024-05-29 10:00:00,6011.05,6033.46,6006.39,6027.22,912299585
2024-05-29 11:00:00,6027.22,6050.7,6016.07,6018.0,461340002
2024-05-29 12:00:00,6018.0,6054.37,6016.27,6027.6,224051373
2024-05-29 13:00:00,6027.6,6030.33,6007.89,6022.89,353471410
2024-05-29 14:00:00,6022.89,6049.91,6018.15,6028.04,592384634
2024-05-29 15:00:00,6028.04,6036.65,6020.81,6032.18,1068177798
2024-05-30 09:00:00,6040.51,6052.58,6034.58,6047.56,650485126
2024-05-30 10:00:00,6047.56,6049.09,6035.7,6047.12,669424135
2024-05-30 11:00:00,6047.12,6070.36,6042.84,6045.81,351322760
2024-05-30 12:00:00,6045.81,6050.57,6027.15,6048.55,193904917
2024-05-30 13:00:00,6048.55,6049.82,6011.11,6017.61,334349431
2024-05-30 14:00:00,6017.61,6063.72,6014.06,6058.57,501593504
2024-05-30 15:00:00,6058.57,6070.24,6044.34,6054.72,931851632
2024-05-31 09:00:00,6070.51,6088.47,6060.86,6088.46,1037210402
2024-05-31 10:00:00,6088.46,6098.96,6066.5,6079.09,929715058
2024-05-31 11:00:00,6079.09,6084.41,6057.7,6059.11,555855224
2024-05-31 12:00:00,6059.11,6073.23,6049.12,6060.43,294126113
2024-05-31 13:00:00,6060.43,6090.76,6056.7,6088.37,494463995
2024-05-31 14:00:00,6088.37,6103.06,6080.62,6085.98,676106604
2024-05-31 15:00:00,6085.98,6112.58,6082.94,6098.28,1499699994
2024-06-03 09:00:00,6101.13,6102.44,6080.49,6086.72,656355200
2024-06-03 10:00:00,6086.72,6102.26,6078.75,6082.39,624559743
2024-06-03 11:00:00,6082.39,6104.76,6077.88,6097.24,267510165
2024-06-03 12:00:00,6097.24,6110.29,6084.89,6108.63,157292317
2024-06-03 13:00:00,6108.63,6113.53,6086.0,6093.16,268444068
2024-06-03 14:00:00,6093.16,6116.74,6083.1,6085.19,399469427
2024-06-03 15:00:00,6085.19,6085.53,6041.26,6046.04,785486560
2024-06-04 09:00:00,6049.26,6068.71,6047.99,6059.42,1079549434
2024-06-04 10:00:00,6059.42,6091.1,6058.66,6079.28,1102827577
2024-06-04 11:00:00,6079.28,6093.82,6071.59,6082.07,571580551
2024-06-04 12:00:00,6082.07,6119.43,6072.78,6116.12,303844081
2024-06-04 13:00:00,6116.12,6118.73,6086.93,6088.98,435530458
2024-06-04 14:00:00,6088.98,6094.33,6059.25,6064.91,742129507
2024-06-04 15:00:00,6064.91,6084.3,6050.14,6060.82,1343479289
2024-06-05 09:00:00,6088.75,6109.05,6085.08,6096.74,994838141
2024-06-05 10:00:00,6096.74,6098.22,6077.72,6093.34,999270208
2024-06-05 11:00:00,6093.34,6096.57,6073.46,6076.62,489724872
2024-06-05 12:00:00,6076.62,6089.51,6062.99,6064.52,238674687
2024-06-05 13:00:00,6064.52,6087.74,6057.69,6071.62,463344979
2024-06-05 14:00:00,6071.62,6078.25,6044.59,6052.39,629141038
2024-06-05 15:00:00,6052.39,6085.49,6050.85,6084.94,1322558599
2024-06-06 09:00:00,6095.23,6103.78,6090.63,6092.17,737643599
2024-06-06 10:00:00,6092.17,6095.25,6076.95,6078.65,747374234
2024-06-06 11:00:00,6078.65,6089.97,6071.39,6076.36,379003219
2024-06-06 12:00:00,6076.36,6092.66,6067.27,6069.06,205701332
2024-06-06 13:00:00,6069.06,6076.97,6047.89,6059.57,282497602
2024-06-06 14:00:00,6059.57,6080.26,6044.64,6072.43,538589861
2024-06-06 15:00:00,6072.43,6102.26,6062.29,6076.63,892437009
2024-06-07 09:00:00,6106.03,6107.61,6083.04,6093.61,878469451
2024-06-07 10:00:00,6093.61,6103.74,6079.07,6099.77,1198558265
2024-06-07 11:00:00,6099.77,6113.06,6083.86,6088.9,589400734
2024-06-07 12:00:00,6088.9,6113.31,6080.39,6108.55,305100896
2024-06-07 13:00:00,6108.55,6120.47,6092.59,6093.56,495526975
2024-06-07 14:00:00,6093.56,6113.34,6078.58,6084.21,781645029
2024-06-07 15:00:00,6084.21,6115.23,6083.3,6113.89,1554446966
2024-06-10 09:00:00,6102.78,6104.71,6070.73,6078.79,486454100
2024-06-10 10:00:00,6078.79,6079.17,6055.79,6065.6,502954084
2024-06-10 11:00:00,6065.6,6075.79,6052.37,6055.99,271250254
2024-06-10 12:00:00,6055.99,6061.96,6022.15,6024.08,147372347
2024-06-10 13:00:00,6024.08,6066.74,6021.08,6065.14,227646853
2024-06-10 14:00:00,6065.14,6069.11,6042.12,6067.08,373146882
2024-06-10 15:00:00,6067.08,6081.32,6042.71,6079.29,635466684
2024-06-11 09:00:00,6058.0,6059.26,6025.11,6027.55,792313592
2024-06-11 10:00:00,6027.55,6033.2,6012.16,6031.9,850203852
2024-06-11 11:00:00,6031.9,6081.24,6029.21,6079.5,457268549
2024-06-11 12:00:00,6079.5,6080.13,6055.6,6076.34,195972738
2024-06-11 13:00:00,6076.34,6078.03,6055.34,6063.89,347043386
2024-06-11 14:00:00,6063.89,6089.55,6047.99,6081.76,599921196
2024-06-11 15:00:00,6081.76,6101.76,6070.99,6101.72,1145420654
2024-06-12 09:00:00,6082.38,6082.47,6041.68,6042.87,880888022
2024-06-12 10:00:00,6042.87,6052.8,6034.39,6047.41,967223038
2024-06-12 11:00:00,6047.41,6067.78,6028.47,6064.96,469531621
2024-06-12 12:00:00,6064.96,6148.52,6061.48,6123.39,255691107
2024-06-12 13:00:00,6123.39,6132.69,6104.04,6121.74,475320699
2024-06-12 14:00:00,6121.74,6131.96,6105.24,6109.87,639811709
2024-06-12 15:00:00,6109.87,6111.67,6098.17,6100.79,1260248915
2024-06-13 09:00:00,6089.73,6090.85,6074.02,6076.3,576665764
2024-06-13 10:00:00,6076.3,6077.7,6021.24,6024.39,663132649
2024-06-13 11:00:00,6024.39,6076.96,6024.23,6068.06,343442498
2024-06-13 12:00:00,6068.06,6069.38,6018.78,6030.55,180102635
2024-06-13 13:00:00,6030.55,6052.79,6026.0,6048.86,269908541
2024-06-13 14:00:00,6048.86,6062.27,6042.82,6061.18,449940264
2024-06-13 15:00:00,6061.18,6087.37,6058.76,6081.41,907084490
2024-06-14 09:00:00,6074.73,6105.28,6073.0,6099.08,688673703
2024-06-14 10:00:00,6099.08,6123.84,6095.84,6107.76,674811037
2024-06-14 11:00:00,6107.76,6115.89,6074.68,6085.07,280513904
2024-06-14 12:00:00,6085.07,6093.97,6069.42,6079.18,164669115
2024-06-14 13:00:00,6079.18,6124.77,6075.8,6118.85,256394834
2024-06-14 14:00:00,6118.85,6151.52,6118.5,6150.44,440440714
2024-06-14 15:00:00,6150.44,6166.96,6140.25,6141.74,855753777
2024-06-17 09:00:00,6143.23,6144.49,6129.14,6131.93,661150444
2024-06-17 10:00:00,6131.93,6156.18,6129.56,6136.85,744601794
2024-06-17 11:00:00,6136.85,6140.53,6121.09,6126.42,351519595
2024-06-17 12:00:00,6126.42,6135.19,6106.75,6120.62,194072507
2024-06-17 13:00:00,6120.62,6147.33,6118.28,6132.2,344885454
2024-06-17 14:00:00,6132.2,6132.94,6102.88,6116.83,514540254
2024-06-17 15:00:00,6116.83,6136.51,6110.91,6134.07,925539120
2024-06-18 09:00:00,6139.64,6141.79,6118.14,6118.74,314887852
2024-06-18 10:00:00,6118.74,6138.06,6109.91,6132.74,396303301
2024-06-18 11:00:00,6132.74,6148.18,6121.82,6127.76,168712310
2024-06-18 12:00:00,6127.76,6129.31,6103.41,6111.01,97010109
2024-06-18 13:00:00,6111.01,6111.59,6092.7,6095.61,136592288
2024-06-18 14:00:00,6095.61,6104.6,6052.73,6060.52,253315083
2024-06-18 15:00:00,6060.52,6062.0,6036.0,6041.38,485206586
2024-06-20 09:00:00,6063.57,6068.98,6043.95,6053.53,936435969
2024-06-20 10:00:00,6053.53,6054.65,6017.91,6022.09,978293771
2024-06-20 11:00:00,6022.09,6023.79,6005.04,6019.91,475973428
2024-06-20 12:00:00,6019.91,6041.4,6005.54,6040.23,276099497
2024-06-20 13:00:00,6040.23,6048.3,6015.12,6022.6,409118892
2024-06-20 14:00:00,6022.6,6046.6,6019.12,6041.4,628075321
2024-06-20 15:00:00,6041.4,6067.28,6038.67,6053.39,1300050405
2024-06-21 09:00:00,6043.95,6051.72,6038.01,6045.71,1097547560
2024-06-21 10:00:00,6045.71,6061.55,6037.99,6054.73,970364372
2024-06-21 11:00:00,6054.73,6076.33,6043.31,6072.54,452806723
2024-06-21 12:00:00,6072.54,6081.33,6047.06,6057.13,246356932
2024-06-21 13:00:00,6057.13,6099.26,6044.15,6090.28,370547842
2024-06-21 14:00:00,6090.28,6097.71,6071.9,6084.47,675964818
2024-06-21 15:00:00,6084.47,6094.17,6069.46,6075.54,1233936189
2024-06-24 09:00:00,6090.95,6096.24,6063.5,6064.63,494212320
2024-06-24 10:00:00,6064.63,6068.2,6020.16,6024.92,734080374
2024-06-24 11:00:00,6024.92,6061.88,6021.57,6054.91,312422461
2024-06-24 12:00:00,6054.91,6058.95,6021.14,6021.73,161230444
2024-06-24 13:00:00,6021.73,6023.51,6003.92,6016.77,281351489
2024-06-24 14:00:00,6016.77,6026.16,6004.1,6006.66,452223018
2024-06-24 15:00:00,6006.66,6012.28,5970.65,5997.64,838952908
2024-06-25 09:00:00,5995.2,6010.46,5994.03,5999.97,573604044
2024-06-25 10:00:00,5999.97,6015.74,5985.18,6014.95,610123611
2024-06-25 11:00:00,6014.95,6021.16,5982.72,5984.57,305344128
2024-06-25 12:00:00,5984.57,5986.96,5964.92,5971.04,144918367
2024-06-25 13:00:00,5971.04,6002.86,5958.23,5994.27,249504030
2024-06-25 14:00:00,5994.27,5998.12,5963.05,5968.37,363232445
2024-06-25 15:00:00,5968.37,5974.18,5935.87,5942.17,681538512
2024-06-26 09:00:00,5942.73,5950.44,5934.99,5942.39,628295970
2024-06-26 10:00:00,5942.39,5944.88,5926.6,5936.11,674740031
2024-06-26 11:00:00,5936.11,5945.37,5926.91,5938.85,341931681
2024-06-26 12:00:00,5938.85,5940.17,5912.27,5930.7,173473409
2024-06-26 13:00:00,5930.7,5958.07,5925.39,5952.62,258353369
2024-06-26 14:00:00,5952.62,5971.66,5951.65,5953.62,478599445
2024-06-26 15:00:00,5953.62,5969.75,5946.09,5949.63,892909630
2024-06-27 09:00:00,5967.04,5969.47,5951.58,5954.57,735062086
2024-06-27 10:00:00,5954.57,5963.65,5910.63,5918.45,868681398
2024-06-27 11:00:00,5918.45,5925.03,5910.09,5922.68,376692426
2024-06-27 12:00:00,5922.68,5930.77,5903.81,5914.23,195310603
2024-06-27 13:00:00,5914.23,5960.27,5911.11,5941.28,336094397
2024-06-27 14:00:00,5941.28,5968.89,5938.62,5962.35,533028349
2024-06-27 15:00:00,5962.35,5970.33,5951.32,5963.0,937775846
2024-06-28 09:00:00,5978.09,5981.02,5963.96,5971.95,653513463
2024-06-28 10:00:00,5971.95,6011.13,5952.22,5993.42,616423794
2024-06-28 11:00:00,5993.42,6012.57,5975.77,5997.11,285528871
2024-06-28 12:00:00,5997.11,6005.56,5991.76,5998.86,169921356
2024-06-28 13:00:00,5998.86,6018.26,5994.54,6006.98,256571760
2024-06-28 14:00:00,6006.98,6008.1,5977.54,5980.71,374274660
2024-06-28 15:00:00,5980.71,5989.59,5974.26,5988.71,821829039
2024-07-01 09:00:00,5980.23,5981.15,5951.43,5954.98,644388662
2024-07-01 10:00:00,5954.98,5956.65,5933.43,5950.47,649685818
2024-07-01 11:00:00,5950.47,5951.96,5926.79,5933.48,328735984
2024-07-01 12:00:00,5933.48,5958.45,5927.44,5945.23,188386375
2024-07-01 13:00:00,5945.23,5968.68,5933.02,5933.65,320043507
2024-07-01 14:00:00,5933.65,5938.84,5901.88,5910.59,482421295
2024-07-01 15:00:00,5910.59,5922.53,5898.46,5918.89,867925410
2024-07-02 09:00:00,5924.77,5929.18,5917.92,5926.49,776868242
2024-07-02 10:00:00,5926.49,5933.03,5913.8,5923.67,762385266
2024-07-02 11:00:00,5923.67,5928.85,5906.65,5920.47,426685074
2024-07-02 12:00:00,5920.47,5927.48,5887.42,5890.32,222745234
2024-07-02 13:00:00,5890.32,5912.15,5887.55,5902.1,363318658
2024-07-02 14:00:00,5902.1,5915.79,5900.01,5908.74,631029542
2024-07-02 15:00:00,5908.74,5911.59,5889.79,5901.73,1257518608
2024-07-03 09:00:00,5892.49,5902.58,5877.99,5880.61,351428561
2024-07-03 10:00:00,5880.61,5888.82,5846.57,5848.81,321510741
2024-07-03 11:00:00,5848.81,5850.56,5813.29,5816.16,160957918
2024-07-03 12:00:00,5816.16,5817.94,5784.1,5804.56,84764970
2024-07-03 13:00:00,5804.56,5839.28,5803.43,5833.25,128670410
2024-07-03 14:00:00,5833.25,5840.86,5807.73,5807.88,218642378
2024-07-03 15:00:00,5807.88,5809.48,5785.87,5797.92,423132783
2024-07-05 09:00:00,5792.62,5797.67,5783.17,5797.12,887889048
2024-07-05 10:00:00,5797.12,5809.51,5777.16,5785.65,942979132
2024-07-05 11:00:00,5785.65,5787.76,5759.89,5770.59,456371087
2024-07-05 12:00:00,5770.59,5772.52,5753.84,5771.75,233672636
2024-07-05 13:00:00,5771.75,5781.76,5751.57,5770.85,408664849
2024-07-05 14:00:00,5770.85,5786.45,5754.88,5776.04,638255454
2024-07-05 15:00:00,5776.04,5810.94,5774.79,5794.51,1217933593
2024-07-08 09:00:00,5760.36,5769.39,5755.94,5768.77,683689528
2024-07-08 10:00:00,5768.77,5769.46,5745.78,5756.11,683307676
2024-07-08 11:00:00,5756.11,5786.72,5731.5,5735.48,330846187
2024-07-08 12:00:00,5735.48,5735.9,5710.8,5717.4,168846726
2024-07-08 13:00:00,5717.4,5737.44,5706.65,5733.25,269165426
2024-07-08 14:00:00,5733.25,5755.04,5727.05,5751.1,422090743
2024-07-08 15:00:00,5751.1,5753.39,5709.23,5710.79,907165399
2024-07-09 09:00:00,5715.49,5722.61,5711.3,5711.88,631091604
2024-07-09 10:00:00,5711.88,5724.99,5707.42,5709.73,655592799
2024-07-09 11:00:00,5709.73,5744.6,5705.96,5741.3,345223015
2024-07-09 12:00:00,5741.3,5750.64,5706.24,5710.11,150654050
2024-07-09 13:00:00,5710.11,5715.64,5692.87,5714.94,237130180
2024-07-09 14:00:00,5714.94,5733.45,5710.13,5721.19,350603565
2024-07-09 15:00:00,5721.19,5750.45,5719.18,5728.98,894790816
2024-07-10 09:00:00,5732.37,5751.38,5726.53,5730.83,1002634015
2024-07-10 10:00:00,5730.83,5740.53,5718.58,5720.23,1085469952
2024-07-10 11:00:00,5720.23,5739.0,5718.68,5736.39,518835846
2024-07-10 12:00:00,5736.39,5755.86,5734.93,5749.16,236225106
2024-07-10 13:00:00,5749.16,5773.06,5744.11,5769.2,428266706
2024-07-10 14:00:00,5769.2,5770.74,5746.21,5747.21,742722568
2024-07-10 15:00:00,5747.21,5762.54,5734.04,5746.55,1440096473
2024-07-11 09:00:00,5768.65,5776.12,5761.22,5770.52,725834528
2024-07-11 10:00:00,5770.52,5773.33,5739.48,5749.59,709105385
2024-07-11 11:00:00,5749.59,5751.97,5731.78,5742.99,359552974
2024-07-11 12:00:00,5742.99,5756.73,5720.24,5751.4,173089595
2024-07-11 13:00:00,5751.4,5754.72,5737.33,5749.55,300271350
2024-07-11 14:00:00,5749.55,5755.59,5736.93,5745.74,508196068
2024-07-11 15:00:00,5745.74,5759.95,5737.92,5739.88,925828808
2024-07-12 09:00:00,5747.72,5749.84,5735.9,5736.9,1066206158
2024-07-12 10:00:00,5736.9,5747.3,5731.0,5741.42,977721644
2024-07-12 11:00:00,5741.42,5763.23,5726.26,5760.77,538417322
2024-07-12 12:00:00,5760.77,5768.78,5743.36,5754.69,246044448
2024-07-12 13:00:00,5754.69,5764.65,5727.69,5730.54,386806336
2024-07-12 14:00:00,5730.54,5750.1,5716.79,5743.84,631485000
2024-07-12 15:00:00,5743.84,5759.73,5733.84,5734.01,1371902619
2024-07-15 09:00:00,5764.83,5771.94,5762.27,5764.03,484937678
2024-07-15 10:00:00,5764.03,5767.54,5749.43,5752.43,593523455
2024-07-15 11:00:00,5752.43,5756.19,5727.14,5743.13,257528998
2024-07-15 12:00:00,5743.13,5756.07,5735.02,5755.23,139453554
2024-07-15 13:00:00,5755.23,5771.89,5746.92,5749.79,224276618
2024-07-15 14:00:00,5749.79,5764.89,5739.3,5749.07,363511920
2024-07-15 15:00:00,5749.07,5779.71,5743.33,5759.02,706108121
2024-07-16 09:00:00,5760.18,5765.48,5752.92,5755.55,1172647833
2024-07-16 10:00:00,5755.55,5767.86,5747.5,5756.3,1150490007
2024-07-16 11:00:00,5756.3,5771.88,5749.41,5762.45,582634884
2024-07-16 12:00:00,5762.45,5763.97,5713.4,5714.38,283281360
2024-07-16 13:00:00,5714.38,5726.32,5700.69,5718.38,482980389
2024-07-16 14:00:00,5718.38,5719.0,5692.88,5710.59,737467076
2024-07-16 15:00:00,5710.59,5712.95,5691.01,5698.97,1553712995
2024-07-17 09:00:00,5681.47,5691.19,5672.59,5677.06,491831582
2024-07-17 10:00:00,5677.06,5687.53,5655.1,5669.55,518299517
2024-07-17 11:00:00,5669.55,5688.71,5665.59,5666.59,235557566
2024-07-17 12:00:00,5666.59,5669.09,5637.28,5642.23,129515726
2024-07-17 13:00:00,5642.23,5655.87,5636.12,5645.83,219207126
2024-07-17 14:00:00,5645.83,5660.13,5633.31,5635.08,349438579
2024-07-17 15:00:00,5635.08,5644.3,5624.75,5637.54,729322138
2024-07-18 09:00:00,5635.92,5636.15,5616.84,5622.1,686508475
2024-07-18 10:00:00,5622.1,5641.16,5618.12,5639.12,705183154
2024-07-18 11:00:00,5639.12,5643.62,5619.7,5627.94,334333015
2024-07-18 12:00:00,5627.94,5629.97,5612.87,5617.22,163123121
2024-07-18 13:00:00,5617.22,5618.31,5570.56,5605.72,252593067
2024-07-18 14:00:00,5605.72,5631.2,5597.93,5624.39,455084438
2024-07-18 15:00:00,5624.39,5631.37,5612.59,5615.65,955604374
2024-07-19 09:00:00,5604.27,5608.3,5591.55,5606.6,508042794
2024-07-19 10:00:00,5606.6,5609.74,5585.15,5600.68,575949518
2024-07-19 11:00:00,5600.68,5623.25,5598.53,5619.09,283028883
2024-07-19 12:00:00,5619.09,5649.48,5618.62,5644.83,139856983
2024-07-19 13:00:00,5644.83,5646.12,5619.09,5625.17,244291303
2024-07-19 14:00:00,5625.17,5641.23,5612.17,5620.38,475236649
2024-07-19 15:00:00,5620.38,5655.07,5620.2,5653.4,672171196
2024-07-22 09:00:00,5665.02,5674.07,5655.44,5669.87,848467805
2024-07-22 10:00:00,5669.87,5678.61,5664.3,5676.41,995855112
2024-07-22 11:00:00,5676.41,5707.42,5676.16,5693.12,416881366
2024-07-22 12:00:00,5693.12,5706.76,5685.2,5703.34,242702028
2024-07-22 13:00:00,5703.34,5757.71,5693.38,5743.8,394571480
2024-07-22 14:00:00,5743.8,5753.71,5734.39,5742.44,581266427
2024-07-22 15:00:00,5742.44,5747.12,5722.56,5731.22,1290930887
2024-07-23 09:00:00,5731.14,5752.4,5723.65,5735.97,824451328
2024-07-23 10:00:00,5735.97,5770.67,5731.39,5770.36,896729928
2024-07-23 11:00:00,5770.36,5776.27,5752.63,5756.26,493540722
2024-07-23 12:00:00,5756.26,5757.16,5735.14,5745.71,241645401
2024-07-23 13:00:00,5745.71,5757.08,5730.84,5734.07,413390852
2024-07-23 14:00:00,5734.07,5739.07,5708.89,5721.5,633821620
2024-07-23 15:00:00,5721.5,5738.69,5712.72,5735.62,1319901057
2024-07-24 09:00:00,5727.19,5741.32,5721.14,5737.12,603566585
2024-07-24 10:00:00,5737.12,5763.32,5732.27,5754.29,561069688
2024-07-24 11:00:00,5754.29,5763.84,5735.65,5736.15,319510310
2024-07-24 12:00:00,5736.15,5755.2,5731.43,5735.1,143473872
2024-07-24 13:00:00,5735.1,5750.45,5720.22,5743.82,260069462
2024-07-24 14:00:00,5743.82,5746.91,5726.58,5741.89,412556213
2024-07-24 15:00:00,5741.89,5743.14,5686.71,5689.62,743209003
2024-07-25 09:00:00,5690.57,5698.53,5685.43,5688.99,823087471
2024-07-25 10:00:00,5688.99,5689.78,5654.91,5662.01,763021364
2024-07-25 11:00:00,5662.01,5663.38,5627.06,5647.7,416271779
2024-07-25 12:00:00,5647.7,5676.76,5643.2,5660.56,203577005
2024-07-25 13:00:00,5660.56,5668.88,5629.8,5633.58,353036719
2024-07-25 14:00:00,5633.58,5643.2,5606.51,5611.43,543692830
2024-07-25 15:00:00,5611.43,5622.45,5601.82,5612.22,1072680116
2024-07-26 09:00:00,5603.37,5605.72,5583.54,5592.04,1550124445
2024-07-26 10:00:00,5592.04,5607.31,5586.74,5598.33,1656617461
2024-07-26 11:00:00,5598.33,5629.03,5593.48,5628.38,758053605
2024-07-26 12:00:00,5628.38,5654.43,5623.8,5641.76,368072163
2024-07-26 13:00:00,5641.76,5650.31,5627.02,5637.2,768507725
2024-07-26 14:00:00,5637.2,5670.23,5635.96,5669.11,1002174643
2024-07-26 15:00:00,5669.11,5697.9,5666.87,5696.25,2510105185
2024-07-29 09:00:00,5690.64,5693.89,5673.64,5678.98,708916752
2024-07-29 10:00:00,5678.98,5686.91,5653.94,5674.12,746326337
2024-07-29 11:00:00,5674.12,5690.94,5668.06,5679.58,326205955
2024-07-29 12:00:00,5679.58,5685.22,5640.21,5648.22,173916591
2024-07-29 13:00:00,5648.22,5661.01,5634.26,5652.55,326575935
2024-07-29 14:00:00,5652.55,5654.37,5625.12,5627.81,489815143
2024-07-29 15:00:00,5627.81,5665.04,5614.61,5659.69,913620238
2024-07-30 09:00:00,5656.09,5667.29,5651.15,5667.06,625811363
2024-07-30 10:00:00,5667.06,5703.24,5666.71,5694.55,615130190
2024-07-30 11:00:00,5694.55,5728.04,5691.92,5727.14,326854414
2024-07-30 12:00:00,5727.14,5745.93,5724.69,5736.97,148421658
2024-07-30 13:00:00,5736.97,5740.41,5712.35,5712.75,247949203
2024-07-30 14:00:00,5712.75,5721.06,5708.78,5713.94,456355600
2024-07-30 15:00:00,5713.94,5729.52,5711.07,5722.39,815876367
2024-07-31 09:00:00,5723.09,5729.67,5697.25,5697.3,915859288
2024-07-31 10:00:00,5697.3,5719.2,5696.5,5703.56,1065629132
2024-07-31 11:00:00,5703.56,5727.82,5696.46,5726.27,543304778
2024-07-31 12:00:00,5726.27,5759.43,5719.99,5750.41,256618097
2024-07-31 13:00:00,5750.41,5751.56,5732.19,5747.23,411638156
2024-07-31 14:00:00,5747.23,5771.19,5745.53,5769.27,715548454
2024-07-31 15:00:00,5769.27,5771.23,5746.86,5750.0,1253764594
2024-08-01 09:00:00,5756.57,5757.39,5739.54,5746.25,678050024
2024-08-01 10:00:00,5746.25,5754.51,5734.64,5751.78,767527293
2024-08-01 11:00:00,5751.78,5762.85,5727.45,5734.08,380196096
2024-08-01 12:00:00,5734.08,5755.46,5722.01,5753.87,174577562
2024-08-01 13:00:00,5753.87,5781.59,5749.32,5753.01,320914455
2024-08-01 14:00:00,5753.01,5789.75,5750.44,5788.66,471503153
2024-08-01 15:00:00,5788.66,5810.48,5785.85,5804.29,1090850049
2024-08-02 09:00:00,5803.25,5814.51,5792.67,5814.22,887673223
2024-08-02 10:00:00,5814.22,5863.12,5812.25,5857.9,813347822
2024-08-02 11:00:00,5857.9,5870.05,5848.68,5858.88,467418764
2024-08-02 12:00:00,5858.88,5861.59,5836.97,5852.67,222667468
2024-08-02 13:00:00,5852.67,5878.66,5841.42,5873.2,336356888
2024-08-02 14:00:00,5873.2,5900.83,5866.4,5895.25,532835738
2024-08-02 15:00:00,5895.25,5900.24,5868.5,5872.73,1018096299
2024-08-05 09:00:00,5883.7,5897.75,5878.81,5880.68,644686779
2024-08-05 10:00:00,5880.68,5881.92,5857.48,5876.56,585688456
2024-08-05 11:00:00,5876.56,5888.63,5863.6,5868.41,331235641
2024-08-05 12:00:00,5868.41,5885.48,5856.94,5884.29,163506231
2024-08-05 13:00:00,5884.29,5897.68,5860.97,5886.13,261351448
2024-08-05 14:00:00,5886.13,5887.79,5862.33,5869.47,444305935
2024-08-05 15:00:00,5869.47,5892.21,5863.58,5889.48,855637636
2024-08-06 09:00:00,5896.1,5902.55,5894.86,5896.07,781169951
2024-08-06 10:00:00,5896.07,5901.56,5885.65,5893.39,763493857
2024-08-06 11:00:00,5893.39,5913.06,5888.59,5890.12,366700198
2024-08-06 12:00:00,5890.12,5902.55,5878.72,5893.2,219514225
2024-08-06 13:00:00,5893.2,5924.62,5884.49,5920.85,369391485
2024-08-06 14:00:00,5920.85,5935.52,5905.35,5914.35,443192998
2024-08-06 15:00:00,5914.35,5918.36,5896.72,5903.65,1109401830
2024-08-07 09:00:00,5925.9,5935.37,5924.59,5932.97,609523344
2024-08-07 10:00:00,5932.97,5941.3,5924.91,5933.3,773154259
2024-08-07 11:00:00,5933.3,5958.26,5921.63,5933.33,315237990
2024-08-07 12:00:00,5933.33,5956.7,5927.57,5948.64,174264689
2024-08-07 13:00:00,5948.64,5959.2,5928.1,5942.25,289854879
2024-08-07 14:00:00,5942.25,5952.08,5912.93,5925.61,484381540
2024-08-07 15:00:00,5925.61,5945.49,5902.05,5902.68,906586485
2024-08-08 09:00:00,5887.38,5898.1,5875.76,5882.91,563593045
2024-08-08 10:00:00,5882.91,5892.15,5872.91,5876.22,602024700
2024-08-08 11:00:00,5876.22,5883.16,5861.1,5872.44,295526386
2024-08-08 12:00:00,5872.44,5898.82,5855.45,5890.28,152358093
2024-08-08 13:00:00,5890.28,5907.02,5885.74,5893.26,235338893
2024-08-08 14:00:00,5893.26,5904.55,5884.47,5896.04,377240816
2024-08-08 15:00:00,5896.04,5911.01,5882.69,5905.51,802766769
2024-08-09 09:00:00,5900.3,5909.36,5896.75,5898.29,846823093
2024-08-09 10:00:00,5898.29,5900.11,5762.5,5816.64,965753920
2024-08-09 11:00:00,5816.64,5847.17,5811.85,5816.53,437753024
2024-08-09 12:00:00,5816.53,5831.75,5803.43,5808.28,239228609
2024-08-09 13:00:00,5808.28,5849.71,5807.16,5840.1,389169745
2024-08-09 14:00:00,5840.1,5853.63,5835.3,5848.11,591552564
2024-08-09 15:00:00,5848.11,5859.74,5835.55,5853.43,1147895679
2024-08-12 09:00:00,5845.82,5848.22,5837.65,5843.11,710840903
2024-08-12 10:00:00,5843.11,5855.46,5823.42,5850.69,863447387
2024-08-12 11:00:00,5850.69,5882.65,5850.33,5855.29,330798055
2024-08-12 12:00:00,5855.29,5863.94,5834.85,5859.37,213096450
2024-08-12 13:00:00,5859.37,5873.37,5838.22,5842.82,354165292
2024-08-12 14:00:00,5842.82,5846.6,5808.37,5826.88,538328624
2024-08-12 15:00:00,5826.88,5859.0,5814.46,5850.18,1112003405
2024-08-13 09:00:00,5826.26,5848.02,5825.32,5836.61,411880857
2024-08-13 10:00:00,5836.61,5841.83,5827.45,5837.61,440273713
2024-08-13 11:00:00,5837.61,5841.76,5812.56,5821.63,211310167
2024-08-13 12:00:00,5821.63,5840.49,5813.78,5833.25,100471605
2024-08-13 13:00:00,5833.25,5836.98,5810.44,5823.73,202491184
2024-08-13 14:00:00,5823.73,5852.12,5802.67,5814.68,288324017
2024-08-13 15:00:00,5814.68,5819.32,5798.26,5813.17,656680081
2024-08-14 09:00:00,5806.94,5809.2,5793.65,5793.9,384355705
2024-08-14 10:00:00,5793.9,5800.63,5770.77,5783.01,395395053
2024-08-14 11:00:00,5783.01,5795.66,5775.86,5779.61,188808455
2024-08-14 12:00:00,5779.61,5780.12,5747.0,5753.55,90550668
2024-08-14 13:00:00,5753.55,5759.56,5724.44,5734.24,150710116
2024-08-14 14:00:00,5734.24,5778.87,5704.42,5772.25,222869739
2024-08-14 15:00:00,5772.25,5801.02,5769.61,5800.31,484639994
2024-08-15 09:00:00,5790.99,5794.45,5785.08,5785.49,800404093
2024-08-15 10:00:00,5785.49,5786.29,5755.52,5773.87,926188693
2024-08-15 11:00:00,5773.87,5788.49,5761.78,5786.84,433245145
2024-08-15 12:00:00,5786.84,5792.1,5770.84,5781.8,210766385
2024-08-15 13:00:00,5781.8,5794.72,5772.89,5773.91,358178107
2024-08-15 14:00:00,5773.91,5775.2,5733.02,5733.28,486332079
2024-08-15 15:00:00,5733.28,5776.22,5732.68,5773.81,1114431597
2024-08-16 09:00:00,5773.8,5795.44,5767.92,5793.31,835685752
2024-08-16 10:00:00,5793.31,5805.83,5780.58,5785.5,833146366
2024-08-16 11:00:00,5785.5,5796.62,5779.47,5782.26,390364988
2024-08-16 12:00:00,5782.26,5803.46,5777.2,5784.31,201322465
2024-08-16 13:00:00,5784.31,5791.46,5772.44,5772.75,330702180
2024-08-16 14:00:00,5772.75,5785.57,5752.61,5765.97,599930600
2024-08-16 15:00:00,5765.97,5771.63,5741.22,5747.81,1038644876
2024-08-19 09:00:00,5761.11,5775.0,5759.36,5768.35,663847977
2024-08-19 10:00:00,5768.35,5793.04,5768.09,5771.31,624742205
2024-08-19 11:00:00,5771.31,5801.16,5759.73,5764.14,289202790
2024-08-19 12:00:00,5764.14,5770.63,5751.82,5765.17,156422822
2024-08-19 13:00:00,5765.17,5767.48,5742.21,5748.94,273045853
2024-08-19 14:00:00,5748.94,5759.09,5732.04,5733.14,442154214
2024-08-19 15:00:00,5733.14,5743.23,5717.96,5719.15,888802517
2024-08-20 09:00:00,5702.29,5717.1,5699.74,5714.46,652606862
2024-08-20 10:00:00,5714.46,5720.75,5703.11,5706.03,626815579
2024-08-20 11:00:00,5706.03,5718.09,5699.67,5710.13,306068786
2024-08-20 12:00:00,5710.13,5757.13,5705.66,5743.76,186361561
2024-08-20 13:00:00,5743.76,5782.78,5742.16,5768.74,294807090
2024-08-20 14:00:00,5768.74,5806.88,5763.17,5796.13,470417314
2024-08-20 15:00:00,5796.13,5804.28,5772.11,5788.89,792087087
2024-08-21 09:00:00,5792.06,5800.58,5779.51,5799.11,791463775
2024-08-21 10:00:00,5799.11,5838.28,5798.84,5824.91,776646529
2024-08-21 11:00:00,5824.91,5838.69,5821.01,5827.52,391527755
2024-08-21 12:00:00,5827.52,5867.27,5822.95,5860.35,197707074
2024-08-21 13:00:00,5860.35,5866.56,5844.54,5848.01,313382148
2024-08-21 14:00:00,5848.01,5893.13,5847.07,5880.76,447656014
2024-08-21 15:00:00,5880.76,5889.86,5861.0,5867.95,1014629093
2024-08-22 09:00:00,5878.28,5884.3,5842.59,5843.63,624949516
2024-08-22 10:00:00,5843.63,5851.84,5784.86,5790.65,632851663
2024-08-22 11:00:00,5790.65,5817.05,5790.6,5805.33,335035581
2024-08-22 12:00:00,5805.33,5807.3,5784.22,5794.68,172180516
2024-08-22 13:00:00,5794.68,5806.98,5776.89,5785.41,260438237
2024-08-22 14:00:00,5785.41,5854.72,5748.55,5767.9,490570740
2024-08-22 15:00:00,5767.9,5790.35,5755.74,5783.83,854470992
2024-08-23 09:00:00,5767.22,5776.08,5762.89,5763.34,460007560
2024-08-23 10:00:00,5763.34,5767.55,5746.24,5752.16,537883951
2024-08-23 11:00:00,5752.16,5773.44,5724.93,5729.28,245997183
2024-08-23 12:00:00,5729.28,5755.85,5719.56,5754.07,131879259
2024-08-23 13:00:00,5754.07,5786.23,5752.55,5782.06,239031037
2024-08-23 14:00:00,5782.06,5794.31,5772.28,5780.24,350377158
2024-08-23 15:00:00,5780.24,5788.47,5761.59,5774.74,672847130
2024-08-26 09:00:00,5776.62,5809.73,5774.39,5800.43,799333010
2024-08-26 10:00:00,5800.43,5807.51,5787.06,5792.36,829879219
2024-08-26 11:00:00,5792.36,5800.79,5781.24,5789.06,359751656
2024-08-26 12:00:00,5789.06,5805.75,5786.44,5801.26,203018746
2024-08-26 13:00:00,5801.26,5817.23,5790.89,5813.28,332742275
2024-08-26 14:00:00,5813.28,5818.76,5790.85,5793.88,515426770
2024-08-26 15:00:00,5793.88,5798.03,5779.68,5785.65,963489394
2024-08-27 09:00:00,5789.87,5793.56,5773.94,5775.96,914936696
2024-08-27 10:00:00,5775.96,5802.46,5774.59,5785.48,1205889778
2024-08-27 11:00:00,5785.48,5786.37,5764.79,5771.65,525665091
2024-08-27 12:00:00,5771.65,5805.04,5766.74,5787.26,273409798
2024-08-27 13:00:00,5787.26,5791.34,5767.51,5789.26,439051221
2024-08-27 14:00:00,5789.26,5805.14,5783.83,5793.14,672048155
2024-08-27 15:00:00,5793.14,5818.82,5792.77,5803.76,1415014431
2024-08-28 09:00:00,5819.93,5827.41,5805.4,5812.91,455208615
2024-08-28 10:00:00,5812.91,5831.12,5807.26,5822.56,513057631
2024-08-28 11:00:00,5822.56,5827.81,5807.77,5809.33,271039451
2024-08-28 12:00:00,5809.33,5810.07,5780.8,5796.18,126648838
2024-08-28 13:00:00,5796.18,5810.97,5785.59,5798.59,197459108
2024-08-28 14:00:00,5798.59,5813.02,5790.61,5806.72,331420690
2024-08-28 15:00:00,5806.72,5813.51,5790.96,5801.49,617513711
2024-08-29 09:00:00,5814.42,5820.68,5806.05,5816.0,724626625
2024-08-29 10:00:00,5816.0,5847.34,5811.87,5841.03,670780021
2024-08-29 11:00:00,5841.03,5852.06,5829.76,5840.02,369368556
2024-08-29 12:00:00,5840.02,5865.72,5835.25,5860.47,190036713
2024-08-29 13:00:00,5860.47,5879.01,5857.1,5870.96,327484724
2024-08-29 14:00:00,5870.96,5886.34,5863.68,5869.08,492402234
2024-08-29 15:00:00,5869.08,5870.98,5850.27,5859.48,926676935
2024-08-30 09:00:00,5828.18,5849.79,5826.18,5846.89,534601107
2024-08-30 10:00:00,5846.89,5864.02,5840.89,5843.66,545020270
2024-08-30 11:00:00,5843.66,5871.54,5834.96,5857.45,284035889
2024-08-30 12:00:00,5857.45,5864.28,5839.51,5847.5,139121804
2024-08-30 13:00:00,5847.5,5860.93,5840.64,5844.69,233152960
2024-08-30 14:00:00,5844.69,5846.26,5818.81,5826.62,347759146
2024-08-30 15:00:00,5826.62,5836.42,5814.67,5831.55,735140478
2024-09-03 09:00:00,5818.3,5819.87,5804.85,5811.0,616761290
2024-09-03 10:00:00,5811.0,5823.78,5803.26,5812.06,738629528
2024-09-03 11:00:00,5812.06,5830.87,5801.81,5814.68,322699427
2024-09-03 12:00:00,5814.68,5814.93,5790.27,5804.67,177285661
2024-09-03 13:00:00,5804.67,5810.47,5781.84,5795.2,293802093
2024-09-03 14:00:00,5795.2,5817.42,5782.74,5799.87,422350639
2024-09-03 15:00:00,5799.87,5835.07,5798.5,5822.25,823418528
2024-09-04 09:00:00,5816.3,5848.39,5813.29,5846.56,634881290
2024-09-04 10:00:00,5846.56,5858.59,5837.34,5839.3,503877041
2024-09-04 11:00:00,5839.3,5847.32,5822.02,5824.1,292939499
2024-09-04 12:00:00,5824.1,5961.81,5784.23,5922.82,149001153
2024-09-04 13:00:00,5922.82,5929.36,5906.28,5912.51,263567616
2024-09-04 14:00:00,5912.51,5915.49,5859.28,5863.06,439332734
2024-09-04 15:00:00,5863.06,5871.2,5829.43,5829.47,800193371
2024-09-05 09:00:00,5834.13,5835.55,5812.12,5813.69,468500292
2024-09-05 10:00:00,5813.69,5829.98,5810.86,5825.98,503657660
2024-09-05 11:00:00,5825.98,5827.16,5788.54,5794.44,244895662
2024-09-05 12:00:00,5794.44,5816.94,5783.61,5815.7,128987393
2024-09-05 13:00:00,5815.7,5830.49,5800.01,5805.62,200287317
2024-09-05 14:00:00,5805.62,5818.29,5791.06,5803.91,386820203
2024-09-05 15:00:00,5803.91,5817.0,5793.09,5803.65,651367981
2024-09-06 09:00:00,5834.22,5839.19,5823.31,5832.5,474384647
2024-09-06 10:00:00,5832.5,5849.19,5829.29,5843.61,533296624
2024-09-06 11:00:00,5843.61,5859.76,5835.87,5838.49,212175851
2024-09-06 12:00:00,5838.49,5844.72,5817.6,5839.02,128544238
2024-09-06 13:00:00,5839.02,5843.03,5814.93,5833.24,208591230
2024-09-06 14:00:00,5833.24,5846.23,5816.71,5822.5,313376475
2024-09-06 15:00:00,5822.5,5839.57,5820.48,5837.67,627193328
2024-09-09 09:00:00,5841.46,5845.48,5833.78,5844.55,455987562
2024-09-09 10:00:00,5844.55,5845.61,5808.68,5833.14,522524206
2024-09-09 11:00:00,5833.14,5845.86,5811.53,5816.89,268704970
2024-09-09 12:00:00,5816.89,5841.37,5811.71,5840.26,149161926
2024-09-09 13:00:00,5840.26,5843.31,5822.13,5841.02,228538084
2024-09-09 14:00:00,5841.02,5845.64,5829.87,5843.55,382398935
2024-09-09 15:00:00,5843.55,5858.54,5840.05,5845.83,762978330
2024-09-10 09:00:00,5825.0,5836.45,5814.99,5835.48,660475099
2024-09-10 10:00:00,5835.48,5859.21,5834.1,5844.02,799186967
2024-09-10 11:00:00,5844.02,5852.88,5822.0,5825.37,378946405
2024-09-10 12:00:00,5825.37,5841.5,5818.79,5819.48,177777767
2024-09-10 13:00:00,5819.48,5839.73,5805.01,5839.23,335233521
2024-09-10 14:00:00,5839.23,5868.59,5833.62,5865.17,448713186
2024-09-10 15:00:00,5865.17,5906.66,5863.42,5902.94,960870804
2024-09-11 09:00:00,5901.25,5901.61,5879.26,5882.81,575826644
2024-09-11 10:00:00,5882.81,5896.1,5869.88,5882.66,555794344
2024-09-11 11:00:00,5882.66,5883.64,5850.72,5856.29,251526806
2024-09-11 12:00:00,5856.29,5864.38,5843.22,5843.3,141886492
2024-09-11 13:00:00,5843.3,5844.97,5821.48,5837.77,227214978
2024-09-11 14:00:00,5837.77,5904.45,5798.19,5887.65,332331854
2024-09-11 15:00:00,5887.65,5918.26,5887.56,5889.73,695399561
2024-09-12 09:00:00,5892.7,5894.02,5878.07,5879.34,544831818
2024-09-12 10:00:00,5879.34,5890.73,5866.41,5869.68,596284329
2024-09-12 11:00:00,5869.68,5893.78,5860.74,5891.31,310930833
2024-09-12 12:00:00,5891.31,5894.49,5873.63,5880.14,156056400
2024-09-12 13:00:00,5880.14,5914.59,5852.0,5910.62,255987698
2024-09-12 14:00:00,5910.62,5921.92,5903.18,5905.65,433707682
2024-09-12 15:00:00,5905.65,5926.86,5855.04,5883.66,783764480
2024-09-13 09:00:00,5889.79,5892.9,5853.78,5863.05,491038346
2024-09-13 10:00:00,5863.05,5873.51,5844.73,5846.18,493309771
2024-09-13 11:00:00,5846.18,5862.65,5843.18,5860.19,240934956
2024-09-13 12:00:00,5860.19,5863.13,5839.77,5856.17,115893782
2024-09-13 13:00:00,5856.17,5870.37,5847.2,5848.9,212337186
2024-09-13 14:00:00,5848.9,5869.12,5841.67,5867.8,281202924
2024-09-13 15:00:00,5867.8,5882.36,5865.09,5878.55,643609966
2024-09-16 09:00:00,5887.38,5895.72,5877.58,5890.77,700465501
2024-09-16 10:00:00,5890.77,5891.09,5866.58,5888.98,825933387
2024-09-16 11:00:00,5888.98,5896.1,5874.8,5875.54,382836293
2024-09-16 12:00:00,5875.54,5876.95,5840.06,5851.3,197053696
2024-09-16 13:00:00,5851.3,5876.66,5844.98,5850.08,343037458
2024-09-16 14:00:00,5850.08,5855.49,5821.22,5854.98,527471576
2024-09-16 15:00:00,5854.98,5871.16,5852.56,5868.7,976820426
2024-09-17 09:00:00,5855.91,5887.07,5855.6,5878.51,678568700
2024-09-17 10:00:00,5878.51,5902.96,5877.85,5899.36,685976482
2024-09-17 11:00:00,5899.36,5908.77,5879.81,5898.04,343499077
2024-09-17 12:00:00,5898.04,5900.26,5880.05,5885.42,190363294
2024-09-17 13:00:00,5885.42,5895.34,5872.62,5892.84,273451650
2024-09-17 14:00:00,5892.84,5901.34,5861.56,5868.04,426320301
2024-09-17 15:00:00,5868.04,5884.14,5857.75,5864.62,799900146
2024-09-18 09:00:00,5854.48,5859.77,5839.3,5852.93,833830984
2024-09-18 10:00:00,5852.93,5866.65,5817.51,5823.2,1020807911
2024-09-18 11:00:00,5823.2,5839.59,5814.81,5837.65,481713147
2024-09-18 12:00:00,5837.65,5841.57,5815.49,5837.53,237827389
2024-09-18 13:00:00,5837.53,5839.78,5820.29,5823.0,415766089
2024-09-18 14:00:00,5823.0,5834.21,5800.34,5805.36,623511268
2024-09-18 15:00:00,5805.36,5817.69,5786.97,5796.34,1358924001
2024-09-19 09:00:00,5819.54,5844.72,5817.45,5841.48,985623985
2024-09-19 10:00:00,5841.48,5844.15,5818.7,5839.23,893948427
2024-09-19 11:00:00,5839.23,5854.31,5832.03,5836.76,448746249
2024-09-19 12:00:00,5836.76,5849.43,5817.55,5846.98,267025738
2024-09-19 13:00:00,5846.98,5864.33,5833.2,5861.94,438420364
2024-09-19 14:00:00,5861.94,5887.65,5860.13,5869.81,784767961
2024-09-19 15:00:00,5869.81,5873.51,5848.19,5855.45,1394269759
2024-09-20 09:00:00,5857.44,5857.5,5842.01,5848.59,776358988
2024-09-20 10:00:00,5848.59,5861.33,5833.5,5856.79,928987565
2024-09-20 11:00:00,5856.79,5868.91,5845.94,5853.48,479669179
2024-09-20 12:00:00,5853.48,5857.02,5829.82,5849.02,216427179
2024-09-20 13:00:00,5849.02,5850.21,5830.57,5843.48,338812928
2024-09-20 14:00:00,5843.48,5846.57,5817.24,5846.07,642829711
2024-09-20 15:00:00,5846.07,5847.23,5817.45,5819.26,1295357525
2024-09-23 09:00:00,5811.24,5826.14,5809.29,5810.72,578639085
2024-09-23 10:00:00,5810.72,5811.13,5787.88,5792.41,753494867
2024-09-23 11:00:00,5792.41,5801.66,5779.55,5792.37,378748389
2024-09-23 12:00:00,5792.37,5821.43,5784.38,5812.68,200057195
2024-09-23 13:00:00,5812.68,5819.81,5785.89,5811.34,363473628
2024-09-23 14:00:00,5811.34,5824.62,5807.01,5809.56,458997037
2024-09-23 15:00:00,5809.56,5837.38,5803.07,5826.56,1004066451
2024-09-24 09:00:00,5857.61,5862.96,5851.75,5860.99,1185653208
2024-09-24 10:00:00,5860.99,5890.96,5858.27,5881.66,1199624494
2024-09-24 11:00:00,5881.66,5899.67,5875.45,5887.83,615555008
2024-09-24 12:00:00,5887.83,5897.91,5879.57,5893.96,287395475
2024-09-24 13:00:00,5893.96,5909.54,5892.1,5902.69,525723732
2024-09-24 14:00:00,5902.69,5917.77,5897.57,5917.35,797808556
2024-09-24 15:00:00,5917.35,5920.46,5897.28,5915.03,1355263553
2024-09-25 09:00:00,5908.93,5918.23,5903.32,5914.38,601397301
2024-09-25 10:00:00,5914.38,5914.58,5878.3,5879.32,696220374
2024-09-25 11:00:00,5879.32,5881.97,5862.79,5869.0,295635678
2024-09-25 12:00:00,5869.0,5888.22,5855.85,5877.93,145468399
2024-09-25 13:00:00,5877.93,5885.0,5851.44,5874.87,266676191
2024-09-25 14:00:00,5874.87,5883.37,5854.57,5861.33,416879625
2024-09-25 15:00:00,5861.33,5879.63,5852.83,5858.34,799563006
2024-09-26 09:00:00,5848.1,5865.97,5847.09,5860.04,693401647
2024-09-26 10:00:00,5860.04,5875.19,5852.19,5859.96,878921443
2024-09-26 11:00:00,5859.96,5861.06,5764.0,5790.23,386532577
2024-09-26 12:00:00,5790.23,5798.38,5774.8,5785.5,205995831
2024-09-26 13:00:00,5785.5,5795.34,5776.86,5781.54,357444897
2024-09-26 14:00:00,5781.54,5784.1,5747.73,5760.04,578635393
2024-09-26 15:00:00,5760.04,5774.65,5752.95,5755.12,922932595
2024-09-27 09:00:00,5750.51,5751.19,5739.08,5748.92,632017120
2024-09-27 10:00:00,5748.92,5750.35,5720.71,5724.83,595585381
2024-09-27 11:00:00,5724.83,5727.68,5683.39,5685.33,303470510
2024-09-27 12:00:00,5685.33,5689.04,5665.7,5685.89,158270520
2024-09-27 13:00:00,5685.89,5708.04,5681.95,5696.97,256967043
2024-09-27 14:00:00,5696.97,5697.26,5681.97,5688.51,415720186
2024-09-27 15:00:00,5688.51,5698.57,5677.98,5689.7,733002220
2024-09-30 09:00:00,5662.26,5674.29,5647.11,5647.73,514508832
2024-09-30 10:00:00,5647.73,5667.8,5642.99,5667.13,519624156
2024-09-30 11:00:00,5667.13,5684.55,5604.43,5628.33,261415531
2024-09-30 12:00:00,5628.33,5645.38,5624.91,5625.86,135808414
2024-09-30 13:00:00,5625.86,5636.08,5576.82,5589.2,220561396
2024-09-30 14:00:00,5589.2,5590.15,5568.36,5571.73,357179502
2024-09-30 15:00:00,5571.73,5593.12,5553.16,5590.46,714466438
2024-10-01 09:00:00,5580.31,5582.38,5560.79,5567.25,797127250
2024-10-01 10:00:00,5567.25,5591.78,5566.51,5585.62,785195173
2024-10-01 11:00:00,5585.62,5597.45,5572.6,5587.53,362191095
2024-10-01 12:00:00,5587.53,5605.19,5577.35,5582.23,171191150
2024-10-01 13:00:00,5582.23,5618.39,5580.14,5610.21,324918815
2024-10-01 14:00:00,5610.21,5616.98,5600.17,5608.4,445458683
2024-10-01 15:00:00,5608.4,5611.39,5568.84,5578.77,897735545
2024-10-02 09:00:00,5605.45,5620.22,5596.72,5619.11,515353993
2024-10-02 10:00:00,5619.11,5621.62,5607.94,5620.98,585638474
2024-10-02 11:00:00,5620.98,5628.7,5607.85,5618.49,337265958
2024-10-02 12:00:00,5618.49,5638.78,5607.78,5614.64,145853897
2024-10-02 13:00:00,5614.64,5623.83,5588.07,5588.76,286920855
2024-10-02 14:00:00,5588.76,5589.74,5561.29,5567.73,427232069
2024-10-02 15:00:00,5567.73,5574.83,5552.26,5558.78,829345179
2024-10-03 09:00:00,5552.23,5570.61,5551.46,5570.39,625665812
2024-10-03 10:00:00,5570.39,5602.34,5567.43,5601.55,721554066
2024-10-03 11:00:00,5601.55,5671.01,5601.53,5658.43,311427341
2024-10-03 12:00:00,5658.43,5698.04,5658.07,5696.64,157132628
2024-10-03 13:00:00,5696.64,5697.95,5665.49,5679.57,262923412
2024-10-03 14:00:00,5679.57,5680.32,5643.08,5645.5,436352688
2024-10-03 15:00:00,5645.5,5680.61,5643.42,5680.22,850303406
2024-10-04 09:00:00,5678.78,5690.22,5671.74,5681.06,929472361
2024-10-04 10:00:00,5681.06,5701.93,5674.97,5700.97,1023876791
2024-10-04 11:00:00,5700.97,5714.96,5692.88,5695.69,527292287
2024-10-04 12:00:00,5695.69,5723.58,5692.84,5716.3,233423157
2024-10-04 13:00:00,5716.3,5717.46,5699.7,5707.49,425839566
2024-10-04 14:00:00,5707.49,5714.2,5680.8,5688.93,650372027
2024-10-04 15:00:00,5688.93,5735.41,5679.21,5732.96,1177467819
2024-10-07 09:00:00,5734.1,5763.65,5724.93,5761.94,552154040
2024-10-07 10:00:00,5761.94,5786.67,5733.21,5783.97,622944251
2024-10-07 11:00:00,5783.97,5794.65,5737.69,5774.49,294408141
2024-10-07 12:00:00,5774.49,5800.74,5752.25,5798.34,158218549
2024-10-07 13:00:00,5798.34,5804.29,5773.46,5774.39,283437585
2024-10-07 14:00:00,5774.39,5785.38,5728.95,5763.74,410780487
2024-10-07 15:00:00,5763.74,5801.69,5746.25,5799.78,789212478
2024-10-08 09:00:00,5798.23,5799.4,5745.1,5758.04,789567644
2024-10-08 10:00:00,5758.04,5788.21,5749.19,5759.67,771172268
2024-10-08 11:00:00,5759.67,5790.53,5744.65,5757.33,372478335
2024-10-08 12:00:00,5757.33,5790.11,5736.17,5776.91,187259302
2024-10-08 13:00:00,5776.91,5819.41,5774.58,5801.81,353832888
2024-10-08 14:00:00,5801.81,5828.68,5762.33,5764.98,471333992
2024-10-08 15:00:00,5764.98,5779.35,5737.19,5761.04,1053460085
2024-10-09 09:00:00,5784.42,5801.28,5756.73,5768.0,897188549
2024-10-09 10:00:00,5768.0,5785.72,5744.76,5748.14,1128043326
2024-10-09 11:00:00,5748.14,5770.48,5727.09,5759.73,510175457
2024-10-09 12:00:00,5759.73,5814.03,5753.78,5802.82,270049778
2024-10-09 13:00:00,5802.82,5807.9,5757.77,5789.56,376220008
2024-10-09 14:00:00,5789.56,5846.25,5784.22,5833.03,729553987
2024-10-09 15:00:00,5833.03,5902.02,5821.97,5882.54,1415890436
2024-10-10 09:00:00,5852.24,5882.28,5851.78,5879.93,934162921
2024-10-10 10:00:00,5879.93,5917.77,5855.92,5911.86,909610156
2024-10-10 11:00:00,5911.86,5960.1,5899.43,5956.66,428140202
2024-10-10 12:00:00,5956.66,5975.88,5939.68,5950.82,201427446
2024-10-10 13:00:00,5950.82,6004.2,5943.25,5980.57,383942264
2024-10-10 14:00:00,5980.57,6017.47,5969.03,5991.09,635054259
2024-10-10 15:00:00,5991.09,6015.76,5968.63,6010.68,1238553706
2024-10-11 09:00:00,5978.86,5980.36,5947.55,5948.7,667802970
2024-10-11 10:00:00,5948.7,5950.71,5855.22,5870.64,783428987
2024-10-11 11:00:00,5870.64,5948.59,5854.5,5920.34,380920252
2024-10-11 12:00:00,5920.34,5981.72,5918.08,5963.3,192516379
2024-10-11 13:00:00,5963.3,6010.41,5956.91,5959.13,309313036
2024-10-11 14:00:00,5959.13,5988.45,5940.8,5957.86,484841710
2024-10-11 15:00:00,5957.86,5974.78,5930.91,5962.28,972732647
2024-10-14 09:00:00,5963.05,5967.82,5930.92,5932.96,707907261
2024-10-14 10:00:00,5932.96,5953.64,5883.46,5887.26,745959356
2024-10-14 11:00:00,5887.26,5902.73,5858.23,5876.63,386883101
2024-10-14 12:00:00,5876.63,5897.1,5862.21,5891.3,185233064
2024-10-14 13:00:00,5891.3,5897.85,5847.5,5856.65,312366409
2024-10-14 14:00:00,5856.65,5867.68,5834.23,5857.28,426303340
2024-10-14 15:00:00,5857.28,5862.53,5836.53,5837.63,904950063
2024-10-15 09:00:00,5799.04,5820.53,5788.84,5805.21,558556612
2024-10-15 10:00:00,5805.21,5819.89,5783.77,5800.11,445541441
2024-10-15 11:00:00,5800.11,5831.7,5783.82,5811.86,250002689
2024-10-15 12:00:00,5811.86,5822.43,5747.98,5761.28,132927980
2024-10-15 13:00:00,5761.28,5794.61,5733.9,5784.05,229915435
2024-10-15 14:00:00,5784.05,5830.12,5767.85,5777.47,353646910
2024-10-15 15:00:00,5777.47,5853.48,5769.27,5834.22,716385106
2024-10-16 09:00:00,5864.02,5868.6,5836.37,5845.34,791474939
2024-10-16 10:00:00,5845.34,5862.85,5822.29,5835.13,696249598
2024-10-16 11:00:00,5835.13,5839.16,5784.95,5786.76,376142073
2024-10-16 12:00:00,5786.76,5827.74,5765.28,5826.25,186429596
2024-10-16 13:00:00,5826.25,5877.56,5784.87,5855.56,325194285
2024-10-16 14:00:00,5855.56,5885.63,5844.78,5870.14,552608733
2024-10-16 15:00:00,5870.14,5938.98,5862.11,5935.36,935278108
2024-10-17 09:00:00,5916.41,5932.35,5900.97,5909.28,607076364
2024-10-17 10:00:00,5909.28,5964.16,5898.87,5963.63,583412797
2024-10-17 11:00:00,5963.63,6008.05,5947.38,6003.67,265485837
2024-10-17 12:00:00,6003.67,6040.03,5991.76,6038.11,167744055
2024-10-17 13:00:00,6038.11,6046.27,6013.34,6030.74,250479638
2024-10-17 14:00:00,6030.74,6077.01,6022.92,6053.86,386793769
2024-10-17 15:00:00,6053.86,6055.6,5924.67,5930.35,810100180
2024-10-18 09:00:00,5891.77,5902.96,5875.66,5891.42,517108271
2024-10-18 10:00:00,5891.42,5891.91,5834.74,5882.89,622100839
2024-10-18 11:00:00,5882.89,5894.47,5797.93,5812.64,332196957
2024-10-18 12:00:00,5812.64,5819.31,5769.33,5783.21,163664190
2024-10-18 13:00:00,5783.21,5786.61,5748.71,5784.9,242332577
2024-10-18 14:00:00,5784.9,5863.77,5774.03,5861.91,408059363
2024-10-18 15:00:00,5861.91,5866.38,5794.03,5797.2,797346374
2024-10-21 09:00:00,5791.14,5793.09,5760.42,5783.57,702928736
2024-10-21 10:00:00,5783.57,5815.07,5771.86,5812.48,776471124
2024-10-21 11:00:00,5812.48,5867.94,5809.7,5857.91,370903297
2024-10-21 12:00:00,5857.91,5905.74,5851.02,5903.54,199344730
2024-10-21 13:00:00,5903.54,5927.65,5895.75,5907.84,331805264
2024-10-21 14:00:00,5907.84,5970.77,5903.58,5963.63,542373659
2024-10-21 15:00:00,5963.63,5993.12,5961.18,5977.56,1032881458
2024-10-22 09:00:00,5968.78,5988.4,5960.0,5982.87,577693917
2024-10-22 10:00:00,5982.87,6016.79,5962.74,5963.47,753526714
2024-10-22 11:00:00,5963.47,5968.65,5895.47,5929.71,365487751
2024-10-22 12:00:00,5929.71,5953.46,5923.2,5938.59,189730779
2024-10-22 13:00:00,5938.59,5965.5,5900.46,5952.76,339735250
2024-10-22 14:00:00,5952.76,5972.12,5941.53,5957.93,444254940
2024-10-22 15:00:00,5957.93,5997.28,5956.07,5983.3,1053944198
2024-10-23 09:00:00,6000.33,6024.81,5996.39,6011.93,424458477
2024-10-23 10:00:00,6011.93,6015.43,5973.06,5986.05,463179818
2024-10-23 11:00:00,5986.05,5994.14,5929.19,5944.11,198923427
2024-10-23 12:00:00,5944.11,5956.22,5905.79,5926.02,121214102
2024-10-23 13:00:00,5926.02,5947.27,5887.94,5893.14,200552891
2024-10-23 14:00:00,5893.14,5920.92,5879.52,5893.51,290117134
2024-10-23 15:00:00,5893.51,5919.72,5885.37,5915.7,618333402
2024-10-24 09:00:00,5949.3,5950.04,5921.36,5929.9,474659464
2024-10-24 10:00:00,5929.9,5956.49,5892.9,5947.41,477239866
2024-10-24 11:00:00,5947.41,5986.23,5933.86,5936.52,234638376
2024-10-24 12:00:00,5936.52,6017.66,5934.27,6009.18,130960413
2024-10-24 13:00:00,6009.18,6058.67,6006.41,6041.35,210842459
2024-10-24 14:00:00,6041.35,6046.62,6009.85,6018.13,383285426
2024-10-24 15:00:00,6018.13,6080.92,6018.08,6060.77,661737587
2024-10-25 09:00:00,6085.19,6106.38,6077.85,6102.86,394782055
2024-10-25 10:00:00,6102.86,6149.04,6095.67,6134.86,404383567
2024-10-25 11:00:00,6134.86,6185.96,6130.97,6175.18,217753197
2024-10-25 12:00:00,6175.18,6218.9,6169.59,6178.9,117311233
2024-10-25 13:00:00,6178.9,6245.11,6169.13,6230.82,174761303
2024-10-25 14:00:00,6230.82,6318.19,6217.37,6287.36,313193094
2024-10-25 15:00:00,6287.36,6310.24,6253.48,6302.74,552922376
2024-10-28 09:00:00,6310.45,6338.47,6308.42,6332.28,670030862
2024-10-28 10:00:00,6332.28,6412.14,6328.68,6403.25,687620740
2024-10-28 11:00:00,6403.25,6505.23,6402.68,6461.16,280380289
2024-10-28 12:00:00,6461.16,6498.16,6445.46,6496.77,168589165
2024-10-28 13:00:00,6496.77,6522.95,6453.43,6506.8,255618297
2024-10-28 14:00:00,6506.8,6523.85,6482.75,6510.61,415946930
2024-10-28 15:00:00,6510.61,6557.05,6505.83,6525.55,748508853
2024-10-29 09:00:00,6566.3,6592.69,6552.59,6586.26,576476848
2024-10-29 10:00:00,6586.26,6602.02,6536.85,6550.58,581130791
2024-10-29 11:00:00,6550.58,6577.99,6542.97,6565.21,279001415
2024-10-29 12:00:00,6565.21,6574.68,6515.45,6554.39,152944710
2024-10-29 13:00:00,6554.39,6557.47,6518.37,6539.7,249464829
2024-10-29 14:00:00,6539.7,6558.33,6492.79,6509.39,394336255
2024-10-29 15:00:00,6509.39,6519.4,6478.49,6494.65,717693207
2024-10-30 09:00:00,6451.0,6472.85,6443.64,6469.98,414331262
2024-10-30 10:00:00,6469.98,6489.42,6418.25,6454.23,448001359
2024-10-30 11:00:00,6454.23,6526.11,6452.31,6482.3,209945147
2024-10-30 12:00:00,6482.3,6488.83,6446.22,6474.71,114278657
2024-10-30 13:00:00,6474.71,6536.31,6468.41,6534.28,195575262
2024-10-30 14:00:00,6534.28,6537.36,6497.45,6510.11,275821756
2024-10-30 15:00:00,6510.11,6539.89,6507.85,6522.8,572181503
2024-10-31 09:00:00,6565.37,6570.82,6522.74,6528.59,929750428
2024-10-31 10:00:00,6528.59,6607.23,6510.36,6602.36,987287054
2024-10-31 11:00:00,6602.36,6672.32,6601.29,6670.04,439020885
2024-10-31 12:00:00,6670.04,6696.88,6626.86,6629.14,212148791
2024-10-31 13:00:00,6629.14,6726.8,6628.85,6701.88,347396375
2024-10-31 14:00:00,6701.88,6724.63,6676.64,6718.94,587380096
2024-10-31 15:00:00,6718.94,6755.21,6702.11,6703.48,1178872411
2024-11-01 09:00:00,6689.15,6699.46,6654.49,6672.98,606089875
2024-11-01 10:00:00,6672.98,6676.29,6604.47,6614.3,575364050
2024-11-01 11:00:00,6614.3,6626.82,6590.45,6611.94,302375560
2024-11-01 12:00:00,6611.94,6624.28,6569.22,6612.15,151654918
2024-11-01 13:00:00,6612.15,6687.64,6609.36,6665.67,236466645
2024-11-01 14:00:00,6665.67,6674.77,6625.7,6626.14,367580812
2024-11-01 15:00:00,6626.14,6648.21,6600.21,6643.69,733298575
2024-11-04 09:00:00,6711.47,6833.81,6705.08,6815.36,1278039400
2024-11-04 10:00:00,6815.36,6824.16,6789.0,6806.02,1173517531
2024-11-04 11:00:00,6806.02,6844.99,6767.99,6836.46,538761112
2024-11-04 12:00:00,6836.46,6876.16,6826.73,6841.31,294137023
2024-11-04 13:00:00,6841.31,6890.33,6834.11,6850.48,403516015
2024-11-04 14:00:00,6850.48,6851.19,6809.39,6819.35,743525637
2024-11-04 15:00:00,6819.35,6837.69,6806.16,6835.19,1526385207
2024-11-05 09:00:00,6867.02,6887.08,6858.67,6878.84,369993457
2024-11-05 10:00:00,6878.84,6923.11,6864.75,6905.43,392533785
2024-11-05 11:00:00,6905.43,6906.48,6859.26,6886.15,206899227
2024-11-05 12:00:00,6886.15,6889.95,6827.34,6867.55,102472445
2024-11-05 13:00:00,6867.55,6953.34,6858.37,6944.29,181339876
2024-11-05 14:00:00,6944.29,6995.55,6911.18,6911.66,283004437
2024-11-05 15:00:00,6911.66,6967.63,6897.02,6938.19,535299843
2024-11-06 09:00:00,6945.12,6957.8,6918.92,6924.09,431400347
2024-11-06 10:00:00,6924.09,6929.14,6882.43,6922.75,428935189
2024-11-06 11:00:00,6922.75,6963.73,6903.9,6953.28,204993812
2024-11-06 12:00:00,6953.28,6985.11,6932.22,6942.41,100013380
2024-11-06 13:00:00,6942.41,6977.55,6927.06,6966.48,154028254
2024-11-06 14:00:00,6966.48,6976.84,6942.73,6956.99,247729711
2024-11-06 15:00:00,6956.99,6971.86,6909.13,6922.85,527389709
2024-11-07 09:00:00,6878.52,6903.24,6864.16,6903.05,734072883
2024-11-07 10:00:00,6903.05,6906.04,6822.8,6825.38,753284586
2024-11-07 11:00:00,6825.38,6826.64,6775.5,6799.96,401309353
2024-11-07 12:00:00,6799.96,6840.74,6779.2,6792.96,202166400
2024-11-07 13:00:00,6792.96,6797.87,6755.93,6773.31,341498874
2024-11-07 14:00:00,6773.31,6785.0,6715.08,6759.05,535521211
2024-11-07 15:00:00,6759.05,6806.98,6750.46,6773.55,1096452999
2024-11-08 09:00:00,6738.9,6751.38,6718.25,6732.88,677151988
2024-11-08 10:00:00,6732.88,6774.82,6723.31,6773.82,759659819
2024-11-08 11:00:00,6773.82,6825.0,6771.99,6808.14,353398812
2024-11-08 12:00:00,6808.14,6838.58,6789.14,6793.84,193825225
2024-11-08 13:00:00,6793.84,6798.64,6712.6,6728.39,292970651
2024-11-08 14:00:00,6728.39,6735.78,6624.12,6632.11,427405240
2024-11-08 15:00:00,6632.11,6669.58,6630.45,6641.37,983473472
2024-11-11 09:00:00,6642.71,6685.46,6638.05,6674.61,806890838
2024-11-11 10:00:00,6674.61,6711.72,6659.0,6709.79,894071672
2024-11-11 11:00:00,6709.79,6747.17,6697.35,6733.76,388842079
2024-11-11 12:00:00,6733.76,6750.23,6702.49,6748.84,234651109
2024-11-11 13:00:00,6748.84,6751.93,6682.54,6704.67,394494725
2024-11-11 14:00:00,6704.67,6720.14,6657.03,6670.74,582560459
2024-11-11 15:00:00,6670.74,6716.53,6659.18,6705.22,1054649405
2024-11-12 09:00:00,6679.9,6688.65,6657.98,6658.23,762239529
2024-11-12 10:00:00,6658.23,6733.12,6650.55,6730.62,854669210
2024-11-12 11:00:00,6730.62,6749.1,6703.63,6714.91,409573187
2024-11-12 12:00:00,6714.91,6741.93,6694.39,6710.49,215637751
2024-11-12 13:00:00,6710.49,6711.6,6645.73,6681.75,334427279
2024-11-12 14:00:00,6681.75,6719.36,6660.76,6672.75,547686332
2024-11-12 15:00:00,6672.75,6692.14,6635.79,6646.01,977035759
2024-11-13 09:00:00,6646.75,6669.05,6636.45,6657.27,650452010
2024-11-13 10:00:00,6657.27,6669.95,6622.36,6667.45,775473356
2024-11-13 11:00:00,6667.45,6677.21,6596.25,6610.87,312915350
2024-11-13 12:00:00,6610.87,6624.75,6587.72,6624.04,189779435
2024-11-13 13:00:00,6624.04,6643.4,6599.88,6606.39,268180825
2024-11-13 14:00:00,6606.39,6613.94,6530.3,6551.09,415447110
2024-11-13 15:00:00,6551.09,6555.64,6486.4,6499.99,921360451
2024-11-14 09:00:00,6481.14,6486.54,6421.58,6429.51,378599116
2024-11-14 10:00:00,6429.51,6449.24,6407.76,6411.2,448408638
2024-11-14 11:00:00,6411.2,6437.01,6405.52,6410.35,229823445
2024-11-14 12:00:00,6410.35,6410.54,6353.62,6355.79,122961421
2024-11-14 13:00:00,6355.79,6367.41,6318.53,6344.51,191087443
2024-11-14 14:00:00,6344.51,6384.93,6335.22,6378.58,285553883
2024-11-14 15:00:00,6378.58,6399.53,6318.71,6321.16,584668792
2024-11-15 09:00:00,6325.78,6341.53,6295.43,6305.04,858136549
2024-11-15 10:00:00,6305.04,6306.2,6226.58,6253.98,1155856676
2024-11-15 11:00:00,6253.98,6282.74,6194.63,6225.31,455306397
2024-11-15 12:00:00,6225.31,6276.84,6221.37,6265.4,267496970
2024-11-15 13:00:00,6265.4,6272.54,6188.33,6191.42,474039541
2024-11-15 14:00:00,6191.42,6221.4,6177.45,6189.87,680366207
2024-11-15 15:00:00,6189.87,6239.52,6178.63,6232.96,1315587676
2024-11-18 09:00:00,6257.17,6258.78,6220.79,6248.69,1470201789
2024-11-18 10:00:00,6248.69,6272.45,6237.96,6245.09,1528009413
2024-11-18 11:00:00,6245.09,6258.77,6139.16,6161.28,660130859
2024-11-18 12:00:00,6161.28,6163.71,6113.49,6129.84,372514832
2024-11-18 13:00:00,6129.84,6141.89,6068.36,6072.38,585120459
2024-11-18 14:00:00,6072.38,6081.96,6033.27,6054.03,883283519
2024-11-18 15:00:00,6054.03,6100.72,6047.78,6058.72,1885720165
2024-11-19 09:00:00,6040.11,6055.53,6027.08,6032.15,594149706
2024-11-19 10:00:00,6032.15,6066.49,6021.15,6026.07,678417286
2024-11-19 11:00:00,6026.07,6086.71,6017.18,6065.56,336039858
2024-11-19 12:00:00,6065.56,6089.14,6019.2,6019.91,175269531
2024-11-19 13:00:00,6019.91,6025.15,5976.76,5978.97,281549741
2024-11-19 14:00:00,5978.97,6001.36,5956.21,5988.47,495432160
2024-11-19 15:00:00,5988.47,6012.17,5970.11,5989.01,830527513
2024-11-20 09:00:00,5987.93,6002.07,5945.98,5981.96,1179734037
2024-11-20 10:00:00,5981.96,5993.79,5937.64,5966.47,1416406663
2024-11-20 11:00:00,5966.47,5970.11,5914.87,5917.81,629890455
2024-11-20 12:00:00,5917.81,5965.83,5917.59,5949.35,307174904
2024-11-20 13:00:00,5949.35,5978.33,5936.89,5964.98,483941066
2024-11-20 14:00:00,5964.98,5971.88,5931.31,5963.48,708786913
2024-11-20 15:00:00,5963.48,5972.3,5922.15,5930.62,1670397778
2024-11-21 09:00:00,5947.36,5949.06,5897.83,5922.22,690624935
2024-11-21 10:00:00,5922.22,5998.65,5921.24,5972.85,821123932
2024-11-21 11:00:00,5972.85,5984.7,5926.24,5938.65,361160214
2024-11-21 12:00:00,5938.65,5968.69,5936.2,5957.28,211802422
2024-11-21 13:00:00,5957.28,5969.25,5921.67,5967.01,313011988
2024-11-21 14:00:00,5967.01,5986.13,5926.88,5953.49,540140616
2024-11-21 15:00:00,5953.49,6012.25,5946.91,5997.68,1107349510
2024-11-22 09:00:00,6002.51,6012.67,5996.08,6007.8,566494625
2024-11-22 10:00:00,6007.8,6044.76,5993.23,6006.54,713314319
2024-11-22 11:00:00,6006.54,6033.67,5984.67,6012.67,294501339
2024-11-22 12:00:00,6012.67,6051.53,6004.77,6046.0,172210316
2024-11-22 13:00:00,6046.0,6093.89,6041.97,6083.64,298897898
2024-11-22 14:00:00,6083.64,6110.28,6072.83,6097.96,448613181
2024-11-22 15:00:00,6097.96,6121.35,6076.29,6117.2,937215069
2024-11-25 09:00:00,6106.25,6144.32,6105.0,6141.99,726673461
2024-11-25 10:00:00,6141.99,6162.69,6107.59,6160.48,809509664
2024-11-25 11:00:00,6160.48,6241.84,6158.73,6223.46,404291269
2024-11-25 12:00:00,6223.46,6242.25,6142.09,6145.7,206453997
2024-11-25 13:00:00,6145.7,6158.65,6120.18,6148.82,315532594
2024-11-25 14:00:00,6148.82,6163.71,6111.57,6131.91,491498963
2024-11-25 15:00:00,6131.91,6133.74,6082.94,6088.62,924677478
2024-11-26 09:00:00,6044.64,6076.92,6034.21,6069.51,707599359
2024-11-26 10:00:00,6069.51,6109.92,6065.33,6094.51,656120663
2024-11-26 11:00:00,6094.51,6107.04,6025.62,6027.52,334345338
2024-11-26 12:00:00,6027.52,6063.52,6021.89,6051.33,162094935
2024-11-26 13:00:00,6051.33,6053.83,6017.24,6027.75,283203612
2024-11-26 14:00:00,6027.75,6044.93,6002.78,6005.1,428209376
2024-11-26 15:00:00,6005.1,6022.81,5934.2,5941.08,928874535
2024-11-27 09:00:00,5897.55,5904.42,5875.29,5894.24,576398149
2024-11-27 10:00:00,5894.24,5899.82,5843.99,5857.42,623816914
2024-11-27 11:00:00,5857.42,5885.33,5831.29,5879.23,346139426
2024-11-27 12:00:00,5879.23,5885.43,5852.36,5861.31,147112442
2024-11-27 13:00:00,5861.31,5862.04,5822.85,5848.54,242028626
2024-11-27 14:00:00,5848.54,5894.55,5846.98,5882.63,429067886
2024-11-27 15:00:00,5882.63,5903.6,5854.27,5858.76,798467653
2024-11-29 09:00:00,5848.46,5880.89,5835.06,5860.17,833458194
2024-11-29 10:00:00,5860.17,5872.43,5812.0,5827.43,911803353
2024-11-29 11:00:00,5827.43,5863.11,5820.69,5823.82,430521295
2024-11-29 12:00:00,5823.82,5828.93,5770.0,5789.81,243768143
2024-11-29 13:00:00,5789.81,5793.26,5741.85,5773.52,367162497
2024-11-29 14:00:00,5773.52,5811.52,5756.62,5801.31,599398741
2024-11-29 15:00:00,5801.31,5847.64,5796.52,5835.33,1097464507
2024-12-02 09:00:00,5810.37,5817.1,5790.1,5795.98,421673536
2024-12-02 10:00:00,5795.98,5849.18,5788.11,5839.3,559392222
2024-12-02 11:00:00,5839.3,5869.38,5801.45,5805.08,252994699
2024-12-02 12:00:00,5805.08,5831.11,5765.49,5772.83,123059657
2024-12-02 13:00:00,5772.83,5774.5,5719.19,5733.57,204826958
2024-12-02 14:00:00,5733.57,5755.72,5683.9,5706.07,321494717
2024-12-02 15:00:00,5706.07,5732.79,5685.34,5731.73,630392234
2024-12-03 09:00:00,5705.71,5727.2,5690.39,5720.83,372138985
2024-12-03 10:00:00,5720.83,5750.24,5718.68,5744.75,415365689
2024-12-03 11:00:00,5744.75,5764.94,5719.62,5749.43,170097658
2024-12-03 12:00:00,5749.43,5765.63,5736.7,5752.03,97997736
2024-12-03 13:00:00,5752.03,5766.55,5729.2,5729.84,158246401
2024-12-03 14:00:00,5729.84,5738.76,5709.1,5725.65,235883381
2024-12-03 15:00:00,5725.65,5736.83,5689.83,5716.72,414373703
2024-12-04 09:00:00,5729.9,5735.91,5703.16,5707.46,735592858
2024-12-04 10:00:00,5707.46,5729.42,5676.72,5691.96,797836032
2024-12-04 11:00:00,5691.96,5698.98,5652.05,5676.27,415925172
2024-12-04 12:00:00,5676.27,5678.64,5615.03,5618.72,200763813
2024-12-04 13:00:00,5618.72,5622.33,5563.86,5571.09,334998352
2024-12-04 14:00:00,5571.09,5601.94,5568.47,5593.48,540456358
2024-12-04 15:00:00,5593.48,5614.48,5515.06,5519.49,1017083860
2024-12-05 09:00:00,5540.19,5603.84,5537.25,5598.31,677479856
2024-12-05 10:00:00,5598.31,5616.3,5572.9,5587.54,639830149
2024-12-05 11:00:00,5587.54,5596.89,5562.31,5568.55,315986639
2024-12-05 12:00:00,5568.55,5648.43,5567.89,5603.29,167846422
2024-12-05 13:00:00,5603.29,5606.66,5538.71,5561.01,263239763
2024-12-05 14:00:00,5561.01,5569.73,5523.65,5542.45,389522685
2024-12-05 15:00:00,5542.45,5565.18,5523.19,5528.96,822070667
2024-12-06 09:00:00,5509.01,5514.19,5487.67,5493.3,409675360
2024-12-06 10:00:00,5493.3,5516.56,5480.83,5515.61,375987253
2024-12-06 11:00:00,5515.61,5539.36,5493.62,5515.78,197215204
2024-12-06 12:00:00,5515.78,5545.21,5498.92,5514.27,117456509
2024-12-06 13:00:00,5514.27,5545.25,5496.5,5536.44,178861790
2024-12-06 14:00:00,5536.44,5628.0,5535.03,5623.02,263457475
2024-12-06 15:00:00,5623.02,5649.87,5614.23,5638.31,496773517
2024-12-09 09:00:00,5675.55,5679.31,5646.26,5662.57,1019043022
2024-12-09 10:00:00,5662.57,5698.84,5640.25,5685.68,918395384
2024-12-09 11:00:00,5685.68,5692.33,5636.34,5639.82,499695435
2024-12-09 12:00:00,5639.82,5675.51,5635.66,5668.24,256182321
2024-12-09 13:00:00,5668.24,5731.31,5665.9,5679.43,421441395
2024-12-09 14:00:00,5679.43,5707.5,5644.51,5671.99,620791439
2024-12-09 15:00:00,5671.99,5674.9,5649.72,5657.71,1279755872
2024-12-10 09:00:00,5645.23,5646.71,5610.07,5619.02,872006907
2024-12-10 10:00:00,5619.02,5665.26,5618.1,5637.1,863076547
2024-12-10 11:00:00,5637.1,5642.83,5614.99,5619.05,392796014
2024-12-10 12:00:00,5619.05,5630.26,5577.12,5593.21,219418645
2024-12-10 13:00:00,5593.21,5600.04,5558.95,5568.84,345841022
2024-12-10 14:00:00,5568.84,5583.95,5542.56,5552.24,571130673
2024-12-10 15:00:00,5552.24,5557.16,5499.86,5506.26,1093237098
2024-12-11 09:00:00,5509.87,5512.59,5491.6,5499.45,852251811
2024-12-11 10:00:00,5499.45,5551.66,5498.44,5520.96,814868977
2024-12-11 11:00:00,5520.96,5548.22,5504.2,5540.41,370872144
2024-12-11 12:00:00,5540.41,5567.98,5533.35,5555.02,223703143
2024-12-11 13:00:00,5555.02,5577.06,5530.69,5552.54,311959694
2024-12-11 14:00:00,5552.54,5553.38,5511.08,5542.67,524563659
2024-12-11 15:00:00,5542.67,5544.18,5489.84,5517.41,1045422326
2024-12-12 09:00:00,5510.4,5534.45,5493.13,5521.87,402728998
2024-12-12 10:00:00,5521.87,5541.24,5485.17,5504.6,426633431
2024-12-12 11:00:00,5504.6,5512.57,5459.4,5473.92,204827803
2024-12-12 12:00:00,5473.92,5510.76,5469.4,5496.33,117591937
2024-12-12 13:00:00,5496.33,5512.78,5472.87,5511.69,178969108
2024-12-12 14:00:00,5511.69,5542.64,5495.04,5528.67,275168802
2024-12-12 15:00:00,5528.67,5531.57,5485.16,5526.3,602395346
2024-12-13 09:00:00,5508.67,5527.13,5504.95,5509.43,562738659
2024-12-13 10:00:00,5509.43,5569.24,5508.9,5555.73,569537085
2024-12-13 11:00:00,5555.73,5595.18,5537.37,5577.22,294861261
2024-12-13 12:00:00,5577.22,5624.93,5574.66,5614.11,150570338
2024-12-13 13:00:00,5614.11,5657.54,5610.2,5642.73,261132046
2024-12-13 14:00:00,5642.73,5650.83,5594.6,5595.77,435757160
2024-12-13 15:00:00,5595.77,5612.24,5566.11,5583.62,915614514
2024-12-16 09:00:00,5635.15,5655.72,5617.67,5653.6,640178956
2024-12-16 10:00:00,5653.6,5697.76,5647.61,5690.87,683438733
2024-12-16 11:00:00,5690.87,5709.85,5656.69,5671.44,319389521
2024-12-16 12:00:00,5671.44,5709.02,5659.21,5708.84,171963541
2024-12-16 13:00:00,5708.84,5715.77,5682.61,5695.37,314913963
2024-12-16 14:00:00,5695.37,5726.49,5680.65,5691.19,506504559
2024-12-16 15:00:00,5691.19,5694.89,5638.26,5642.91,981615910
2024-12-17 09:00:00,5636.49,5644.74,5621.25,5638.6,789722811
2024-12-17 10:00:00,5638.6,5667.18,5623.97,5663.24,971915031
2024-12-17 11:00:00,5663.24,5729.38,5662.34,5726.62,431730752
2024-12-17 12:00:00,5726.62,5758.32,5702.56,5720.58,244819493
2024-12-17 13:00:00,5720.58,5744.65,5696.38,5705.86,387388800
2024-12-17 14:00:00,5705.86,5712.89,5666.96,5669.2,606995705
2024-12-17 15:00:00,5669.2,5708.57,5668.62,5686.55,1280231399
2024-12-18 09:00:00,5684.18,5703.48,5672.72,5681.38,702854756
2024-12-18 10:00:00,5681.38,5682.99,5599.55,5601.32,621996242
2024-12-18 11:00:00,5601.32,5654.96,5597.69,5624.12,307152838
2024-12-18 12:00:00,5624.12,5626.0,5555.76,5571.83,175305744
2024-12-18 13:00:00,5571.83,5588.22,5547.94,5563.59,264653634
2024-12-18 14:00:00,5563.59,5578.22,5541.49,5548.1,401785307
2024-12-18 15:00:00,5548.1,5562.23,5510.8,5525.42,849771951
2024-12-19 09:00:00,5552.68,5584.85,5550.8,5571.69,914550555
2024-12-19 10:00:00,5571.69,5613.68,5566.43,5611.84,1044289554
2024-12-19 11:00:00,5611.84,5640.49,5606.75,5636.61,469252484
2024-12-19 12:00:00,5636.61,5662.55,5624.19,5625.01,279877059
2024-12-19 13:00:00,5625.01,5652.02,5614.3,5648.15,462805000
2024-12-19 14:00:00,5648.15,5680.99,5622.82,5680.93,638376094
2024-12-19 15:00:00,5680.93,5731.65,5669.29,5724.15,1281233386
2024-12-20 09:00:00,5722.33,5740.56,5712.69,5724.37,601222458
2024-12-20 10:00:00,5724.37,5754.67,5715.95,5740.55,565493970
2024-12-20 11:00:00,5740.55,5753.32,5725.01,5743.39,299693742
2024-12-20 12:00:00,5743.39,5799.64,5738.0,5774.15,147329064
2024-12-20 13:00:00,5774.15,5781.68,5744.43,5755.59,248561222
2024-12-20 14:00:00,5755.59,5760.15,5729.13,5732.17,376222329
2024-12-20 15:00:00,5732.17,5760.67,5718.04,5749.21,755055805
2024-12-23 09:00:00,5720.96,5726.3,5697.65,5706.2,394253349
2024-12-23 10:00:00,5706.2,5748.08,5690.08,5741.93,489791865
2024-12-23 11:00:00,5741.93,5808.12,5736.58,5798.68,211194752
2024-12-23 12:00:00,5798.68,5820.65,5779.55,5797.61,105923248
2024-12-23 13:00:00,5797.61,5831.32,5782.38,5795.36,185839146
2024-12-23 14:00:00,5795.36,5801.66,5724.16,5751.68,301024173
2024-12-23 15:00:00,5751.68,5824.03,5749.68,5800.97,565216259
2024-12-24 09:00:00,5801.08,5822.84,5793.93,5800.56,589145470
2024-12-24 10:00:00,5800.56,5818.05,5744.34,5748.05,608280310
2024-12-24 11:00:00,5748.05,5789.75,5737.28,5779.44,284434812
2024-12-24 12:00:00,5779.44,5795.76,5744.43,5778.23,148654974
2024-12-24 13:00:00,5778.23,5814.45,5773.16,5807.59,259387606
2024-12-24 14:00:00,5807.59,5829.57,5790.43,5824.86,390420757
2024-12-24 15:00:00,5824.86,5847.29,5803.01,5845.32,766942980
2024-12-26 09:00:00,5838.91,5845.8,5823.88,5832.09,157591876
2024-12-26 10:00:00,5832.09,5872.02,5808.07,5861.72,221300724
2024-12-26 11:00:00,5861.72,5879.04,5824.25,5829.08,119672198
2024-12-26 12:00:00,5829.08,5879.54,5825.68,5869.48,53039012
2024-12-26 13:00:00,5869.48,5900.23,5867.38,5876.54,93240189
2024-12-26 14:00:00,5876.54,5900.26,5842.79,5863.02,147562692
2024-12-26 15:00:00,5863.02,5864.5,5803.73,5804.11,304906400
2024-12-27 09:00:00,5816.37,5822.35,5803.58,5820.81,619954864
2024-12-27 10:00:00,5820.81,5878.84,5810.43,5864.17,663053676
2024-12-27 11:00:00,5864.17,5866.31,5831.64,5854.34,308719138
2024-12-27 12:00:00,5854.34,5881.97,5824.15,5837.43,159438724
2024-12-27 13:00:00,5837.43,5866.03,5815.3,5860.38,280025974
2024-12-27 14:00:00,5860.38,5881.68,5831.73,5853.67,418771470
2024-12-27 15:00:00,5853.67,5876.29,5815.1,5842.59,920663202
2024-12-30 09:00:00,5824.29,5850.04,5821.87,5848.55,421898772
2024-12-30 10:00:00,5848.55,5850.05,5794.22,5812.82,438750465
2024-12-30 11:00:00,5812.82,5839.37,5798.67,5819.79,250790892
2024-12-30 12:00:00,5819.79,5870.24,5817.46,5863.76,131324244
2024-12-30 13:00:00,5863.76,5865.53,5835.82,5847.81,202066602
2024-12-30 14:00:00,5847.81,5848.18,5803.93,5804.88,321146616
2024-12-30 15:00:00,5804.88,5806.46,5758.77,5787.05,600874009
2024-12-31 09:00:00,5843.28,5903.89,5841.23,5900.03,722298100
2024-12-31 10:00:00,5900.03,5923.29,5859.01,5873.37,820717085
2024-12-31 11:00:00,5873.37,5920.38,5852.67,5907.98,355024073
2024-12-31 12:00:00,5907.98,5958.3,5903.25,5917.68,205426670
2024-12-31 13:00:00,5917.68,5951.67,5914.37,5931.67,296619781
2024-12-31 14:00:00,5931.67,5998.54,5931.55,5992.06,464747390
2024-12-31 15:00:00,5992.06,6018.18,5971.85,6000.23,1076137171
2025-01-02 09:00:00,6018.13,6076.14,6013.74,6073.64,456562652
2025-01-02 10:00:00,6073.64,6115.41,6053.31,6053.37,505804617
2025-01-02 11:00:00,6053.37,6061.07,5975.79,5977.21,238932143
2025-01-02 12:00:00,5977.21,6000.86,5962.42,5970.97,107315450
2025-01-02 13:00:00,5970.97,5993.87,5958.45,5980.93,186751981
2025-01-02 14:00:00,5980.93,6059.2,5960.64,6056.41,268356333
2025-01-02 15:00:00,6056.41,6100.88,6046.44,6087.79,545788808
2025-01-03 09:00:00,6069.51,6098.15,6057.24,6090.16,866454994
2025-01-03 10:00:00,6090.16,6097.22,6042.75,6074.09,734861730
2025-01-03 11:00:00,6074.09,6141.09,6066.32,6139.18,438439607
2025-01-03 12:00:00,6139.18,6208.82,6132.91,6207.38,192540726
2025-01-03 13:00:00,6207.38,6226.23,6146.36,6151.48,327314883
2025-01-03 14:00:00,6151.48,6223.79,6143.4,6203.03,582833027
2025-01-03 15:00:00,6203.03,6225.74,6178.16,6224.27,1157647284
2025-01-06 09:00:00,6256.69,6258.59,6210.09,6220.0,640738208
2025-01-06 10:00:00,6220.0,6300.7,6217.72,6250.58,607180051
2025-01-06 11:00:00,6250.58,6263.8,6190.83,6215.78,297030956
2025-01-06 12:00:00,6215.78,6227.55,6162.72,6173.99,158656354
2025-01-06 13:00:00,6173.99,6197.0,6150.78,6159.64,271963874
2025-01-06 14:00:00,6159.64,6161.81,6101.58,6154.04,395982247
2025-01-06 15:00:00,6154.04,6170.11,6131.04,6149.57,865702726
2025-01-07 09:00:00,6169.31,6207.87,6168.54,6197.11,456353767
2025-01-07 10:00:00,6197.11,6215.6,6166.55,6168.6,516860189
2025-01-07 11:00:00,6168.6,6187.54,6152.25,6173.94,254826603
2025-01-07 12:00:00,6173.94,6179.06,6144.26,6166.26,123770529
2025-01-07 13:00:00,6166.26,6181.59,6130.72,6150.62,188930741
2025-01-07 14:00:00,6150.62,6164.79,6106.35,6127.48,321519299
2025-01-07 15:00:00,6127.48,6184.08,6124.14,6165.25,595084212
2025-01-08 09:00:00,6119.96,6128.41,6105.88,6107.84,736376871
2025-01-08 10:00:00,6107.84,6126.45,6066.69,6091.15,752678212
2025-01-08 11:00:00,6091.15,6099.98,6052.46,6062.82,387981634
2025-01-08 12:00:00,6062.82,6070.56,6041.9,6050.03,218224673
2025-01-08 13:00:00,6050.03,6059.4,6022.64,6032.49,365858638
2025-01-08 14:00:00,6032.49,6043.71,6004.44,6010.25,535493238
2025-01-08 15:00:00,6010.25,6011.13,5939.43,5957.85,914186170
2025-01-09 09:00:00,5968.46,5977.56,5927.95,5930.51,860161634
2025-01-09 10:00:00,5930.51,5980.04,5929.32,5969.55,1011069114
2025-01-09 11:00:00,5969.55,5993.32,5954.02,5973.05,485431582
2025-01-09 12:00:00,5973.05,5975.16,5887.14,5915.36,249623612
2025-01-09 13:00:00,5915.36,5926.57,5887.62,5904.17,370020851
2025-01-09 14:00:00,5904.17,5929.56,5876.45,5925.51,613430179
2025-01-09 15:00:00,5925.51,5932.08,5834.61,5861.19,1398251941
2025-01-10 09:00:00,5844.78,5897.36,5841.1,5895.0,464020894
2025-01-10 10:00:00,5895.0,5919.79,5830.99,5855.69,449273129
2025-01-10 11:00:00,5855.69,5920.75,5847.79,5910.8,225887713
2025-01-10 12:00:00,5910.8,5961.84,5894.89,5957.34,131160246
2025-01-10 13:00:00,5957.34,5996.13,5905.12,5995.38,215922320
2025-01-10 14:00:00,5995.38,6050.44,5994.38,6040.91,351454761
2025-01-10 15:00:00,6040.91,6065.6,6020.09,6056.09,602796356
2025-01-13 09:00:00,6100.31,6110.09,6083.01,6105.8,559959700
2025-01-13 10:00:00,6105.8,6108.47,6014.96,6029.74,650031526
2025-01-13 11:00:00,6029.74,6067.15,6021.76,6052.77,301194997
2025-01-13 12:00:00,6052.77,6115.46,6046.4,6092.42,178341652
2025-01-13 13:00:00,6092.42,6113.28,6072.53,6080.69,266130987
2025-01-13 14:00:00,6080.69,6097.35,6045.08,6062.16,421419092
2025-01-13 15:00:00,6062.16,6149.69,6058.22,6138.64,794139174
2025-01-14 09:00:00,6095.55,6108.46,6064.07,6068.77,483871738
2025-01-14 10:00:00,6068.77,6089.46,6037.97,6088.09,607408517
2025-01-14 11:00:00,6088.09,6132.86,6057.73,6112.31,300771070
2025-01-14 12:00:00,6112.31,6125.72,6078.06,6085.72,144419594
2025-01-14 13:00:00,6085.72,6099.93,6064.45,6089.09,236716621
2025-01-14 14:00:00,6089.09,6112.08,6075.49,6108.43,382123611
2025-01-14 15:00:00,6108.43,6125.29,6074.49,6098.43,755313242
2025-01-15 09:00:00,6097.66,6148.36,6092.89,6146.16,614587504
2025-01-15 10:00:00,6146.16,6167.75,6120.6,6146.13,681816514
2025-01-15 11:00:00,6146.13,6212.98,6133.85,6203.8,287849758
2025-01-15 12:00:00,6203.8,6205.93,6154.23,6161.99,167545769
2025-01-15 13:00:00,6161.99,6189.38,6153.34,6160.88,246281821
2025-01-15 14:00:00,6160.88,6176.5,6129.99,6150.84,401368443
2025-01-15 15:00:00,6150.84,6221.45,6141.99,6204.7,798747797
2025-01-16 09:00:00,6202.14,6232.14,6200.97,6215.18,707356290
2025-01-16 10:00:00,6215.18,6221.44,6187.68,6194.7,940737464
2025-01-16 11:00:00,6194.7,6197.81,6154.57,6169.72,401596430
2025-01-16 12:00:00,6169.72,6173.7,6090.37,6105.44,194752489
2025-01-16 13:00:00,6105.44,6130.68,6085.3,6095.7,362243623
2025-01-16 14:00:00,6095.7,6112.45,6075.01,6110.02,500043730
2025-01-16 15:00:00,6110.02,6110.77,6070.4,6072.24,1025259036
2025-01-17 09:00:00,6063.5,6081.8,6048.47,6049.71,832597978
2025-01-17 10:00:00,6049.71,6064.13,5997.12,6006.77,847807747
2025-01-17 11:00:00,6006.77,6017.56,5952.96,5980.64,362123522
2025-01-17 12:00:00,5980.64,6002.4,5962.28,5993.77,191034364
2025-01-17 13:00:00,5993.77,6002.21,5960.31,5975.61,328513583
2025-01-17 14:00:00,5975.61,6009.36,5971.01,5994.27,519992664
2025-01-17 15:00:00,5994.27,6049.22,5988.16,6030.91,1070791236
2025-01-21 09:00:00,6058.96,6059.94,6026.46,6027.09,454251874
2025-01-21 10:00:00,6027.09,6066.62,6020.94,6047.91,475620289
2025-01-21 11:00:00,6047.91,6053.57,5999.32,6015.56,238382052
2025-01-21 12:00:00,6015.56,6034.47,5977.02,5986.27,117979523
2025-01-21 13:00:00,5986.27,6010.56,5930.29,5948.09,180475125
2025-01-21 14:00:00,5948.09,5960.33,5924.38,5935.61,293598219
2025-01-21 15:00:00,5935.61,5956.06,5872.4,5881.26,620398458
2025-01-22 09:00:00,5927.98,5963.0,5923.09,5948.24,823918135
2025-01-22 10:00:00,5948.24,5982.59,5946.94,5954.92,819490350
2025-01-22 11:00:00,5954.92,5961.99,5916.91,5941.23,396042948
2025-01-22 12:00:00,5941.23,5985.04,5940.45,5979.82,185522831
2025-01-22 13:00:00,5979.82,6005.63,5945.08,5998.32,298675045
2025-01-22 14:00:00,5998.32,6045.07,5993.25,6039.31,509560978
2025-01-22 15:00:00,6039.31,6052.19,6008.79,6037.47,997857954
2025-01-23 09:00:00,6020.36,6032.3,5990.05,6002.63,498402445
2025-01-23 10:00:00,6002.63,6021.82,5937.82,5945.51,588398913
2025-01-23 11:00:00,5945.51,5991.38,5926.41,5975.14,273543527
2025-01-23 12:00:00,5975.14,5982.76,5949.99,5976.45,132331425
2025-01-23 13:00:00,5976.45,5989.24,5950.97,5966.96,250937628
2025-01-23 14:00:00,5966.96,5982.54,5944.51,5964.98,350730149
2025-01-23 15:00:00,5964.98,5994.99,5957.48,5967.01,681932891
2025-01-24 09:00:00,5953.75,5960.46,5939.55,5950.61,776465914
2025-01-24 10:00:00,5950.61,5970.98,5907.14,5908.33,862328667
2025-01-24 11:00:00,5908.33,5952.87,5874.92,5938.09,417214247
2025-01-24 12:00:00,5938.09,5999.6,5935.83,5992.46,218146753
2025-01-24 13:00:00,5992.46,6033.57,5978.25,6005.91,412706932
2025-01-24 14:00:00,6005.91,6034.66,6000.16,6032.9,533435303
2025-01-24 15:00:00,6032.9,6088.15,6026.71,6060.09,1254303273
2025-01-27 09:00:00,6054.78,6060.21,6021.28,6045.14,693465416
2025-01-27 10:00:00,6045.14,6048.89,5993.48,6004.1,693542696
2025-01-27 11:00:00,6004.1,6008.91,5963.71,5992.46,378455091
2025-01-27 12:00:00,5992.46,6032.28,5943.52,5948.42,224534348
2025-01-27 13:00:00,5948.42,5950.55,5914.78,5919.53,288941713
2025-01-27 14:00:00,5919.53,5953.42,5916.03,5933.96,541968196
2025-01-27 15:00:00,5933.96,5944.37,5879.43,5894.98,1022450099
2025-01-28 09:00:00,5897.65,5922.58,5878.11,5921.54,728056394
2025-01-28 10:00:00,5921.54,5939.38,5911.27,5929.19,774305718
2025-01-28 11:00:00,5929.19,5956.46,5914.04,5931.79,392403467
2025-01-28 12:00:00,5931.79,5946.58,5910.69,5923.5,199230442
2025-01-28 13:00:00,5923.5,5930.59,5892.79,5920.34,330999505
2025-01-28 14:00:00,5920.34,5951.2,5910.17,5937.61,523121256
2025-01-28 15:00:00,5937.61,5948.56,5914.31,5934.88,946644601
2025-01-29 09:00:00,5922.83,5945.58,5921.09,5934.01,698474910
2025-01-29 10:00:00,5934.01,5934.61,5850.9,5863.63,670929504
2025-01-29 11:00:00,5863.63,5931.9,5859.86,5907.49,338582435
2025-01-29 12:00:00,5907.49,5911.18,5853.24,5885.94,185973177
2025-01-29 13:00:00,5885.94,5892.51,5841.91,5859.43,269564945
2025-01-29 14:00:00,5859.43,5933.69,5849.16,5930.45,459079034
2025-01-29 15:00:00,5930.45,5944.55,5908.44,5942.42,832117929
2025-01-30 09:00:00,5930.22,5949.31,5891.72,5893.58,561518036
2025-01-30 10:00:00,5893.58,5921.77,5880.88,5917.73,676897169
2025-01-30 11:00:00,5917.73,5922.98,5893.94,5897.73,293817055
2025-01-30 12:00:00,5897.73,5923.62,5860.12,5871.44,163470359
2025-01-30 13:00:00,5871.44,5906.38,5850.76,5904.85,232502272
2025-01-30 14:00:00,5904.85,5935.08,5889.79,5929.05,411637254
2025-01-30 15:00:00,5929.05,5963.95,5919.22,5952.35,835029486
2025-01-31 09:00:00,5956.47,5978.93,5953.01,5973.35,794243471
2025-01-31 10:00:00,5973.35,5975.99,5913.12,5960.29,865886627
2025-01-31 11:00:00,5960.29,6002.03,5951.06,5987.23,365527157
2025-01-31 12:00:00,5987.23,5999.42,5963.59,5998.43,202735419
2025-01-31 13:00:00,5998.43,6084.96,5984.27,6081.37,350903226
2025-01-31 14:00:00,6081.37,6114.9,6061.43,6063.03,569360833
2025-01-31 15:00:00,6063.03,6123.72,6060.22,6092.96,1062058244
2025-02-03 09:00:00,6081.36,6106.39,6075.76,6098.38,628361942
2025-02-03 10:00:00,6098.38,6127.64,6077.6,6080.27,643563598
2025-02-03 11:00:00,6080.27,6128.68,6066.24,6084.73,291679853
2025-02-03 12:00:00,6084.73,6108.41,6060.24,6095.05,159313692
2025-02-03 13:00:00,6095.05,6139.72,6093.86,6118.39,243632133
2025-02-03 14:00:00,6118.39,6136.3,6075.41,6090.03,398792595
2025-02-03 15:00:00,6090.03,6111.24,6072.0,6090.0,815816307
2025-02-04 09:00:00,6092.99,6122.96,6092.63,6113.92,598337846
2025-02-04 10:00:00,6113.92,6116.76,6060.2,6098.23,678171492
2025-02-04 11:00:00,6098.23,6151.18,6088.06,6139.13,319549612
2025-02-04 12:00:00,6139.13,6172.67,6131.87,6149.22,172500854
2025-02-04 13:00:00,6149.22,6169.46,6107.23,6124.38,275592150
2025-02-04 14:00:00,6124.38,6146.95,6116.41,6133.13,420738710
2025-02-04 15:00:00,6133.13,6146.1,6100.2,6101.68,836972637
2025-02-05 09:00:00,6119.79,6134.74,6106.1,6119.27,586121298
2025-02-05 10:00:00,6119.27,6178.17,6115.45,6167.19,573120715
2025-02-05 11:00:00,6167.19,6229.0,6162.19,6201.63,305413058
2025-02-05 12:00:00,6201.63,6241.23,6186.54,6188.15,141586936
2025-02-05 13:00:00,6188.15,6211.01,6153.08,6168.32,225381747
2025-02-05 14:00:00,6168.32,6189.37,6133.31,6134.87,364450632
2025-02-05 15:00:00,6134.87,6147.93,6101.93,6144.1,727930579
2025-02-06 09:00:00,6106.89,6132.21,6103.07,6110.86,529282331
2025-02-06 10:00:00,6110.86,6125.38,6089.64,6092.8,630600577
2025-02-06 11:00:00,6092.8,6110.24,6064.29,6085.73,309419104
2025-02-06 12:00:00,6085.73,6091.18,6008.62,6018.02,152052511
2025-02-06 13:00:00,6018.02,6035.68,5989.18,6030.39,241113959
2025-02-06 14:00:00,6030.39,6084.7,6019.79,6078.65,378317240
2025-02-06 15:00:00,6078.65,6105.22,6064.18,6099.16,827768780
2025-02-07 09:00:00,6108.58,6117.18,6087.37,6101.66,703900206
2025-02-07 10:00:00,6101.66,6106.6,6077.41,6096.59,814082525
2025-02-07 11:00:00,6096.59,6118.84,6066.98,6086.64,348975651
2025-02-07 12:00:00,6086.64,6129.91,6082.46,6094.23,209671994
2025-02-07 13:00:00,6094.23,6121.48,6077.12,6089.85,320860687
2025-02-07 14:00:00,6089.85,6106.67,6082.06,6094.32,473335338
2025-02-07 15:00:00,6094.32,6114.41,6072.73,6080.53,842711941
2025-02-10 09:00:00,6070.12,6084.26,6057.81,6064.76,732508072
2025-02-10 10:00:00,6064.76,6083.2,6017.81,6033.45,805043500
2025-02-10 11:00:00,6033.45,6067.86,6030.12,6062.22,405383236
2025-02-10 12:00:00,6062.22,6093.34,6054.9,6088.2,238963622
2025-02-10 13:00:00,6088.2,6107.93,6073.07,6098.82,337911382
2025-02-10 14:00:00,6098.82,6105.49,6056.97,6073.27,518085546
2025-02-10 15:00:00,6073.27,6080.68,6049.6,6052.02,1191364594
2025-02-11 09:00:00,6026.07,6028.05,5986.85,5997.5,633348339
2025-02-11 10:00:00,5997.5,5997.88,5948.18,5965.98,682854151
2025-02-11 11:00:00,5965.98,6049.77,5963.02,6049.76,321459224
2025-02-11 12:00:00,6049.76,6075.76,6021.03,6046.97,183811967
2025-02-11 13:00:00,6046.97,6083.24,6035.69,6051.3,308614798
2025-02-11 14:00:00,6051.3,6124.36,6040.89,6115.91,483078019
2025-02-11 15:00:00,6115.91,6151.03,6098.27,6140.0,942650265
2025-02-12 09:00:00,6168.1,6179.09,6153.69,6158.06,594297190
2025-02-12 10:00:00,6158.06,6178.65,6120.61,6151.1,744618393
2025-02-12 11:00:00,6151.1,6169.99,6098.51,6102.27,373684112
2025-02-12 12:00:00,6102.27,6176.58,6099.72,6158.03,194179105
2025-02-12 13:00:00,6158.03,6191.32,6154.57,6166.69,315944954
2025-02-12 14:00:00,6166.69,6172.06,6106.37,6132.6,473902729
2025-02-12 15:00:00,6132.6,6139.64,6077.9,6086.07,1054449852
2025-02-13 09:00:00,6124.75,6140.23,6101.52,6138.92,972902995
2025-02-13 10:00:00,6138.92,6144.74,6086.87,6119.59,1033944410
2025-02-13 11:00:00,6119.59,6186.57,6118.37,6179.4,535292519
2025-02-13 12:00:00,6179.4,6189.36,6131.39,6141.47,239497985
2025-02-13 13:00:00,6141.47,6152.95,6090.14,6120.82,412052346
2025-02-13 14:00:00,6120.82,6162.89,6110.45,6128.04,737051468
2025-02-13 15:00:00,6128.04,6129.12,6056.45,6057.97,1318243349
2025-02-14 09:00:00,6100.24,6106.59,6068.83,6082.96,580858793
2025-02-14 10:00:00,6082.96,6134.93,6080.7,6133.79,650166902
2025-02-14 11:00:00,6133.79,6134.85,6076.75,6097.8,278833039
2025-02-14 12:00:00,6097.8,6111.0,6071.49,6084.82,153113370
2025-02-14 13:00:00,6084.82,6119.56,6080.32,6095.53,255103216
2025-02-14 14:00:00,6095.53,6098.8,6041.77,6072.8,405740035
2025-02-14 15:00:00,6072.8,6100.43,6046.02,6096.65,789600433
2025-02-18 09:00:00,6083.04,6086.28,6038.95,6058.69,839258565
2025-02-18 10:00:00,6058.69,6082.62,6046.56,6063.2,723842004
2025-02-18 11:00:00,6063.2,6104.15,6024.63,6048.25,373831895
2025-02-18 12:00:00,6048.25,6099.7,6047.64,6079.68,200131302
2025-02-18 13:00:00,6079.68,6086.71,6027.56,6064.99,342690368
2025-02-18 14:00:00,6064.99,6081.84,6042.07,6070.96,530436427
2025-02-18 15:00:00,6070.96,6133.77,6068.74,6126.03,974030858
2025-02-19 09:00:00,6139.71,6166.9,6073.87,6099.48,704350316
2025-02-19 10:00:00,6099.48,6127.63,6072.38,6125.88,759850153
2025-02-19 11:00:00,6125.88,6152.4,6085.95,6122.92,271223986
2025-02-19 12:00:00,6122.92,6143.51,6088.36,6132.62,162443536
2025-02-19 13:00:00,6132.62,6143.86,6104.08,6133.87,272813094
2025-02-19 14:00:00,6133.87,6161.13,6122.97,6151.64,462886155
2025-02-19 15:00:00,6151.64,6164.55,6088.46,6099.85,747534720
2025-02-20 09:00:00,6121.79,6133.17,6112.91,6127.75,548047611
2025-02-20 10:00:00,6127.75,6136.77,6094.34,6112.64,524491425
2025-02-20 11:00:00,6112.64,6148.14,6058.11,6059.4,262199277
2025-02-20 12:00:00,6059.4,6064.55,5985.04,6011.65,142237409
2025-02-20 13:00:00,6011.65,6055.72,6002.94,6042.71,221105892
2025-02-20 14:00:00,6042.71,6112.77,6040.14,6094.47,351823739
2025-02-20 15:00:00,6094.47,6095.73,6045.2,6084.39,599147755
2025-02-21 09:00:00,6098.15,6110.77,6075.83,6095.08,1137098278
2025-02-21 10:00:00,6095.08,6126.77,6067.09,6071.3,1250502365
2025-02-21 11:00:00,6071.3,6071.31,5995.58,6008.87,550622864
2025-02-21 12:00:00,6008.87,6036.79,5996.78,6031.5,348462560
2025-02-21 13:00:00,6031.5,6088.61,6023.19,6065.83,442032917
2025-02-21 14:00:00,6065.83,6118.65,6045.85,6090.75,699089173
2025-02-21 15:00:00,6090.75,6097.0,6004.46,6010.29,1370924651
2025-02-24 09:00:00,5988.62,5991.89,5938.39,5940.84,791058663
2025-02-24 10:00:00,5940.84,6016.05,5912.14,5981.75,740714475
2025-02-24 11:00:00,5981.75,6020.69,5979.56,5987.56,365972427
2025-02-24 12:00:00,5987.56,6031.86,5980.56,6001.39,190848375
2025-02-24 13:00:00,6001.39,6002.44,5966.11,5998.49,324897590
2025-02-24 14:00:00,5998.49,6000.43,5945.9,5955.84,548604852
2025-02-24 15:00:00,5955.84,5961.05,5901.72,5909.73,995303117
2025-02-25 09:00:00,5898.7,5946.4,5888.63,5945.65,716618925
2025-02-25 10:00:00,5945.65,6005.49,5943.52,5973.9,635295347
2025-02-25 11:00:00,5973.9,6020.58,5968.97,5976.15,338395357
2025-02-25 12:00:00,5976.15,5992.44,5934.96,5936.06,175008833
2025-02-25 13:00:00,5936.06,5937.8,5882.06,5903.54,251067496
2025-02-25 14:00:00,5903.54,5906.13,5861.05,5867.4,408200941
2025-02-25 15:00:00,5867.4,5920.4,5855.19,5911.09,824726050
2025-02-26 09:00:00,5868.37,5880.86,5853.44,5865.64,462602713
2025-02-26 10:00:00,5865.64,5912.73,5864.88,5901.66,536287830
2025-02-26 11:00:00,5901.66,5910.92,5876.52,5883.96,263599042
2025-02-26 12:00:00,5883.96,5884.68,5847.57,5854.93,126986824
2025-02-26 13:00:00,5854.93,5868.64,5811.09,5813.42,225919399
2025-02-26 14:00:00,5813.42,5827.05,5794.28,5796.13,347298000
2025-02-26 15:00:00,5796.13,5840.53,5793.49,5833.67,779632762
2025-02-27 09:00:00,5831.3,5847.85,5819.37,5830.56,588548643
2025-02-27 10:00:00,5830.56,5852.44,5813.3,5835.08,622291162
2025-02-27 11:00:00,5835.08,5862.95,5830.52,5840.37,325388167
2025-02-27 12:00:00,5840.37,5862.15,5757.56,5759.85,152059076
2025-02-27 13:00:00,5759.85,5786.49,5723.42,5725.86,275077410
2025-02-27 14:00:00,5725.86,5737.07,5672.99,5701.26,406746901
2025-02-27 15:00:00,5701.26,5727.98,5689.48,5719.74,823873343
2025-02-28 09:00:00,5705.86,5719.6,5702.87,5708.05,843402894
2025-02-28 10:00:00,5708.05,5717.07,5652.76,5655.36,967886940
2025-02-28 11:00:00,5655.36,5663.98,5628.18,5659.73,469255606
2025-02-28 12:00:00,5659.73,5684.74,5640.78,5646.65,222649828
2025-02-28 13:00:00,5646.65,5656.0,5596.94,5631.1,321527778
2025-02-28 14:00:00,5631.1,5637.16,5580.82,5581.29,528969778
2025-02-28 15:00:00,5581.29,5599.2,5573.11,5576.44,1124844159
2025-03-03 09:00:00,5560.05,5561.37,5510.26,5521.45,513231115
2025-03-03 10:00:00,5521.45,5552.49,5499.84,5548.64,538598313
2025-03-03 11:00:00,5548.64,5595.44,5515.79,5531.0,300838805
2025-03-03 12:00:00,5531.0,5536.44,5485.06,5491.34,131428378
2025-03-03 13:00:00,5491.34,5492.34,5432.72,5445.19,244996913
2025-03-03 14:00:00,5445.19,5460.81,5402.12,5402.59,349496583
2025-03-03 15:00:00,5402.59,5434.9,5396.79,5408.1,695703856
2025-03-04 09:00:00,5411.42,5425.81,5380.49,5390.85,441776888
2025-03-04 10:00:00,5390.85,5397.39,5367.09,5388.14,457397412
2025-03-04 11:00:00,5388.14,5406.7,5356.96,5367.55,222442435
2025-03-04 12:00:00,5367.55,5412.31,5354.2,5403.23,122475523
2025-03-04 13:00:00,5403.23,5429.14,5399.72,5414.96,180733555
2025-03-04 14:00:00,5414.96,5449.21,5410.68,5429.5,294345594
2025-03-04 15:00:00,5429.5,5448.56,5404.83,5425.48,555556072
2025-03-05 09:00:00,5458.38,5468.28,5446.34,5459.51,789786575
2025-03-05 10:00:00,5459.51,5471.33,5429.43,5452.99,701177726
2025-03-05 11:00:00,5452.99,5489.18,5431.02,5482.38,388216126
2025-03-05 12:00:00,5482.38,5525.95,5479.19,5511.94,190337748
2025-03-05 13:00:00,5511.94,5520.96,5459.58,5471.45,337760131
2025-03-05 14:00:00,5471.45,5475.36,5420.67,5445.57,497145241
2025-03-05 15:00:00,5445.57,5464.94,5414.63,5429.94,917291042
2025-03-06 09:00:00,5430.44,5439.34,5403.48,5417.52,513299057
2025-03-06 10:00:00,5417.52,5468.06,5409.13,5460.93,666387466
2025-03-06 11:00:00,5460.93,5496.45,5451.26,5488.48,299817400
2025-03-06 12:00:00,5488.48,5494.92,5435.36,5446.95,177283809
2025-03-06 13:00:00,5446.95,5481.09,5443.17,5468.23,271389218
2025-03-06 14:00:00,5468.23,5519.09,5447.16,5510.45,398647612
2025-03-06 15:00:00,5510.45,5525.52,5496.47,5513.8,813994519
2025-03-07 09:00:00,5484.75,5515.64,5482.11,5512.86,500113006
2025-03-07 10:00:00,5512.86,5574.86,5499.51,5567.74,526297169
2025-03-07 11:00:00,5567.74,5610.71,5560.6,5610.08,270255045
2025-03-07 12:00:00,5610.08,5702.56,5608.96,5700.04,133536437
2025-03-07 13:00:00,5700.04,5707.45,5641.11,5661.09,227734952
2025-03-07 14:00:00,5661.09,5677.79,5640.89,5661.78,341185813
2025-03-07 15:00:00,5661.78,5677.46,5627.3,5669.48,640155630
2025-03-10 09:00:00,5707.39,5726.21,5696.72,5713.53,498301794
2025-03-10 10:00:00,5713.53,5768.15,5708.81,5767.44,619678168
2025-03-10 11:00:00,5767.44,5817.04,5762.14,5805.36,282526679
2025-03-10 12:00:00,5805.36,5855.92,5796.77,5853.98,130628314
2025-03-10 13:00:00,5853.98,5866.49,5829.04,5842.97,242661638
2025-03-10 14:00:00,5842.97,5878.85,5807.3,5868.83,328929580
2025-03-10 15:00:00,5868.83,5884.67,5826.07,5827.73,652354410
2025-03-11 09:00:00,5859.07,5884.7,5840.67,5867.73,900734217
2025-03-11 10:00:00,5867.73,5910.05,5858.85,5861.12,1096083950
2025-03-11 11:00:00,5861.12,5909.23,5841.73,5889.15,478394892
2025-03-11 12:00:00,5889.15,5906.91,5861.75,5880.08,265498418
2025-03-11 13:00:00,5880.08,5913.08,5865.94,5885.65,464234234
2025-03-11 14:00:00,5885.65,5937.12,5885.62,5935.87,587249793
2025-03-11 15:00:00,5935.87,5946.48,5894.19,5942.32,1274089578
2025-03-12 09:00:00,5915.07,5916.59,5894.15,5906.15,599640332
2025-03-12 10:00:00,5906.15,5945.36,5896.43,5916.65,694454563
2025-03-12 11:00:00,5916.65,5935.71,5894.25,5930.94,327753623
2025-03-12 12:00:00,5930.94,5933.23,5847.09,5860.93,186944665
2025-03-12 13:00:00,5860.93,5888.31,5847.33,5850.11,325478948
2025-03-12 14:00:00,5850.11,5892.95,5838.34,5886.43,471506103
2025-03-12 15:00:00,5886.43,5890.35,5823.78,5857.68,930181155
2025-03-13 09:00:00,5799.76,5808.72,5781.57,5808.65,357517066
2025-03-13 10:00:00,5808.65,5822.69,5787.19,5802.35,463249016
2025-03-13 11:00:00,5802.35,5824.06,5771.73,5778.88,210340281
2025-03-13 12:00:00,5778.88,5801.41,5722.17,5726.68,116069322
2025-03-13 13:00:00,5726.68,5738.2,5682.44,5704.9,164690069
2025-03-13 14:00:00,5704.9,5719.01,5687.48,5693.51,292125004
2025-03-13 15:00:00,5693.51,5756.04,5692.93,5748.9,570606131
2025-03-14 09:00:00,5743.69,5805.53,5736.4,5800.22,923686822
2025-03-14 10:00:00,5800.22,5819.95,5730.55,5755.16,925985685
2025-03-14 11:00:00,5755.16,5770.08,5719.64,5766.82,436656687
2025-03-14 12:00:00,5766.82,5775.92,5743.26,5756.19,258596970
2025-03-14 13:00:00,5756.19,5782.63,5733.68,5747.36,419814240
2025-03-14 14:00:00,5747.36,5797.39,5745.91,5776.16,631516117
2025-03-14 15:00:00,5776.16,5817.49,5762.34,5808.63,1282402195
2025-03-17 09:00:00,5804.15,5832.89,5796.48,5828.33,534396535
2025-03-17 10:00:00,5828.33,5841.31,5795.99,5832.53,539577774
2025-03-17 11:00:00,5832.53,5894.68,5819.71,5885.47,277228677
2025-03-17 12:00:00,5885.47,5889.99,5855.75,5882.97,158500138
2025-03-17 13:00:00,5882.97,5920.95,5877.88,5884.91,231121667
2025-03-17 14:00:00,5884.91,5889.14,5834.79,5840.16,408649827
2025-03-17 15:00:00,5840.16,5875.6,5833.16,5875.05,777046536
2025-03-18 09:00:00,5887.82,5898.98,5868.83,5894.22,419099075
2025-03-18 10:00:00,5894.22,5933.7,5893.97,5914.6,377012770
2025-03-18 11:00:00,5914.6,5971.4,5909.83,5940.19,177523271
2025-03-18 12:00:00,5940.19,5945.58,5901.26,5910.2,100834007
2025-03-18 13:00:00,5910.2,5920.09,5866.79,5869.57,166693086
2025-03-18 14:00:00,5869.57,5878.8,5841.12,5848.14,278353509
2025-03-18 15:00:00,5848.14,5860.62,5828.51,5857.78,499321977
2025-03-19 09:00:00,5856.43,5865.89,5840.41,5845.5,654936904
2025-03-19 10:00:00,5845.5,5866.89,5794.8,5801.36,825967514
2025-03-19 11:00:00,5801.36,5803.55,5733.64,5750.8,355865346
2025-03-19 12:00:00,5750.8,5824.07,5741.72,5820.23,188160396
2025-03-19 13:00:00,5820.23,5821.02,5774.91,5780.97,357217616
2025-03-19 14:00:00,5780.97,5785.75,5731.54,5761.44,546005437
2025-03-19 15:00:00,5761.44,5769.23,5711.88,5756.38,1012926605
2025-03-20 09:00:00,5745.44,5745.73,5715.15,5729.81,469845461
2025-03-20 10:00:00,5729.81,5745.14,5697.38,5722.78,522242411
2025-03-20 11:00:00,5722.78,5728.15,5691.98,5693.19,231106144
2025-03-20 12:00:00,5693.19,5717.17,5691.2,5716.81,124452469
2025-03-20 13:00:00,5716.81,5761.59,5714.77,5742.71,189340126
2025-03-20 14:00:00,5742.71,5746.12,5703.89,5731.18,310672680
2025-03-20 15:00:00,5731.18,5758.25,5727.97,5750.0,639185179
2025-03-21 09:00:00,5729.9,5772.86,5708.22,5770.71,892023176
2025-03-21 10:00:00,5770.71,5833.91,5760.45,5824.05,764071595
2025-03-21 11:00:00,5824.05,5824.83,5759.04,5775.0,408921394
2025-03-21 12:00:00,5775.0,5790.18,5736.47,5749.08,238089079
2025-03-21 13:00:00,5749.08,5766.91,5725.83,5738.87,351861961
2025-03-21 14:00:00,5738.87,5757.15,5658.85,5682.82,598346220
2025-03-21 15:00:00,5682.82,5691.61,5631.95,5644.1,1193225297
2025-03-24 09:00:00,5672.91,5700.05,5666.47,5687.66,574567776
2025-03-24 10:00:00,5687.66,5723.39,5666.59,5722.61,636164651
2025-03-24 11:00:00,5722.61,5782.6,5712.1,5771.52,277404199
2025-03-24 12:00:00,5771.52,5780.58,5744.73,5755.59,149714794
2025-03-24 13:00:00,5755.59,5797.83,5752.87,5789.15,238539070
2025-03-24 14:00:00,5789.15,5789.97,5738.34,5755.8,362269828
2025-03-24 15:00:00,5755.8,5804.89,5753.95,5803.85,704677737
2025-03-25 09:00:00,5825.11,5868.12,5824.99,5864.38,920423717
2025-03-25 10:00:00,5864.38,5884.86,5825.79,5854.67,1079261060
2025-03-25 11:00:00,5854.67,5860.15,5807.74,5846.39,488772222
2025-03-25 12:00:00,5846.39,5886.19,5841.05,5885.47,256352922
2025-03-25 13:00:00,5885.47,5940.49,5880.2,5939.81,410682827
2025-03-25 14:00:00,5939.81,5961.77,5927.49,5954.53,683341193
2025-03-25 15:00:00,5954.53,5996.62,5950.5,5969.21,1460790054
2025-03-26 09:00:00,5963.17,5971.94,5950.56,5952.81,808775907
2025-03-26 10:00:00,5952.81,5972.97,5919.64,5967.3,749229521
2025-03-26 11:00:00,5967.3,5978.26,5911.16,5933.57,420108346
2025-03-26 12:00:00,5933.57,5950.18,5872.72,5887.4,226927070
2025-03-26 13:00:00,5887.4,5899.76,5846.74,5895.12,327759558
2025-03-26 14:00:00,5895.12,5943.02,5883.85,5934.08,573000014
2025-03-26 15:00:00,5934.08,5966.22,5919.87,5963.07,1142423073
2025-03-27 09:00:00,5970.12,5987.26,5952.66,5977.26,426875089
2025-03-27 10:00:00,5977.26,6013.44,5972.4,5980.76,475523967
2025-03-27 11:00:00,5980.76,6040.32,5976.03,6037.56,247396072
2025-03-27 12:00:00,6037.56,6081.16,6029.7,6061.55,124708028
2025-03-27 13:00:00,6061.55,6084.36,6033.79,6079.55,202466482
2025-03-27 14:00:00,6079.55,6086.8,6001.83,6005.39,278898683
2025-03-27 15:00:00,6005.39,6051.37,6004.79,6046.4,597298250
2025-03-28 09:00:00,6017.93,6047.96,6005.84,6043.19,523247476
2025-03-28 10:00:00,6043.19,6045.62,5990.13,6031.32,534382962
2025-03-28 11:00:00,6031.32,6059.83,6002.87,6029.81,276586063
2025-03-28 12:00:00,6029.81,6073.68,6014.79,6017.37,136119484
2025-03-28 13:00:00,6017.37,6024.39,5975.4,5991.83,232576905
2025-03-28 14:00:00,5991.83,5996.72,5935.1,5943.53,341269905
2025-03-28 15:00:00,5943.53,5981.1,5936.06,5969.23,773779465
2025-03-31 09:00:00,5973.15,5984.97,5961.69,5971.3,538485085
2025-03-31 10:00:00,5971.3,6002.94,5950.53,5988.01,634926975
2025-03-31 11:00:00,5988.01,6044.62,5970.65,6042.76,337188380
2025-03-31 12:00:00,6042.76,6047.12,6007.7,6008.65,165911665
2025-03-31 13:00:00,6008.65,6074.98,6005.42,6074.42,286469009
2025-03-31 14:00:00,6074.42,6081.05,6043.05,6061.93,438342655
2025-03-31 15:00:00,6061.93,6083.65,6033.58,6038.85,850550589
2025-04-01 09:00:00,6039.64,6046.29,6023.2,6029.61,904097328
2025-04-01 10:00:00,6029.61,6045.42,5985.19,6006.09,1049424963
2025-04-01 11:00:00,6006.09,6033.96,6003.3,6011.07,464950903
2025-04-01 12:00:00,6011.07,6068.49,5997.24,6031.47,259969490
2025-04-01 13:00:00,6031.47,6044.35,6000.69,6038.41,457518668
2025-04-01 14:00:00,6038.41,6041.34,5980.19,5989.01,690525573
2025-04-01 15:00:00,5989.01,5997.97,5969.54,5996.89,1289935682
2025-04-02 09:00:00,5997.1,6035.49,5996.25,6027.15,482334835
2025-04-02 10:00:00,6027.15,6076.59,6003.09,6046.89,515447616
2025-04-02 11:00:00,6046.89,6143.56,6046.71,6139.59,219578827
2025-04-02 12:00:00,6139.59,6146.76,6097.36,6100.98,122086156
2025-04-02 13:00:00,6100.98,6146.41,6093.61,6112.51,212044479
2025-04-02 14:00:00,6112.51,6130.13,6096.36,6119.41,308280547
2025-04-02 15:00:00,6119.41,6167.53,6115.89,6148.52,615919898
2025-04-03 09:00:00,6133.14,6163.21,6130.18,6136.95,603679933
2025-04-03 10:00:00,6136.95,6151.6,6105.05,6144.8,518999120
2025-04-03 11:00:00,6144.8,6174.3,6129.08,6166.3,274396657
2025-04-03 12:00:00,6166.3,6205.48,6157.66,6202.05,138985140
2025-04-03 13:00:00,6202.05,6214.44,6178.04,6214.07,228738078
2025-04-03 14:00:00,6214.07,6262.94,6207.07,6244.79,347748240
2025-04-03 15:00:00,6244.79,6250.71,6215.76,6228.14,817804757
2025-04-04 09:00:00,6258.69,6273.34,6249.37,6255.64,675015041
2025-04-04 10:00:00,6255.64,6384.96,6249.66,6370.23,809121072
2025-04-04 11:00:00,6370.23,6389.92,6360.14,6385.9,394730824
2025-04-04 12:00:00,6385.9,6452.57,6363.58,6419.78,217135694
2025-04-04 13:00:00,6419.78,6515.45,6419.27,6478.67,327187872
2025-04-04 14:00:00,6478.67,6512.3,6462.48,6500.17,502460441
2025-04-04 15:00:00,6500.17,6543.91,6489.32,6520.6,1177959154
2025-04-07 09:00:00,6534.84,6557.41,6517.53,6531.68,551997468
2025-04-07 10:00:00,6531.68,6548.48,6501.08,6540.96,494491073
2025-04-07 11:00:00,6540.96,6604.95,6538.05,6604.57,260361415
2025-04-07 12:00:00,6604.57,6639.69,6595.77,6614.36,143484358
2025-04-07 13:00:00,6614.36,6621.54,6560.27,6570.53,196298713
2025-04-07 14:00:00,6570.53,6594.21,6552.79,6555.54,343191108
2025-04-07 15:00:00,6555.54,6573.53,6534.38,6550.77,813903247
2025-04-08 09:00:00,6533.5,6544.6,6500.34,6522.7,1162393246
2025-04-08 10:00:00,6522.7,6557.49,6484.47,6555.76,1107664770
2025-04-08 11:00:00,6555.76,6599.05,6537.82,6588.58,542743755
2025-04-08 12:00:00,6588.58,6650.36,6584.4,6638.8,274787979
2025-04-08 13:00:00,6638.8,6678.18,6607.3,6658.29,476600183
2025-04-08 14:00:00,6658.29,6685.65,6629.94,6632.59,674190969
2025-04-08 15:00:00,6632.59,6709.35,6631.69,6702.63,1444321047
2025-04-09 09:00:00,6714.75,6748.54,6707.23,6734.56,962159340
2025-04-09 10:00:00,6734.56,6740.73,6675.98,6688.14,975757800
2025-04-09 11:00:00,6688.14,6708.91,6662.18,6690.11,451836979
2025-04-09 12:00:00,6690.11,6714.21,6661.69,6670.97,215318985
2025-04-09 13:00:00,6670.97,6690.02,6652.5,6655.08,433925712
2025-04-09 14:00:00,6655.08,6676.39,6622.99,6650.49,657099916
2025-04-09 15:00:00,6650.49,6652.56,6576.51,6592.01,1181540544
2025-04-10 09:00:00,6624.69,6634.72,6599.52,6607.97,540477042
2025-04-10 10:00:00,6607.97,6614.78,6571.58,6595.07,660746057
2025-04-10 11:00:00,6595.07,6596.31,6498.32,6537.21,354367402
2025-04-10 12:00:00,6537.21,6588.75,6520.48,6573.59,176039171
2025-04-10 13:00:00,6573.59,6601.28,6550.4,6577.3,257816069
2025-04-10 14:00:00,6577.3,6593.07,6550.14,6573.61,372130720
2025-04-10 15:00:00,6573.61,6581.4,6451.38,6461.31,837856984
2025-04-11 09:00:00,6426.81,6462.79,6422.39,6451.72,1047080565
2025-04-11 10:00:00,6451.72,6489.76,6443.98,6489.75,1269021678
2025-04-11 11:00:00,6489.75,6546.18,6478.64,6511.11,558637789
2025-04-11 12:00:00,6511.11,6550.63,6506.77,6541.32,324874472
2025-04-11 13:00:00,6541.32,6602.86,6536.95,6553.58,548755532
2025-04-11 14:00:00,6553.58,6563.61,6508.76,6536.53,806528012
2025-04-11 15:00:00,6536.53,6592.52,6527.39,6564.63,1653523913
2025-04-14 09:00:00,6485.24,6485.92,6447.59,6457.22,549380515
2025-04-14 10:00:00,6457.22,6503.28,6440.28,6474.68,628973740
2025-04-14 11:00:00,6474.68,6524.03,6471.22,6516.0,291582549
2025-04-14 12:00:00,6516.0,6516.53,6441.6,6454.1,141285605
2025-04-14 13:00:00,6454.1,6479.57,6451.54,6462.2,299053470
2025-04-14 14:00:00,6462.2,6535.38,6457.08,6510.97,385036330
2025-04-14 15:00:00,6510.97,6541.08,6496.24,6517.39,777492936
2025-04-15 09:00:00,6520.87,6529.15,6490.17,6495.41,526370168
2025-04-15 10:00:00,6495.41,6515.56,6438.57,6459.64,606438422
2025-04-15 11:00:00,6459.64,6473.34,6415.62,6453.93,276715440
2025-04-15 12:00:00,6453.93,6480.16,6417.33,6460.01,134507712
2025-04-15 13:00:00,6460.01,6492.67,6452.79,6480.34,236280125
2025-04-15 14:00:00,6480.34,6499.59,6448.59,6459.69,368258269
2025-04-15 15:00:00,6459.69,6489.41,6446.35,6470.89,723306680
2025-04-16 09:00:00,6451.04,6489.99,6446.81,6469.5,355691166
2025-04-16 10:00:00,6469.5,6511.03,6449.35,6449.49,364238277
2025-04-16 11:00:00,6449.49,6458.25,6422.57,6425.74,182722318
2025-04-16 12:00:00,6425.74,6465.99,6408.27,6427.91,93846011
2025-04-16 13:00:00,6427.91,6436.19,6400.57,6421.1,167567239
2025-04-16 14:00:00,6421.1,6437.54,6394.99,6430.07,255427723
2025-04-16 15:00:00,6430.07,6431.87,6333.33,6353.62,454770241
2025-04-17 09:00:00,6369.83,6376.28,6337.61,6349.01,796345397
2025-04-17 10:00:00,6349.01,6371.55,6330.94,6348.76,901033908
2025-04-17 11:00:00,6348.76,6382.91,6341.16,6347.89,489692274
2025-04-17 12:00:00,6347.89,6355.91,6268.77,6282.05,240922497
2025-04-17 13:00:00,6282.05,6322.94,6276.04,6293.35,376028321
2025-04-17 14:00:00,6293.35,6308.25,6257.28,6288.84,641771011
2025-04-17 15:00:00,6288.84,6294.7,6257.99,6284.12,1099823674
2025-04-21 09:00:00,6285.5,6307.46,6262.71,6287.78,858136215
2025-04-21 10:00:00,6287.78,6294.73,6245.42,6270.72,956708084
2025-04-21 11:00:00,6270.72,6308.06,6265.33,6286.41,449027542
2025-04-21 12:00:00,6286.41,6318.01,6261.27,6305.47,233088290
2025-04-21 13:00:00,6305.47,6324.39,6295.11,6318.68,400818670
2025-04-21 14:00:00,6318.68,6327.76,6291.4,6303.38,634364430
2025-04-21 15:00:00,6303.38,6329.56,6286.85,6322.01,1388176563
2025-04-22 09:00:00,6315.84,6329.29,6305.63,6321.77,582671763
2025-04-22 10:00:00,6321.77,6339.71,6286.3,6328.81,667743413
2025-04-22 11:00:00,6328.81,6340.42,6300.03,6302.49,318212509
2025-04-22 12:00:00,6302.49,6304.62,6266.95,6284.62,153451090
2025-04-22 13:00:00,6284.62,6324.23,6284.25,6288.17,281703194
2025-04-22 14:00:00,6288.17,6330.98,6283.49,6300.72,456151187
2025-04-22 15:00:00,6300.72,6365.01,6276.17,6361.89,742124497
2025-04-23 09:00:00,6325.38,6342.55,6309.77,6342.35,764081999
2025-04-23 10:00:00,6342.35,6345.59,6299.83,6325.11,818501835
2025-04-23 11:00:00,6325.11,6330.11,6260.47,6261.53,378476937
2025-04-23 12:00:00,6261.53,6282.73,6254.15,6255.65,190424256
2025-04-23 13:00:00,6255.65,6264.1,6197.19,6200.12,323366112
2025-04-23 14:00:00,6200.12,6203.83,6153.73,6200.34,500443826
2025-04-23 15:00:00,6200.34,6237.73,6181.15,6200.94,970653150
2025-04-24 09:00:00,6165.47,6184.68,6164.2,6183.89,1390041998
2025-04-24 10:00:00,6183.89,6196.01,6160.05,6187.12,1588016241
2025-04-24 11:00:00,6187.12,6211.06,6179.45,6183.87,779600486
2025-04-24 12:00:00,6183.87,6192.29,6128.48,6135.17,384251796
2025-04-24 13:00:00,6135.17,6172.21,6126.11,6146.41,615755156
2025-04-24 14:00:00,6146.41,6179.64,6118.44,6158.75,996613515
2025-04-24 15:00:00,6158.75,6193.61,6149.16,6158.45,1786945553
2025-04-25 09:00:00,6189.74,6217.1,6184.43,6209.76,566648360
2025-04-25 10:00:00,6209.76,6258.93,6206.11,6216.21,593554900
2025-04-25 11:00:00,6216.21,6220.06,6178.87,6213.45,315503101
2025-04-25 12:00:00,6213.45,6215.74,6166.21,6166.79,177290615
2025-04-25 13:00:00,6166.79,6234.89,6162.04,6195.44,283210855
2025-04-25 14:00:00,6195.44,6203.73,6162.57,6169.01,441660283
2025-04-25 15:00:00,6169.01,6208.72,6148.41,6170.31,795617776
2025-04-28 09:00:00,6129.12,6151.61,6118.46,6126.33,654625377
2025-04-28 10:00:00,6126.33,6164.38,6122.73,6131.79,720055279
2025-04-28 11:00:00,6131.79,6188.97,6127.72,6177.95,302458793
2025-04-28 12:00:00,6177.95,6184.59,6130.23,6168.09,178429223
2025-04-28 13:00:00,6168.09,6224.7,6144.29,6223.02,332951419
2025-04-28 14:00:00,6223.02,6230.08,6181.92,6191.34,472100925
2025-04-28 15:00:00,6191.34,6217.53,6155.5,6210.34,933434528
2025-04-29 09:00:00,6229.18,6269.32,6225.11,6261.27,624643241
2025-04-29 10:00:00,6261.27,6297.84,6226.38,6295.6,597817160
2025-04-29 11:00:00,6295.6,6315.2,6259.27,6261.88,334199551
2025-04-29 12:00:00,6261.88,6262.86,6227.33,6239.13,167262474
2025-04-29 13:00:00,6239.13,6250.59,6148.23,6151.52,251908112
2025-04-29 14:00:00,6151.52,6199.38,6148.77,6180.58,440350291
2025-04-29 15:00:00,6180.58,6208.96,6164.32,6169.44,857049543
2025-04-30 09:00:00,6203.63,6213.95,6192.4,6204.31,646379833
2025-04-30 10:00:00,6204.31,6233.19,6180.46,6186.37,617940081
2025-04-30 11:00:00,6186.37,6210.36,6164.02,6183.86,337878272
2025-04-30 12:00:00,6183.86,6213.48,6163.01,6209.8,182260127
2025-04-30 13:00:00,6209.8,6216.79,6147.51,6149.19,261256511
2025-04-30 14:00:00,6149.19,6179.83,6084.34,6091.2,489928743
2025-04-30 15:00:00,6091.2,6154.62,6088.96,6149.59,890054770
2025-05-01 09:00:00,6127.97,6158.91,6127.75,6143.36,604365366
2025-05-01 10:00:00,6143.36,6183.06,6138.93,6176.76,664516972
2025-05-01 11:00:00,6176.76,6215.53,6174.44,6200.5,297011367
2025-05-01 12:00:00,6200.5,6200.9,6154.1,6162.48,153053279
2025-05-01 13:00:00,6162.48,6173.68,6135.61,6145.46,258818477
2025-05-01 14:00:00,6145.46,6147.58,6102.81,6114.05,397614060
2025-05-01 15:00:00,6114.05,6185.79,6110.18,6174.12,817753352
2025-05-02 09:00:00,6217.92,6228.01,6161.55,6167.14,791538510
2025-05-02 10:00:00,6167.14,6235.46,6162.46,6227.84,777210614
2025-05-02 11:00:00,6227.84,6266.97,6216.94,6234.42,381814505
2025-05-02 12:00:00,6234.42,6247.33,6171.17,6194.62,218016126
2025-05-02 13:00:00,6194.62,6218.64,6155.0,6198.42,340147351
2025-05-02 14:00:00,6198.42,6215.17,6184.53,6205.61,515830394
2025-05-02 15:00:00,6205.61,6244.54,6190.03,6226.07,923064792
2025-05-05 09:00:00,6230.9,6262.18,6230.08,6245.64,499397274
2025-05-05 10:00:00,6245.64,6248.36,6221.36,6241.38,521829541
2025-05-05 11:00:00,6241.38,6246.26,6197.47,6224.03,257632542
2025-05-05 12:00:00,6224.03,6243.5,6200.12,6228.65,134228409
2025-05-05 13:00:00,6228.65,6262.13,6206.14,6261.93,215489273
2025-05-05 14:00:00,6261.93,6309.11,6256.25,6305.23,336437982
2025-05-05 15:00:00,6305.23,6308.36,6279.82,6304.78,665795288
2025-05-06 09:00:00,6311.87,6321.01,6301.45,6309.2,618613430
2025-05-06 10:00:00,6309.2,6359.07,6302.86,6345.73,669656194
2025-05-06 11:00:00,6345.73,6358.27,6311.32,6316.57,386676262
2025-05-06 12:00:00,6316.57,6324.78,6286.46,6291.15,168546988
2025-05-06 13:00:00,6291.15,6312.67,6257.67,6268.87,314777520
2025-05-06 14:00:00,6268.87,6284.38,6218.06,6231.05,489872012
2025-05-06 15:00:00,6231.05,6270.87,6211.98,6268.12,1022825964
2025-05-07 09:00:00,6260.77,6288.68,6259.46,6282.87,342276555
2025-05-07 10:00:00,6282.87,6336.05,6280.51,6322.63,380117789
2025-05-07 11:00:00,6322.63,6323.14,6241.25,6242.86,186601533
2025-05-07 12:00:00,6242.86,6277.58,6225.92,6271.32,110571543
2025-05-07 13:00:00,6271.32,6277.32,6241.58,6258.34,170389777
2025-05-07 14:00:00,6258.34,6270.0,6197.75,6206.71,286809898
2025-05-07 15:00:00,6206.71,6241.98,6203.69,6206.19,561845958
2025-05-08 09:00:00,6187.05,6199.55,6180.8,6198.5,562527746
2025-05-08 10:00:00,6198.5,6215.72,6163.52,6169.7,594527268
2025-05-08 11:00:00,6169.7,6188.11,6168.58,6185.95,300312608
2025-05-08 12:00:00,6185.95,6198.02,6168.05,6177.79,156123079
2025-05-08 13:00:00,6177.79,6204.15,6156.95,6197.22,256343765
2025-05-08 14:00:00,6197.22,6227.91,6195.77,6227.59,425034045
2025-05-08 15:00:00,6227.59,6251.59,6206.26,6218.99,702840410
2025-05-09 09:00:00,6244.83,6265.37,6223.76,6264.9,546338552
2025-05-09 10:00:00,6264.9,6285.98,6259.08,6277.87,538287351
2025-05-09 11:00:00,6277.87,6278.75,6225.93,6229.22,292248576
2025-05-09 12:00:00,6229.22,6254.55,6216.73,6236.16,157906395
2025-05-09 13:00:00,6236.16,6237.22,6195.67,6208.72,251451891
2025-05-09 14:00:00,6208.72,6235.39,6196.91,6217.44,423944931
2025-05-09 15:00:00,6217.44,6226.1,6190.84,6197.74,725173692
2025-05-12 09:00:00,6193.9,6264.42,6189.38,6261.56,861398027
2025-05-12 10:00:00,6261.56,6266.19,6231.92,6232.86,926076650
2025-05-12 11:00:00,6232.86,6251.96,6202.3,6202.73,427169382
2025-05-12 12:00:00,6202.73,6220.68,6194.64,6211.53,225942319
2025-05-12 13:00:00,6211.53,6224.74,6199.42,6220.99,406331423
2025-05-12 14:00:00,6220.99,6239.48,6213.11,6231.68,551010325
2025-05-12 15:00:00,6231.68,6258.48,6220.34,6225.32,1158255505
2025-05-13 09:00:00,6213.15,6224.42,6203.86,6211.77,765214612
2025-05-13 10:00:00,6211.77,6229.06,6188.81,6190.63,717020884
2025-05-13 11:00:00,6190.63,6195.87,6168.65,6188.33,343323217
2025-05-13 12:00:00,6188.33,6214.48,6174.51,6194.26,188745523
2025-05-13 13:00:00,6194.26,6229.06,6181.73,6213.3,305841980
2025-05-13 14:00:00,6213.3,6227.9,6186.45,6201.0,464578249
2025-05-13 15:00:00,6201.0,6230.95,6190.96,6198.61,985116942
2025-05-14 09:00:00,6207.91,6218.3,6198.03,6209.76,516050243
2025-05-14 10:00:00,6209.76,6223.2,6204.19,6215.28,495861897
2025-05-14 11:00:00,6215.28,6242.89,6210.17,6211.48,251156229
2025-05-14 12:00:00,6211.48,6293.47,6210.5,6289.89,141475220
2025-05-14 13:00:00,6289.89,6302.04,6263.66,6273.59,204036298
2025-05-14 14:00:00,6273.59,6324.13,6264.21,6318.15,303710662
2025-05-14 15:00:00,6318.15,6328.75,6288.15,6297.68,621749033
2025-05-15 09:00:00,6305.52,6311.77,6292.96,6305.25,600115747
2025-05-15 10:00:00,6305.25,6313.74,6270.25,6311.11,702830549
2025-05-15 11:00:00,6311.11,6329.35,6260.03,6262.6,382742861
2025-05-15 12:00:00,6262.6,6304.72,6251.18,6296.78,161830214
2025-05-15 13:00:00,6296.78,6301.15,6256.21,6256.65,264481835
2025-05-15 14:00:00,6256.65,6275.49,6221.92,6225.86,438809090
2025-05-15 15:00:00,6225.86,6260.89,6214.96,6257.66,960633290
2025-05-16 09:00:00,6286.35,6313.73,6279.6,6308.19,865121495
2025-05-16 10:00:00,6308.19,6361.94,6301.38,6345.33,932685005
2025-05-16 11:00:00,6345.33,6391.59,6335.66,6376.56,441687885
2025-05-16 12:00:00,6376.56,6423.74,6375.82,6400.81,232827695
2025-05-16 13:00:00,6400.81,6420.46,6383.0,6399.72,374833921
2025-05-16 14:00:00,6399.72,6405.96,6362.61,6365.77,643084719
2025-05-16 15:00:00,6365.77,6392.92,6285.84,6314.47,1167641430
2025-05-19 09:00:00,6314.1,6315.09,6266.16,6271.86,821857887
2025-05-19 10:00:00,6271.86,6280.79,6235.08,6239.3,756381669
2025-05-19 11:00:00,6239.3,6302.69,6233.61,6293.26,371882252
2025-05-19 12:00:00,6293.26,6325.11,6281.29,6320.15,178335517
2025-05-19 13:00:00,6320.15,6347.89,6294.59,6330.59,301366885
2025-05-19 14:00:00,6330.59,6369.44,6314.28,6347.19,489958101
2025-05-19 15:00:00,6347.19,6367.63,6331.7,6349.51,1048301512
2025-05-20 09:00:00,6330.83,6338.35,6293.49,6303.53,1250076758
2025-05-20 10:00:00,6303.53,6303.99,6253.72,6279.0,1191490865
2025-05-20 11:00:00,6279.0,6304.31,6274.61,6274.77,617179209
2025-05-20 12:00:00,6274.77,6283.5,6247.85,6263.24,300510459
2025-05-20 13:00:00,6263.24,6280.88,6253.36,6263.75,475456640
2025-05-20 14:00:00,6263.75,6268.5,6232.14,6258.22,867797904
2025-05-20 15:00:00,6258.22,6272.39,6236.55,6267.6,1606406418
2025-05-21 09:00:00,6259.73,6274.83,6255.71,6269.44,590981363
2025-05-21 10:00:00,6269.44,6275.08,6246.01,6247.4,612350275
2025-05-21 11:00:00,6247.4,6250.7,6225.08,6234.51,287847882
2025-05-21 12:00:00,6234.51,6236.04,6204.65,6233.35,130358102
2025-05-21 13:00:00,6233.35,6243.68,6218.56,6237.07,220572372
2025-05-21 14:00:00,6237.07,6258.23,6226.81,6239.08,371209816
2025-05-21 15:00:00,6239.08,6244.02,6213.31,6222.09,749320778
2025-05-22 09:00:00,6224.94,6228.24,6197.23,6216.06,276116723
2025-05-22 10:00:00,6216.06,6254.59,6215.45,6247.14,272518447
2025-05-22 11:00:00,6247.14,6264.6,6234.6,6252.48,148634408
2025-05-22 12:00:00,6252.48,6338.23,6250.61,6330.44,78795746
2025-05-22 13:00:00,6330.44,6363.94,6323.82,6336.88,113856513
2025-05-22 14:00:00,6336.88,6352.59,6315.89,6325.04,182023952
2025-05-22 15:00:00,6325.04,6379.2,6308.86,6377.06,363573999
2025-05-23 09:00:00,6417.53,6418.57,6398.69,6403.75,867502431
2025-05-23 10:00:00,6403.75,6428.79,6397.71,6420.67,1045113677
2025-05-23 11:00:00,6420.67,6430.24,6380.45,6383.58,440498476
2025-05-23 12:00:00,6383.58,6385.7,6330.67,6351.23,263855772
2025-05-23 13:00:00,6351.23,6383.69,6339.03,6360.29,340449887
2025-05-23 14:00:00,6360.29,6370.35,6339.15,6356.97,637675706
2025-05-23 15:00:00,6356.97,6362.46,6298.32,6303.59,1317847506
2025-05-27 09:00:00,6304.38,6319.96,6266.48,6276.39,449008526
2025-05-27 10:00:00,6276.39,6291.97,6262.93,6278.36,569044209
2025-05-27 11:00:00,6278.36,6331.11,6272.78,6330.05,233417791
2025-05-27 12:00:00,6330.05,6367.5,6313.68,6357.11,124323646
2025-05-27 13:00:00,6357.11,6378.97,6342.35,6346.78,217898123
2025-05-27 14:00:00,6346.78,6358.11,6310.76,6313.75,334136847
2025-05-27 15:00:00,6313.75,6347.61,6295.02,6343.4,602706468
2025-05-28 09:00:00,6344.42,6355.04,6340.43,6350.97,321735057
2025-05-28 10:00:00,6350.97,6354.89,6303.34,6311.78,391964537
2025-05-28 11:00:00,6311.78,6335.62,6305.97,6314.56,179137691
2025-05-28 12:00:00,6314.56,6329.46,6305.88,6320.02,101542315
2025-05-28 13:00:00,6320.02,6354.16,6319.3,6351.87,140224125
2025-05-28 14:00:00,6351.87,6372.28,6346.49,6351.57,258626117
2025-05-28 15:00:00,6351.57,6364.51,6342.77,6349.7,474875289
2025-05-29 09:00:00,6350.7,6359.56,6332.78,6333.19,428807152
2025-05-29 10:00:00,6333.19,6376.4,6321.25,6376.18,412539239
2025-05-29 11:00:00,6376.18,6376.53,6318.02,6323.2,220648898
2025-05-29 12:00:00,6323.2,6330.72,6272.16,6281.47,128416894
2025-05-29 13:00:00,6281.47,6287.34,6248.8,6279.75,207401627
2025-05-29 14:00:00,6279.75,6297.37,6265.66,6277.9,319912426
2025-05-29 15:00:00,6277.9,6280.12,6242.35,6265.99,655456030
2025-05-30 09:00:00,6249.44,6259.24,6238.08,6254.76,1084188474
2025-05-30 10:00:00,6254.76,6276.81,6245.18,6257.29,1053354308
2025-05-30 11:00:00,6257.29,6261.64,6219.73,6223.06,493858859
2025-05-30 12:00:00,6223.06,6280.33,6217.94,6277.16,241010641
2025-05-30 13:00:00,6277.16,6286.28,6257.11,6276.31,431724594
2025-05-30 14:00:00,6276.31,6289.27,6230.21,6244.49,673988313
2025-05-30 15:00:00,6244.49,6255.69,6232.7,6250.04,1652119382
2025-06-02 09:00:00,6278.86,6299.99,6276.14,6289.56,640410373
2025-06-02 10:00:00,6289.56,6314.29,6284.96,6310.72,640827949
2025-06-02 11:00:00,6310.72,6312.21,6263.34,6284.47,298051896
2025-06-02 12:00:00,6284.47,6294.71,6269.86,6276.4,151949863
2025-06-02 13:00:00,6276.4,6277.57,6234.68,6249.26,272295317
2025-06-02 14:00:00,6249.26,6255.53,6219.89,6230.06,407374926
2025-06-02 15:00:00,6230.06,6231.33,6181.69,6182.76,969331871
2025-06-03 09:00:00,6177.72,6177.82,6155.65,6168.17,574619259
2025-06-03 10:00:00,6168.17,6199.04,6153.25,6193.14,687683624
2025-06-03 11:00:00,6193.14,6225.84,6184.07,6211.55,330931526
2025-06-03 12:00:00,6211.55,6234.65,6203.71,6229.11,152715297
2025-06-03 13:00:00,6229.11,6242.45,6195.17,6241.83,241122531
2025-06-03 14:00:00,6241.83,6288.58,6235.09,6286.44,433717267
2025-06-03 15:00:00,6286.44,6286.49,6255.26,6263.7,857415185
2025-06-04 09:00:00,6259.41,6269.01,6253.44,6258.61,991092273
2025-06-04 10:00:00,6258.61,6272.17,6235.73,6257.01,1094385989
2025-06-04 11:00:00,6257.01,6257.73,6209.55,6221.23,496372566
2025-06-04 12:00:00,6221.23,6246.99,6211.12,6246.23,285163203
2025-06-04 13:00:00,6246.23,6258.52,6236.45,6242.1,447205977
2025-06-04 14:00:00,6242.1,6296.83,6238.98,6279.03,699523441
2025-06-04 15:00:00,6279.03,6288.55,6241.19,6287.72,1544527494
2025-06-05 09:00:00,6298.12,6298.69,6277.82,6284.81,749642975
2025-06-05 10:00:00,6284.81,6290.93,6256.32,6288.71,719991934
2025-06-05 11:00:00,6288.71,6307.98,6265.28,6282.98,379014898
2025-06-05 12:00:00,6282.98,6295.93,6275.22,6284.91,208985280
2025-06-05 13:00:00,6284.91,6300.71,6260.47,6298.2,334752850
2025-06-05 14:00:00,6298.2,6336.27,6291.41,6334.61,486296862
2025-06-05 15:00:00,6334.61,6339.65,6289.24,6311.78,872710596
2025-06-06 09:00:00,6334.86,6367.08,6329.54,6352.34,965590709
2025-06-06 10:00:00,6352.34,6367.5,6316.29,6319.13,952516981
2025-06-06 11:00:00,6319.13,6324.83,6283.04,6318.81,520632173
2025-06-06 12:00:00,6318.81,6328.93,6285.17,6311.32,265924057
2025-06-06 13:00:00,6311.32,6325.71,6287.87,6289.68,499952382
2025-06-06 14:00:00,6289.68,6299.91,6277.06,6288.6,731384256
2025-06-06 15:00:00,6288.6,6291.04,6253.01,6254.05,1514609295
2025-06-09 09:00:00,6259.44,6260.46,6230.55,6250.71,689823060
2025-06-09 10:00:00,6250.71,6282.28,6245.17,6277.88,801816510
2025-06-09 11:00:00,6277.88,6279.24,6237.06,6247.11,423188403
2025-06-09 12:00:00,6247.11,6254.0,6227.04,6227.41,187802888
2025-06-09 13:00:00,6227.41,6250.93,6209.96,6241.84,312753168
2025-06-09 14:00:00,6241.84,6266.55,6223.56,6263.85,515501763
2025-06-09 15:00:00,6263.85,6267.65,6240.39,6253.23,938468790
2025-06-10 09:00:00,6250.12,6278.63,6249.51,6258.19,805168061
2025-06-10 10:00:00,6258.19,6277.3,6227.11,6230.26,861677124
2025-06-10 11:00:00,6230.26,6245.75,6202.17,6214.13,433112872
2025-06-10 12:00:00,6214.13,6251.25,6206.78,6247.9,190766483
2025-06-10 13:00:00,6247.9,6248.03,6222.63,6240.73,353705580
2025-06-10 14:00:00,6240.73,6256.96,6232.29,6237.98,520934774
2025-06-10 15:00:00,6237.98,6269.39,6236.6,6264.28,1158425393
2025-06-11 09:00:00,6269.11,6279.04,6246.7,6246.96,593844706
2025-06-11 10:00:00,6246.96,6247.05,6212.48,6233.57,632665749
2025-06-11 11:00:00,6233.57,6255.66,6222.85,6244.79,294350094
2025-06-11 12:00:00,6244.79,6245.53,6199.39,6212.04,163024957
2025-06-11 13:00:00,6212.04,6232.36,6191.92,6206.13,240523285
2025-06-11 14:00:00,6206.13,6247.19,6196.42,6235.25,400021735
2025-06-11 15:00:00,6235.25,6288.92,6223.1,6266.39,764006741
2025-06-12 09:00:00,6256.17,6265.41,6236.18,6244.38,259189229
2025-06-12 10:00:00,6244.38,6259.75,6186.72,6189.63,304393280
2025-06-12 11:00:00,6189.63,6197.75,6173.08,6173.61,141998065
2025-06-12 12:00:00,6173.61,6194.13,6170.22,6189.31,78853896
2025-06-12 13:00:00,6189.31,6202.45,6170.21,6194.34,123458369
2025-06-12 14:00:00,6194.34,6287.58,6191.6,6236.49,196864455
2025-06-12 15:00:00,6236.49,6255.74,6225.34,6228.24,431962856
2025-06-13 09:00:00,6241.11,6265.8,6240.88,6256.19,582132891
2025-06-13 10:00:00,6256.19,6291.91,6246.64,6289.64,611240094
2025-06-13 11:00:00,6289.64,6293.76,6256.75,6279.36,323912005
2025-06-13 12:00:00,6279.36,6330.01,6278.79,6314.59,168272832
2025-06-13 13:00:00,6314.59,6326.51,6292.3,6314.27,262699303
2025-06-13 14:00:00,6314.27,6348.35,6313.19,6339.05,423425968
2025-06-13 15:00:00,6339.05,6369.35,6331.96,6368.53,815206079
2025-06-16 09:00:00,6349.32,6359.96,6342.04,6358.64,528556593
2025-06-16 10:00:00,6358.64,6387.18,6352.09,6375.15,534040139
2025-06-16 11:00:00,6375.15,6377.37,6353.32,6370.02,269535920
2025-06-16 12:00:00,6370.02,6378.13,6336.58,6346.47,135248225
2025-06-16 13:00:00,6346.47,6354.71,6312.55,6350.25,205152263
2025-06-16 14:00:00,6350.25,6360.36,6336.66,6344.31,338549945
2025-06-16 15:00:00,6344.31,6350.87,6313.78,6319.49,797731206
2025-06-17 09:00:00,6306.12,6312.16,6292.94,6301.26,659011896
2025-06-17 10:00:00,6301.26,6324.78,6283.35,6323.76,690841389
2025-06-17 11:00:00,6323.76,6344.93,6315.05,6323.63,264126013
2025-06-17 12:00:00,6323.63,6335.74,6301.4,6313.06,156794977
2025-06-17 13:00:00,6313.06,6335.32,6307.83,6308.38,306293672
2025-06-17 14:00:00,6308.38,6347.65,6302.52,6345.81,382213896
2025-06-17 15:00:00,6345.81,6356.79,6320.68,6325.91,816866942
2025-06-18 09:00:00,6343.27,6343.37,6306.29,6307.28,571222237
2025-06-18 10:00:00,6307.28,6372.27,6299.64,6345.64,603618964
2025-06-18 11:00:00,6345.64,6352.46,6301.38,6311.14,289969829
2025-06-18 12:00:00,6311.14,6318.5,6277.46,6288.15,160932104
2025-06-18 13:00:00,6288.15,6329.79,6285.48,6310.01,249438623
2025-06-18 14:00:00,6310.01,6329.27,6304.78,6312.09,414008014
2025-06-18 15:00:00,6312.09,6323.01,6285.11,6298.44,810074718
2025-06-20 09:00:00,6280.13,6308.04,6279.45,6296.5,345889296
2025-06-20 10:00:00,6296.5,6315.64,6272.22,6286.75,368709071
2025-06-20 11:00:00,6286.75,6322.23,6286.53,6297.74,170086156
2025-06-20 12:00:00,6297.74,6365.6,6295.59,6351.13,94998301
2025-06-20 13:00:00,6351.13,6364.9,6323.16,6336.43,155057254
2025-06-20 14:00:00,6336.43,6342.28,6300.77,6306.09,250592132
2025-06-20 15:00:00,6306.09,6317.85,6264.75,6273.68,448054524
2025-06-23 09:00:00,6291.45,6295.81,6276.48,6290.11,1021115363
2025-06-23 10:00:00,6290.11,6342.62,6270.0,6340.92,973676922
2025-06-23 11:00:00,6340.92,6390.89,6334.29,6380.75,480960781
2025-06-23 12:00:00,6380.75,6415.32,6366.61,6413.44,221992887
2025-06-23 13:00:00,6413.44,6453.94,6412.72,6438.19,435739507
2025-06-23 14:00:00,6438.19,6466.81,6430.69,6455.31,651278491
2025-06-23 15:00:00,6455.31,6471.5,6424.87,6442.34,1149627549
2025-06-24 09:00:00,6455.37,6481.07,6452.41,6477.28,596346349
2025-06-24 10:00:00,6477.28,6478.1,6426.24,6447.43,662239348
2025-06-24 11:00:00,6447.43,6466.42,6427.81,6439.71,350076267
2025-06-24 12:00:00,6439.71,6443.34,6423.99,6438.16,189017058
2025-06-24 13:00:00,6438.16,6484.77,6435.8,6481.17,304697555
2025-06-24 14:00:00,6481.17,6521.07,6469.81,6501.11,465094796
2025-06-24 15:00:00,6501.11,6545.42,6496.21,6517.01,860675848
2025-06-25 09:00:00,6514.57,6520.89,6477.5,6502.06,794212993
2025-06-25 10:00:00,6502.06,6519.31,6485.06,6498.04,779976011
2025-06-25 11:00:00,6498.04,6499.35,6454.18,6489.24,409239645
2025-06-25 12:00:00,6489.24,6489.81,6432.78,6443.63,205746515
2025-06-25 13:00:00,6443.63,6472.22,6436.87,6462.59,345457269
2025-06-25 14:00:00,6462.59,6513.61,6449.37,6511.81,530472194
2025-06-25 15:00:00,6511.81,6525.15,6497.86,6520.17,1128781362
2025-06-26 09:00:00,6500.3,6519.59,6497.34,6502.54,622903656
2025-06-26 10:00:00,6502.54,6504.95,6440.58,6441.92,736742841
2025-06-26 11:00:00,6441.92,6465.92,6426.98,6461.52,315303146
2025-06-26 12:00:00,6461.52,6473.2,6434.35,6435.13,176989234
2025-06-26 13:00:00,6435.13,6445.2,6371.0,6379.09,246133670
2025-06-26 14:00:00,6379.09,6469.46,6341.26,6457.57,441552637
2025-06-26 15:00:00,6457.57,6588.77,6454.26,6567.72,996236145
2025-06-27 09:00:00,6547.72,6557.42,6526.79,6529.34,447681044
2025-06-27 10:00:00,6529.34,6578.53,6523.55,6563.94,470081111
2025-06-27 11:00:00,6563.94,6591.67,6558.39,6570.37,227983528
2025-06-27 12:00:00,6570.37,6623.87,6560.05,6616.66,115407050
2025-06-27 13:00:00,6616.66,6668.03,6613.5,6645.56,210773780
2025-06-27 14:00:00,6645.56,6681.22,6642.46,6672.62,316999330
2025-06-27 15:00:00,6672.62,6716.37,6672.32,6686.57,670261713
2025-06-30 09:00:00,6717.1,6730.11,6698.41,6705.97,761943081
2025-06-30 10:00:00,6705.97,6731.13,6685.82,6687.57,949158815
2025-06-30 11:00:00,6687.57,6714.88,6681.67,6685.84,443871849
2025-06-30 12:00:00,6685.84,6714.1,6684.43,6705.91,258126462
2025-06-30 13:00:00,6705.91,6719.73,6690.19,6696.39,408300767
2025-06-30 14:00:00,6696.39,6718.63,6687.07,6691.84,548229867
2025-06-30 15:00:00,6691.84,6726.0,6680.35,6693.72,1124120720
2025-07-01 09:00:00,6715.97,6745.39,6705.86,6741.54,546408908
2025-07-01 10:00:00,6741.54,6759.68,6728.25,6748.22,587050616
2025-07-01 11:00:00,6748.22,6774.98,6728.02,6750.42,283156189
2025-07-01 12:00:00,6750.42,6756.81,6713.87,6730.17,146755223
2025-07-01 13:00:00,6730.17,6736.66,6680.37,6682.43,251911580
2025-07-01 14:00:00,6682.43,6716.79,6679.91,6703.56,326769529
2025-07-01 15:00:00,6703.56,6710.09,6651.25,6656.53,769933169
2025-07-02 09:00:00,6655.25,6674.29,6623.9,6639.22,551136745
2025-07-02 10:00:00,6639.22,6650.59,6611.53,6633.13,550602604
2025-07-02 11:00:00,6633.13,6648.58,6598.79,6612.02,248426014
2025-07-02 12:00:00,6612.02,6623.24,6578.88,6594.87,136944409
2025-07-02 13:00:00,6594.87,6610.65,6575.17,6581.57,249540804
2025-07-02 14:00:00,6581.57,6609.02,6563.48,6564.17,410024361
2025-07-02 15:00:00,6564.17,6591.48,6545.88,6589.82,721033310
2025-07-03 09:00:00,6559.58,6560.12,6537.92,6552.65,343212629
2025-07-03 10:00:00,6552.65,6591.69,6539.77,6588.78,413154623
2025-07-03 11:00:00,6588.78,6602.66,6555.18,6562.16,236857246
2025-07-03 12:00:00,6562.16,6567.92,6552.39,6567.03,108302305
2025-07-03 13:00:00,6567.03,6574.62,6524.34,6542.37,170299437
2025-07-03 14:00:00,6542.37,6559.26,6531.3,6535.47,310268201
2025-07-03 15:00:00,6535.47,6565.13,6515.56,6562.75,555411837
2025-07-07 09:00:00,6586.14,6608.71,6573.82,6574.05,800351703
2025-07-07 10:00:00,6574.05,6574.75,6544.35,6545.03,895333291
2025-07-07 11:00:00,6545.03,6570.08,6543.53,6556.27,446993881
2025-07-07 12:00:00,6556.27,6581.43,6552.05,6569.87,191117239
2025-07-07 13:00:00,6569.87,6594.03,6559.72,6566.35,395587310
2025-07-07 14:00:00,6566.35,6584.48,6556.94,6566.95,527700971
2025-07-07 15:00:00,6566.95,6589.08,6560.01,6562.61,1102278207
2025-07-08 09:00:00,6567.94,6570.49,6547.02,6555.61,593726591
2025-07-08 10:00:00,6555.61,6610.31,6548.18,6602.58,662999472
2025-07-08 11:00:00,6602.58,6602.9,6563.37,6579.65,318153519
2025-07-08 12:00:00,6579.65,6604.51,6561.32,6574.19,168114427
2025-07-08 13:00:00,6574.19,6598.09,6562.37,6596.87,273025572
2025-07-08 14:00:00,6596.87,6612.66,6580.54,6599.2,394837986
2025-07-08 15:00:00,6599.2,6626.83,6573.62,6578.59,854894175
2025-07-09 09:00:00,6581.21,6610.14,6578.19,6598.54,489468199
2025-07-09 10:00:00,6598.54,6612.83,6577.02,6600.64,554412342
2025-07-09 11:00:00,6600.64,6624.66,6589.53,6598.66,289019648
2025-07-09 12:00:00,6598.66,6627.04,6593.88,6608.31,121492179
2025-07-09 13:00:00,6608.31,6620.32,6574.14,6574.73,250721687
2025-07-09 14:00:00,6574.73,6594.5,6545.77,6586.29,366229910
2025-07-09 15:00:00,6586.29,6599.11,6560.43,6591.36,781914346
2025-07-10 09:00:00,6620.02,6639.01,6610.17,6630.77,536446552
2025-07-10 10:00:00,6630.77,6638.94,6613.09,6621.0,549108404
2025-07-10 11:00:00,6621.0,6633.56,6603.89,6621.71,267706733
2025-07-10 12:00:00,6621.71,6626.26,6596.09,6612.21,135886115
2025-07-10 13:00:00,6612.21,6631.89,6584.58,6631.59,219961234
2025-07-10 14:00:00,6631.59,6668.02,6599.19,6652.99,355534409
2025-07-10 15:00:00,6652.99,6666.04,6618.87,6640.08,747545891
2025-07-11 09:00:00,6618.75,6633.26,6606.06,6619.88,800929227
2025-07-11 10:00:00,6619.88,6650.24,6617.95,6637.62,991638430
2025-07-11 11:00:00,6637.62,6657.73,6614.22,6642.74,500549646
2025-07-11 12:00:00,6642.74,6648.54,6624.24,6624.81,317463860
2025-07-11 13:00:00,6624.81,6635.96,6610.73,6634.0,404804374
2025-07-11 14:00:00,6634.0,6670.47,6620.38,6663.38,637737139
2025-07-11 15:00:00,6663.38,6677.36,6632.92,6635.77,1365236524
2025-07-14 09:00:00,6656.75,6680.71,6649.72,6680.0,1155356552
2025-07-14 10:00:00,6680.0,6744.98,6665.74,6737.8,1169895469
2025-07-14 11:00:00,6737.8,6778.4,6724.45,6746.1,642590148
2025-07-14 12:00:00,6746.1,6766.04,6736.39,6762.98,322376709
2025-07-14 13:00:00,6762.98,6782.03,6749.65,6777.42,547219403
2025-07-14 14:00:00,6777.42,6793.31,6750.77,6772.01,752563570
2025-07-14 15:00:00,6772.01,6811.28,6770.12,6809.82,1563972538
2025-07-15 09:00:00,6836.61,6841.32,6809.56,6840.5,630670198
2025-07-15 10:00:00,6840.5,6845.45,6813.94,6816.51,580098178
2025-07-15 11:00:00,6816.51,6834.05,6787.47,6799.51,329664612
2025-07-15 12:00:00,6799.51,6823.36,6783.49,6795.54,168584679
2025-07-15 13:00:00,6795.54,6839.76,6795.16,6815.43,272604985
2025-07-15 14:00:00,6815.43,6819.71,6767.09,6784.57,413509870
2025-07-15 15:00:00,6784.57,6806.18,6741.61,6763.2,770969925
2025-07-16 09:00:00,6759.68,6809.41,6757.35,6802.52,595968222
2025-07-16 10:00:00,6802.52,6825.6,6754.2,6779.46,632470375
2025-07-16 11:00:00,6779.46,6818.31,6774.14,6785.63,310255144
2025-07-16 12:00:00,6785.63,6818.9,6773.74,6804.07,150585539
2025-07-16 13:00:00,6804.07,6844.27,6800.93,6810.85,241889323
2025-07-16 14:00:00,6810.85,6828.41,6803.69,6818.76,431823345
2025-07-16 15:00:00,6818.76,6861.4,6817.31,6844.65,760350272
2025-07-17 09:00:00,6866.79,6885.02,6850.0,6850.6,651152262
2025-07-17 10:00:00,6850.6,6858.11,6833.13,6851.72,647053212
2025-07-17 11:00:00,6851.72,6852.39,6797.49,6797.83,294435842
2025-07-17 12:00:00,6797.83,6845.27,6787.29,6811.17,176712251
2025-07-17 13:00:00,6811.17,6815.29,6766.67,6768.32,265921671
2025-07-17 14:00:00,6768.32,6785.23,6741.73,6752.48,425737937
2025-07-17 15:00:00,6752.48,6782.82,6728.48,6770.5,845358190
2025-07-18 09:00:00,6790.04,6807.29,6766.64,6772.09,532705344
2025-07-18 10:00:00,6772.09,6796.91,6764.74,6772.66,606896306
2025-07-18 11:00:00,6772.66,6818.88,6766.65,6788.24,316340501
2025-07-18 12:00:00,6788.24,6834.11,6783.85,6798.12,160920629
2025-07-18 13:00:00,6798.12,6798.26,6756.09,6789.28,260838777
2025-07-18 14:00:00,6789.28,6792.4,6770.5,6784.52,434236689
2025-07-18 15:00:00,6784.52,6834.16,6770.2,6829.42,896329875
2025-07-21 09:00:00,6858.15,6870.95,6841.03,6868.91,716303653
2025-07-21 10:00:00,6868.91,6953.18,6818.17,6944.66,708383534
2025-07-21 11:00:00,6944.66,6961.58,6878.29,6881.26,393872422
2025-07-21 12:00:00,6881.26,6896.22,6866.35,6884.7,174519529
2025-07-21 13:00:00,6884.7,6913.45,6878.8,6904.12,355527730
2025-07-21 14:00:00,6904.12,6904.51,6869.75,6884.88,463040035
2025-07-21 15:00:00,6884.88,6899.38,6866.22,6885.86,1096547274
2025-07-22 09:00:00,6871.42,6892.36,6861.08,6891.57,793557768
2025-07-22 10:00:00,6891.57,6911.54,6877.9,6908.35,882178581
2025-07-22 11:00:00,6908.35,6944.73,6902.89,6931.88,446267709
2025-07-22 12:00:00,6931.88,6960.04,6920.73,6946.93,212270601
2025-07-22 13:00:00,6946.93,6960.62,6932.62,6940.92,393807510
2025-07-22 14:00:00,6940.92,6976.13,6938.53,6969.59,550978687
2025-07-22 15:00:00,6969.59,6990.17,6959.72,6970.02,1043279688
2025-07-23 09:00:00,7014.19,7022.89,6999.9,7006.43,505450658
2025-07-23 10:00:00,7006.43,7012.68,6967.77,6971.78,482925364
2025-07-23 11:00:00,6971.78,7008.45,6941.76,7008.04,256626727
2025-07-23 12:00:00,7008.04,7022.91,6992.24,7009.5,145183396
2025-07-23 13:00:00,7009.5,7014.92,6936.64,6937.18,225952700
2025-07-23 14:00:00,6937.18,6966.73,6925.53,6954.46,352022237
2025-07-23 15:00:00,6954.46,7026.2,6940.14,7025.65,803336213
2025-07-24 09:00:00,7039.15,7043.45,7002.62,7017.06,473538702
2025-07-24 10:00:00,7017.06,7025.92,6969.45,6992.43,421562382
2025-07-24 11:00:00,6992.43,7009.32,6955.1,6959.46,243568921
2025-07-24 12:00:00,6959.46,6978.41,6935.07,6974.95,110824827
2025-07-24 13:00:00,6974.95,7018.44,6974.5,7005.32,157643765
2025-07-24 14:00:00,7005.32,7011.38,6961.21,6962.3,307486661
2025-07-24 15:00:00,6962.3,7004.2,6952.56,7000.72,540971477
2025-07-25 09:00:00,6966.1,6983.47,6951.58,6976.0,674856829
2025-07-25 10:00:00,6976.0,7011.75,6964.42,6990.98,644930125
2025-07-25 11:00:00,6990.98,6997.75,6975.39,6982.75,339469498
2025-07-25 12:00:00,6982.75,7008.19,6978.43,6988.17,184676190
2025-07-25 13:00:00,6988.17,7018.1,6983.71,6992.09,278289474
2025-07-25 14:00:00,6992.09,6992.75,6921.52,6921.95,471432054
2025-07-25 15:00:00,6921.95,6935.97,6891.61,6891.68,955053100
2025-07-28 09:00:00,6907.99,6910.19,6889.49,6900.64,1006739545
2025-07-28 10:00:00,6900.64,6920.22,6884.83,6894.55,1227904500
2025-07-28 11:00:00,6894.55,6911.49,6876.99,6897.13,540315693
2025-07-28 12:00:00,6897.13,6913.16,6870.15,6912.17,297084264
2025-07-28 13:00:00,6912.17,6918.98,6884.43,6896.77,494082283
2025-07-28 14:00:00,6896.77,6901.89,6859.84,6867.61,712773244
2025-07-28 15:00:00,6867.61,6890.32,6861.77,6884.71,1534920390
2025-07-29 09:00:00,6857.32,6859.75,6798.55,6800.5,687795754
2025-07-29 10:00:00,6800.5,6818.71,6791.76,6801.86,679797821
2025-07-29 11:00:00,6801.86,6828.34,6789.75,6813.12,354331606
2025-07-29 12:00:00,6813.12,6834.11,6780.04,6826.3,172579874
2025-07-29 13:00:00,6826.3,6830.81,6781.05,6782.35,310661229
2025-07-29 14:00:00,6782.35,6879.05,6778.37,6864.08,488639124
2025-07-29 15:00:00,6864.08,6884.85,6843.86,6848.2,821678413
2025-07-30 09:00:00,6874.66,6909.91,6872.71,6906.2,648539093
2025-07-30 10:00:00,6906.2,6945.49,6893.85,6915.5,626532749
2025-07-30 11:00:00,6915.5,6939.39,6885.76,6914.04,274927272
2025-07-30 12:00:00,6914.04,6931.02,6853.1,6864.96,147513405
2025-07-30 13:00:00,6864.96,6899.53,6864.2,6897.69,245905372
2025-07-30 14:00:00,6897.69,6936.11,6884.7,6934.0,380632047
2025-07-30 15:00:00,6934.0,6936.13,6911.25,6916.79,797316187
2025-07-31 09:00:00,6926.03,6933.97,6913.95,6927.29,472052451
2025-07-31 10:00:00,6927.29,6945.49,6911.22,6935.4,548675274
2025-07-31 11:00:00,6935.4,6954.11,6913.37,6933.53,247626545
2025-07-31 12:00:00,6933.53,6973.41,6929.69,6948.01,119304622
2025-07-31 13:00:00,6948.01,6974.61,6933.68,6963.68,200476493
2025-07-31 14:00:00,6963.68,7011.63,6960.38,6961.83,384530630
2025-07-31 15:00:00,6961.83,6962.85,6907.16,6924.0,602857580
2025-08-01 09:00:00,6926.39,6952.25,6905.46,6905.57,449666194
2025-08-01 10:00:00,6905.57,6939.67,6893.5,6914.77,463203544
2025-08-01 11:00:00,6914.77,6917.16,6881.21,6908.22,197199745
2025-08-01 12:00:00,6908.22,6922.3,6878.73,6911.86,109123500
2025-08-01 13:00:00,6911.86,6960.36,6904.42,6960.08,198932711
2025-08-01 14:00:00,6960.08,6978.66,6944.36,6954.13,257672206
2025-08-01 15:00:00,6954.13,6994.07,6952.62,6975.25,575996265
2025-08-04 09:00:00,6964.6,6982.94,6956.84,6964.56,579982515
2025-08-04 10:00:00,6964.56,6977.21,6944.87,6969.54,631292928
2025-08-04 11:00:00,6969.54,6972.45,6922.2,6953.37,316055297
2025-08-04 12:00:00,6953.37,6959.06,6901.57,6921.79,175092289
2025-08-04 13:00:00,6921.79,6938.55,6906.87,6930.03,290133009
2025-08-04 14:00:00,6930.03,6969.0,6912.62,6966.69,392532934
2025-08-04 15:00:00,6966.69,6972.17,6931.95,6946.19,785631680
2025-08-05 09:00:00,6959.7,6975.49,6953.67,6974.43,647819812
2025-08-05 10:00:00,6974.43,6996.24,6950.84,6957.67,592986850
2025-08-05 11:00:00,6957.67,6960.96,6912.94,6920.06,283413005
2025-08-05 12:00:00,6920.06,6939.77,6889.5,6908.61,165672080
2025-08-05 13:00:00,6908.61,6924.23,6891.05,6910.55,314224983
2025-08-05 14:00:00,6910.55,6926.89,6891.33,6900.99,414474723
2025-08-05 15:00:00,6900.99,6925.19,6865.63,6869.59,862109822
2025-08-06 09:00:00,6843.02,6886.84,6838.57,6884.03,464131967
2025-08-06 10:00:00,6884.03,6893.19,6853.13,6869.25,458411802
2025-08-06 11:00:00,6869.25,6891.24,6835.1,6836.48,224995164
2025-08-06 12:00:00,6836.48,6856.73,6821.79,6831.88,123026655
2025-08-06 13:00:00,6831.88,6837.23,6815.48,6835.08,212062262
2025-08-06 14:00:00,6835.08,6887.24,6831.24,6854.84,337009787
2025-08-06 15:00:00,6854.84,6903.42,6853.25,6880.4,589259060
2025-08-07 09:00:00,6929.31,6976.11,6926.63,6971.24,746335678
2025-08-07 10:00:00,6971.24,6996.09,6951.34,6993.43,713561348
2025-08-07 11:00:00,6993.43,7013.12,6962.85,7003.78,337366490
2025-08-07 12:00:00,7003.78,7014.28,6978.04,6983.0,181297289
2025-08-07 13:00:00,6983.0,6985.06,6933.43,6939.1,307847202
2025-08-07 14:00:00,6939.1,6964.97,6920.76,6921.88,477566856
2025-08-07 15:00:00,6921.88,6951.85,6897.15,6905.8,1022663251
2025-08-08 09:00:00,6908.86,6942.64,6905.4,6938.88,611718089
2025-08-08 10:00:00,6938.88,6949.82,6921.15,6922.55,643746711
2025-08-08 11:00:00,6922.55,6933.31,6872.29,6892.86,317696909
2025-08-08 12:00:00,6892.86,6893.63,6848.48,6892.38,165091947
2025-08-08 13:00:00,6892.38,6918.44,6873.78,6909.47,280792671
2025-08-08 14:00:00,6909.47,6928.99,6875.76,6877.5,448155007
2025-08-08 15:00:00,6877.5,6892.42,6855.24,6885.22,869856156
2025-08-11 09:00:00,6849.64,6869.06,6844.3,6861.49,451298489
2025-08-11 10:00:00,6861.49,6863.5,6822.57,6859.23,530766488
2025-08-11 11:00:00,6859.23,6876.47,6845.31,6846.14,234581484
2025-08-11 12:00:00,6846.14,6851.56,6818.38,6822.47,121613868
2025-08-11 13:00:00,6822.47,6829.57,6807.09,6818.61,204802109
2025-08-11 14:00:00,6818.61,6854.28,6812.41,6849.36,334409852
2025-08-11 15:00:00,6849.36,6851.31,6814.22,6831.34,607778114
2025-08-12 09:00:00,6779.61,6790.29,6759.94,6764.12,742577270
2025-08-12 10:00:00,6764.12,6765.21,6731.1,6751.25,731689051
2025-08-12 11:00:00,6751.25,6778.07,6743.26,6774.54,376496586
2025-08-12 12:00:00,6774.54,6785.46,6749.2,6774.29,160336765
2025-08-12 13:00:00,6774.29,6779.18,6731.96,6734.25,286847630
2025-08-12 14:00:00,6734.25,6834.04,6721.71,6831.63,453882469
2025-08-12 15:00:00,6831.63,6863.58,6819.68,6829.83,978127869
2025-08-13 09:00:00,6820.18,6825.56,6792.93,6803.69,651550380
2025-08-13 10:00:00,6803.69,6812.87,6753.53,6763.56,726158687
2025-08-13 11:00:00,6763.56,6767.18,6705.69,6711.52,361275450
2025-08-13 12:00:00,6711.52,6736.96,6693.02,6731.07,188148641
2025-08-13 13:00:00,6731.07,6735.17,6697.9,6701.41,297573503
2025-08-13 14:00:00,6701.41,6756.69,6698.51,6741.56,542762495
2025-08-13 15:00:00,6741.56,6748.38,6703.0,6731.83,975591346
2025-08-14 09:00:00,6753.94,6759.67,6743.06,6744.69,687355951
2025-08-14 10:00:00,6744.69,6754.1,6719.74,6740.11,737473076
2025-08-14 11:00:00,6740.11,6741.56,6712.49,6719.19,396977710
2025-08-14 12:00:00,6719.19,6750.8,6715.6,6731.01,204087425
2025-08-14 13:00:00,6731.01,6739.46,6653.01,6666.46,319277058
2025-08-14 14:00:00,6666.46,6684.16,6651.48,6683.18,476157478
2025-08-14 15:00:00,6683.18,6695.12,6663.79,6679.0,1010017998
2025-08-15 09:00:00,6694.02,6719.09,6682.28,6712.11,741221864
2025-08-15 10:00:00,6712.11,6729.1,6695.06,6713.85,772613353
2025-08-15 11:00:00,6713.85,6722.22,6668.61,6688.51,363229046
2025-08-15 12:00:00,6688.51,6696.63,6656.54,6657.61,174958264
2025-08-15 13:00:00,6657.61,6677.49,6598.18,6642.71,274747044
2025-08-15 14:00:00,6642.71,6676.85,6637.3,6667.47,490997227
2025-08-15 15:00:00,6667.47,6678.12,6647.73,6673.84,929797733
2025-08-18 09:00:00,6677.38,6714.37,6670.84,6681.38,536309130
2025-08-18 10:00:00,6681.38,6713.86,6666.85,6710.23,622347771
2025-08-18 11:00:00,6710.23,6711.27,6685.8,6698.87,297787061
2025-08-18 12:00:00,6698.87,6710.74,6683.17,6699.83,170059881
2025-08-18 13:00:00,6699.83,6730.93,6690.48,6714.07,243433030
2025-08-18 14:00:00,6714.07,6736.65,6699.16,6725.18,442459775
2025-08-18 15:00:00,6725.18,6742.57,6709.2,6737.54,833555208
2025-08-19 09:00:00,6771.55,6783.43,6760.72,6763.38,639409787
2025-08-19 10:00:00,6763.38,6826.73,6755.07,6825.75,701957666
2025-08-19 11:00:00,6825.75,6830.38,6780.36,6785.74,344221657
2025-08-19 12:00:00,6785.74,6850.03,6781.26,6846.4,173513773
2025-08-19 13:00:00,6846.4,6856.85,6804.18,6806.3,312980697
2025-08-19 14:00:00,6806.3,6808.54,6762.44,6804.86,478329461
2025-08-19 15:00:00,6804.86,6811.75,6763.35,6784.75,902051029
2025-08-20 09:00:00,6758.03,6767.46,6745.36,6752.89,970179283
2025-08-20 10:00:00,6752.89,6759.2,6696.4,6743.9,1043342442
2025-08-20 11:00:00,6743.9,6758.97,6729.62,6748.66,529607354
2025-08-20 12:00:00,6748.66,6773.61,6737.8,6741.22,293922106
2025-08-20 13:00:00,6741.22,6775.67,6727.36,6743.35,457088299
2025-08-20 14:00:00,6743.35,6748.03,6713.12,6747.08,713839143
2025-08-20 15:00:00,6747.08,6748.72,6695.82,6704.26,1383252482
2025-08-21 09:00:00,6722.78,6752.75,6722.72,6748.24,848067475
2025-08-21 10:00:00,6748.24,6758.34,6719.35,6736.58,772058971
2025-08-21 11:00:00,6736.58,6793.33,6733.04,6789.85,353399963
2025-08-21 12:00:00,6789.85,6815.13,6767.23,6805.6,224761783
2025-08-21 13:00:00,6805.6,6831.28,6786.44,6812.4,338449193
2025-08-21 14:00:00,6812.4,6829.1,6797.39,6816.26,617936164
2025-08-21 15:00:00,6816.26,6860.58,6809.89,6855.43,1014424623
2025-08-22 09:00:00,6819.41,6820.35,6790.68,6792.57,465673660
2025-08-22 10:00:00,6792.57,6840.64,6792.04,6834.02,504215470
2025-08-22 11:00:00,6834.02,6854.73,6819.12,6848.19,248801505
2025-08-22 12:00:00,6848.19,6870.29,6843.01,6867.24,144855377
2025-08-22 13:00:00,6867.24,6894.44,6854.86,6881.95,216309225
2025-08-22 14:00:00,6881.95,6905.93,6870.79,6884.93,366597155
2025-08-22 15:00:00,6884.93,6891.26,6832.18,6848.16,612740477
2025-08-25 09:00:00,6892.82,6898.06,6853.8,6868.45,576248053
2025-08-25 10:00:00,6868.45,6868.97,6836.05,6860.2,596586718
2025-08-25 11:00:00,6860.2,6888.22,6851.01,6870.22,304964556
2025-08-25 12:00:00,6870.22,6893.22,6858.52,6882.26,163520237
2025-08-25 13:00:00,6882.26,6910.07,6871.79,6907.33,257763547
2025-08-25 14:00:00,6907.33,6921.06,6893.3,6904.07,435384250
2025-08-25 15:00:00,6904.07,6905.15,6875.74,6879.62,876892904
2025-08-26 09:00:00,6875.5,6892.34,6865.82,6865.87,488871810
2025-08-26 10:00:00,6865.87,6896.95,6855.5,6890.81,472733136
2025-08-26 11:00:00,6890.81,6925.78,6868.03,6908.17,203274626
2025-08-26 12:00:00,6908.17,6914.45,6863.93,6869.82,118615736
2025-08-26 13:00:00,6869.82,6871.62,6840.39,6860.24,183833813
2025-08-26 14:00:00,6860.24,6902.27,6856.32,6890.25,290454853
2025-08-26 15:00:00,6890.25,6905.37,6871.35,6873.08,700617668
2025-08-27 09:00:00,6871.3,6875.44,6852.85,6859.4,561522999
2025-08-27 10:00:00,6859.4,6884.83,6842.89,6845.12,522475107
2025-08-27 11:00:00,6845.12,6873.96,6835.12,6870.93,223703873
2025-08-27 12:00:00,6870.93,6898.94,6848.87,6880.93,144091370
2025-08-27 13:00:00,6880.93,6888.7,6861.22,6864.62,215023035
2025-08-27 14:00:00,6864.62,6884.86,6850.06,6881.12,374268836
2025-08-27 15:00:00,6881.12,6890.75,6851.36,6860.73,717911503
2025-08-28 09:00:00,6842.54,6855.49,6830.65,6834.65,403877936
2025-08-28 10:00:00,6834.65,6858.09,6823.47,6841.91,391359462
2025-08-28 11:00:00,6841.91,6899.91,6839.01,6881.27,221612087
2025-08-28 12:00:00,6881.27,6921.28,6875.31,6896.76,104982286
2025-08-28 13:00:00,6896.76,6902.95,6872.64,6902.28,189305460
2025-08-28 14:00:00,6902.28,6913.13,6883.94,6890.59,270022697
2025-08-28 15:00:00,6890.59,6891.27,6807.86,6819.5,559550061
2025-08-29 09:00:00,6808.7,6831.42,6803.07,6808.98,617338291
2025-08-29 10:00:00,6808.98,6861.12,6804.03,6851.45,647962111
2025-08-29 11:00:00,6851.45,6859.05,6829.91,6837.37,301176245
2025-08-29 12:00:00,6837.37,6847.58,6815.64,6820.81,140031228
2025-08-29 13:00:00,6820.81,6837.89,6804.46,6814.58,291874898
2025-08-29 14:00:00,6814.58,6863.27,6792.96,6856.36,430986223
2025-08-29 15:00:00,6856.36,6880.78,6835.13,6837.78,913228730
2025-09-02 09:00:00,6827.5,6830.49,6783.94,6786.26,814132326
2025-09-02 10:00:00,6786.26,6790.59,6756.18,6760.13,975397205
2025-09-02 11:00:00,6760.13,6771.02,6728.7,6745.94,383144066
2025-09-02 12:00:00,6745.94,6755.32,6726.72,6731.4,227046758
2025-09-02 13:00:00,6731.4,6746.52,6719.09,6731.02,365077018
2025-09-02 14:00:00,6731.02,6734.7,6704.45,6711.16,542345355
2025-09-02 15:00:00,6711.16,6836.01,6709.98,6832.85,1052500372
2025-09-03 09:00:00,6824.65,6841.57,6821.61,6829.75,613213270
2025-09-03 10:00:00,6829.75,6831.23,6784.06,6785.9,739107606
2025-09-03 11:00:00,6785.9,6822.08,6782.23,6811.19,341023345
2025-09-03 12:00:00,6811.19,6813.78,6791.18,6796.37,203837526
2025-09-03 13:00:00,6796.37,6827.5,6795.13,6813.08,293080136
2025-09-03 14:00:00,6813.08,6813.98,6759.91,6777.44,479809679
2025-09-03 15:00:00,6777.44,6857.32,6751.85,6832.25,1007775624
2025-09-04 09:00:00,6860.99,6878.74,6852.01,6868.98,1047864217
2025-09-04 10:00:00,6868.98,6890.11,6834.23,6836.58,962682710
2025-09-04 11:00:00,6836.58,6862.02,6826.73,6851.39,579954187
2025-09-04 12:00:00,6851.39,6879.24,6844.98,6870.85,290216533
2025-09-04 13:00:00,6870.85,6900.67,6868.16,6894.93,454701506
2025-09-04 14:00:00,6894.93,6940.11,6892.87,6932.17,739841964
2025-09-04 15:00:00,6932.17,6983.36,6924.19,6967.04,1436518882
2025-09-05 09:00:00,6962.31,6963.38,6927.56,6939.83,1293617632
2025-09-05 10:00:00,6939.83,6968.72,6935.09,6964.06,1385263396
2025-09-05 11:00:00,6964.06,6985.2,6945.99,6964.18,647621181
2025-09-05 12:00:00,6964.18,6987.85,6955.57,6978.89,341976611
2025-09-05 13:00:00,6978.89,7007.52,6972.47,6999.16,528319587
2025-09-05 14:00:00,6999.16,6999.59,6942.21,6957.83,832491279
2025-09-05 15:00:00,6957.83,7012.93,6939.46,6989.99,1707057772
2025-09-08 09:00:00,6999.93,7006.41,6977.46,6994.51,839030257
2025-09-08 10:00:00,6994.51,7037.08,6980.37,7016.18,694413428
2025-09-08 11:00:00,7016.18,7040.41,6992.24,6993.88,366907903
2025-09-08 12:00:00,6993.88,7014.8,6975.88,7003.44,206084739
2025-09-08 13:00:00,7003.44,7042.89,6997.32,7041.96,384198666
2025-09-08 14:00:00,7041.96,7088.68,7038.29,7074.58,525960947
2025-09-08 15:00:00,7074.58,7116.46,7072.05,7111.9,1104873338
2025-09-09 09:00:00,7073.28,7082.64,7053.2,7068.29,607248884
2025-09-09 10:00:00,7068.29,7070.25,7007.8,7011.92,666145752
2025-09-09 11:00:00,7011.92,7038.36,6998.23,7014.01,336753915
2025-09-09 12:00:00,7014.01,7038.77,7004.49,7037.69,168955385
2025-09-09 13:00:00,7037.69,7042.01,6967.65,6999.61,253550119
2025-09-09 14:00:00,6999.61,7026.79,6985.06,6993.66,398046083
2025-09-09 15:00:00,6993.66,7023.93,6984.72,6988.67,766256607
2025-09-10 09:00:00,7031.34,7100.99,6958.49,6970.25,460314417
2025-09-10 10:00:00,6970.25,6985.38,6954.41,6968.07,438296098
2025-09-10 11:00:00,6968.07,6968.19,6926.13,6941.2,232995066
2025-09-10 12:00:00,6941.2,6949.13,6895.17,6897.31,116795877
2025-09-10 13:00:00,6897.31,6902.78,6876.83,6883.55,183301339
2025-09-10 14:00:00,6883.55,6892.24,6869.41,6885.95,358187153
2025-09-10 15:00:00,6885.95,6930.46,6875.47,6929.36,595130205
2025-09-11 09:00:00,6890.25,6903.49,6876.62,6891.83,718481731
2025-09-11 10:00:00,6891.83,6956.91,6889.09,6937.8,698546304
2025-09-11 11:00:00,6937.8,6957.73,6933.71,6943.97,406916246
2025-09-11 12:00:00,6943.97,6962.24,6907.55,6951.06,198926849
2025-09-11 13:00:00,6951.06,6965.66,6941.87,6950.83,325711758
2025-09-11 14:00:00,6950.83,7000.44,6941.61,6947.63,450740210
2025-09-11 15:00:00,6947.63,6961.98,6930.41,6959.54,1017789452
2025-09-12 09:00:00,6966.4,6982.58,6961.66,6979.04,624418686
2025-09-12 10:00:00,6979.04,7025.35,6974.8,7007.72,646736578
2025-09-12 11:00:00,7007.72,7023.63,6978.48,7007.1,297683039
2025-09-12 12:00:00,7007.1,7064.93,6991.96,7055.03,176826294
2025-09-12 13:00:00,7055.03,7062.57,7022.84,7024.52,310532706
2025-09-12 14:00:00,7024.52,7058.08,7019.65,7057.08,443738810
2025-09-12 15:00:00,7057.08,7058.73,7004.85,7011.8,847772542
2025-09-15 09:00:00,7012.87,7017.65,6996.1,7001.49,552745440
2025-09-15 10:00:00,7001.49,7006.0,6956.67,6957.16,526113816
2025-09-15 11:00:00,6957.16,6988.66,6954.28,6984.41,239670661
2025-09-15 12:00:00,6984.41,7009.01,6974.92,7001.27,130790880
2025-09-15 13:00:00,7001.27,7016.25,6986.44,7000.99,236218087
2025-09-15 14:00:00,7000.99,7023.09,6977.67,6986.37,396344874
2025-09-15 15:00:00,6986.37,6994.7,6951.16,6969.69,667678359
2025-09-16 09:00:00,6963.08,6963.27,6920.68,6921.89,527706395
2025-09-16 10:00:00,6921.89,6958.96,6913.73,6918.57,604185535
2025-09-16 11:00:00,6918.57,6925.41,6870.0,6874.31,271533729
2025-09-16 12:00:00,6874.31,6912.15,6870.52,6901.97,132556467
2025-09-16 13:00:00,6901.97,6906.89,6839.66,6840.0,229551940
2025-09-16 14:00:00,6840.0,6863.66,6835.29,6860.71,355224264
2025-09-16 15:00:00,6860.71,6880.0,6853.44,6854.11,650442987
2025-09-17 09:00:00,6839.33,6841.47,6808.04,6813.22,452587213
2025-09-17 10:00:00,6813.22,6817.76,6763.91,6770.25,525630268
2025-09-17 11:00:00,6770.25,6813.13,6766.28,6785.59,291608385
2025-09-17 12:00:00,6785.59,6806.91,6777.32,6806.65,136504434
2025-09-17 13:00:00,6806.65,6865.06,6806.5,6860.03,241319923
2025-09-17 14:00:00,6860.03,6930.19,6853.78,6911.78,373595130
2025-09-17 15:00:00,6911.78,6919.25,6863.08,6878.76,753324281
2025-09-18 09:00:00,6909.34,6912.09,6856.94,6857.74,833799895
2025-09-18 10:00:00,6857.74,6874.69,6835.45,6868.86,985735267
2025-09-18 11:00:00,6868.86,6874.72,6832.12,6855.31,400911468
2025-09-18 12:00:00,6855.31,6879.33,6822.33,6834.36,205858678
2025-09-18 13:00:00,6834.36,6846.75,6801.59,6835.78,365019174
2025-09-18 14:00:00,6835.78,6842.69,6806.19,6824.0,711656725
2025-09-18 15:00:00,6824.0,6836.62,6807.84,6817.08,1062353983
2025-09-19 09:00:00,6804.39,6807.66,6780.86,6794.18,620321883
2025-09-19 10:00:00,6794.18,6808.31,6766.84,6768.32,685621687
2025-09-19 11:00:00,6768.32,6791.69,6757.6,6775.07,330004057
2025-09-19 12:00:00,6775.07,6794.73,6770.79,6783.11,181803142
2025-09-19 13:00:00,6783.11,6808.35,6773.07,6804.5,325122730
2025-09-19 14:00:00,6804.5,6848.11,6802.46,6823.64,510888990
2025-09-19 15:00:00,6823.64,6836.19,6811.55,6829.14,819479197
2025-09-22 09:00:00,6842.97,6886.49,6837.96,6881.01,977090342
2025-09-22 10:00:00,6881.01,6922.46,6876.24,6900.53,1006898759
2025-09-22 11:00:00,6900.53,6908.07,6859.51,6860.46,526147772
2025-09-22 12:00:00,6860.46,6862.33,6819.61,6829.34,263880940
2025-09-22 13:00:00,6829.34,6845.37,6802.37,6806.03,436839038
2025-09-22 14:00:00,6806.03,6837.06,6789.08,6829.58,657290056
2025-09-22 15:00:00,6829.58,6839.33,6801.47,6823.21,1375810980
2025-09-23 09:00:00,6797.02,6800.1,6776.55,6778.01,979805591
2025-09-23 10:00:00,6778.01,6813.74,6764.98,6788.64,1026883637
2025-09-23 11:00:00,6788.64,6815.24,6775.8,6780.1,523316967
2025-09-23 12:00:00,6780.1,6782.47,6718.29,6728.89,259743467
2025-09-23 13:00:00,6728.89,6773.32,6721.15,6768.95,415139926
2025-09-23 14:00:00,6768.95,6773.42,6729.34,6740.28,686515953
2025-09-23 15:00:00,6740.28,6744.98,6701.43,6702.97,1358259304
2025-09-24 09:00:00,6731.98,6769.68,6728.26,6768.69,771226897
2025-09-24 10:00:00,6768.69,6783.53,6727.01,6731.22,889648376
2025-09-24 11:00:00,6731.22,6774.48,6719.07,6771.67,409028344
2025-09-24 12:00:00,6771.67,6778.18,6712.84,6722.35,222651197
2025-09-24 13:00:00,6722.35,6752.21,6707.71,6736.43,311830899
2025-09-24 14:00:00,6736.43,6762.59,6731.12,6761.16,646664500
2025-09-24 15:00:00,6761.16,6788.78,6746.62,6778.18,1050675449
2025-09-25 09:00:00,6775.8,6800.35,6769.86,6781.13,1064419666
2025-09-25 10:00:00,6781.13,6792.66,6753.82,6760.72,1106577017
2025-09-25 11:00:00,6760.72,6761.84,6702.75,6710.63,540128287
2025-09-25 12:00:00,6710.63,6717.72,6646.43,6664.65,305796445
2025-09-25 13:00:00,6664.65,6679.97,6646.05,6665.22,461433944
2025-09-25 14:00:00,6665.22,6692.67,6643.41,6652.5,762038812
2025-09-25 15:00:00,6652.5,6701.3,6643.43,6700.11,1471946488
2025-09-26 09:00:00,6702.05,6706.65,6649.87,6650.34,537610919
2025-09-26 10:00:00,6650.34,6651.57,6614.51,6631.98,585210871
2025-09-26 11:00:00,6631.98,6672.17,6623.64,6668.71,289372791
2025-09-26 12:00:00,6668.71,6673.43,6633.8,6643.85,162225059
2025-09-26 13:00:00,6643.85,6723.28,6641.24,6693.35,239661664
2025-09-26 14:00:00,6693.35,6747.02,6693.08,6741.11,410098639
2025-09-26 15:00:00,6741.11,6763.21,6722.26,6734.96,764476188
2025-09-29 09:00:00,6763.08,6780.5,6742.59,6764.03,757926979
2025-09-29 10:00:00,6764.03,6828.3,6762.89,6822.49,881443908
2025-09-29 11:00:00,6822.49,6870.09,6816.24,6856.64,485244154
2025-09-29 12:00:00,6856.64,6888.89,6843.21,6864.66,249313175
2025-09-29 13:00:00,6864.66,6890.47,6856.28,6889.64,374318310
2025-09-29 14:00:00,6889.64,6908.61,6883.53,6890.28,593203903
2025-09-29 15:00:00,6890.28,6901.39,6869.92,6884.29,1280971089
2025-09-30 09:00:00,6847.87,6854.58,6824.42,6840.83,682444227
2025-09-30 10:00:00,6840.83,6874.71,6834.34,6862.8,812077635
2025-09-30 11:00:00,6862.8,6865.19,6813.94,6820.71,395870672
2025-09-30 12:00:00,6820.71,6842.74,6800.98,6812.26,197942931
2025-09-30 13:00:00,6812.26,6852.34,6809.16,6828.19,345814109
2025-09-30 14:00:00,6828.19,6829.6,6766.86,6778.67,545000376
2025-09-30 15:00:00,6778.67,6788.73,6757.31,6760.22,1075869360
2025-10-01 09:00:00,6767.12,6769.8,6723.48,6724.06,612556938
2025-10-01 10:00:00,6724.06,6744.86,6714.62,6737.78,672525299
2025-10-01 11:00:00,6737.78,6761.01,6707.27,6711.23,290033547
2025-10-01 12:00:00,6711.23,6745.54,6710.37,6730.26,155848611
2025-10-01 13:00:00,6730.26,6735.94,6668.09,6679.47,266961033
2025-10-01 14:00:00,6679.47,6681.68,6642.3,6642.39,407760006
2025-10-01 15:00:00,6642.39,6649.74,6611.78,6619.1,739171382
2025-10-02 09:00:00,6603.34,6610.39,6574.72,6582.06,687236301
2025-10-02 10:00:00,6582.06,6590.84,6563.37,6589.65,838028552
2025-10-02 11:00:00,6589.65,6590.58,6553.15,6569.22,406610515
2025-10-02 12:00:00,6569.22,6597.13,6561.18,6569.9,178940246
2025-10-02 13:00:00,6569.9,6591.13,6556.5,6562.06,358821334
2025-10-02 14:00:00,6562.06,6615.7,6558.56,6590.61,567992010
2025-10-02 15:00:00,6590.61,6601.06,6569.29,6574.5,895358983
2025-10-03 09:00:00,6558.78,6582.88,6541.01,6574.55,910663085
2025-10-03 10:00:00,6574.55,6605.39,6565.06,6584.39,902834954
2025-10-03 11:00:00,6584.39,6585.12,6552.39,6570.46,493992500
2025-10-03 12:00:00,6570.46,6607.34,6567.76,6588.41,219716445
2025-10-03 13:00:00,6588.41,6596.05,6561.35,6578.82,377489821
2025-10-03 14:00:00,6578.82,6605.51,6559.03,6582.02,594885700
2025-10-03 15:00:00,6582.02,6585.81,6515.12,6518.69,1238342860
2025-10-06 09:00:00,6525.9,6530.54,6504.97,6526.17,738784345
2025-10-06 10:00:00,6526.17,6532.79,6484.78,6493.23,758710615
2025-10-06 11:00:00,6493.23,6499.53,6459.49,6460.34,349564910
2025-10-06 12:00:00,6460.34,6494.42,6455.44,6486.76,182157688
2025-10-06 13:00:00,6486.76,6494.38,6474.99,6481.94,322750282
2025-10-06 14:00:00,6481.94,6510.6,6480.56,6494.2,486544214
2025-10-06 15:00:00,6494.2,6509.65,6483.83,6505.15,968239554
2025-10-07 09:00:00,6509.41,6511.68,6483.01,6507.2,897342092
2025-10-07 10:00:00,6507.2,6569.06,6490.52,6543.06,1011990596
2025-10-07 11:00:00,6543.06,6573.36,6535.43,6551.91,439893620
2025-10-07 12:00:00,6551.91,6577.77,6535.73,6577.16,228125809
2025-10-07 13:00:00,6577.16,6590.48,6551.49,6575.72,398234315
2025-10-07 14:00:00,6575.72,6591.25,6567.61,6586.65,681263362
2025-10-07 15:00:00,6586.65,6619.52,6567.9,6610.12,1277429468
2025-10-08 09:00:00,6610.28,6611.79,6588.6,6598.28,861849589
2025-10-08 10:00:00,6598.28,6653.49,6597.3,6648.69,1050097526
2025-10-08 11:00:00,6648.69,6653.85,6609.48,6613.35,526357811
2025-10-08 12:00:00,6613.35,6616.81,6509.35,6546.24,249613837
2025-10-08 13:00:00,6546.24,6590.11,6541.59,6557.51,372255815
2025-10-08 14:00:00,6557.51,6578.78,6532.54,6546.23,664573000
2025-10-08 15:00:00,6546.23,6569.19,6535.7,6557.73,1154609307
2025-10-09 09:00:00,6572.35,6602.14,6571.68,6596.67,574702727
2025-10-09 10:00:00,6596.67,6641.86,6579.21,6637.36,663733321
2025-10-09 11:00:00,6637.36,6673.31,6631.92,6661.5,300816675
2025-10-09 12:00:00,6661.5,6686.47,6645.8,6669.85,159566967
2025-10-09 13:00:00,6669.85,6669.92,6636.73,6650.92,261079992
2025-10-09 14:00:00,6650.92,6675.7,6606.76,6630.1,450403312
2025-10-09 15:00:00,6630.1,6647.96,6602.97,6621.77,883756714
2025-10-10 09:00:00,6603.26,6619.03,6590.04,6599.92,596336075
2025-10-10 10:00:00,6599.92,6606.28,6556.57,6576.89,715833190
2025-10-10 11:00:00,6576.89,6589.85,6557.25,6573.92,331674042
2025-10-10 12:00:00,6573.92,6588.76,6521.87,6522.45,149195267
2025-10-10 13:00:00,6522.45,6535.47,6463.83,6470.17,301655079
2025-10-10 14:00:00,6470.17,6490.49,6452.21,6453.61,453549778
2025-10-10 15:00:00,6453.61,6520.09,6449.68,6518.44,880411660
2025-10-13 09:00:00,6524.52,6528.9,6499.6,6500.34,1095292162
2025-10-13 10:00:00,6500.34,6526.4,6490.55,6497.41,1257414946
2025-10-13 11:00:00,6497.41,6501.34,6465.98,6470.26,599310171
2025-10-13 12:00:00,6470.26,6501.85,6456.82,6500.33,341702852
2025-10-13 13:00:00,6500.33,6510.33,6472.37,6492.71,457403922
2025-10-13 14:00:00,6492.71,6508.01,6489.63,6491.6,890092249
2025-10-13 15:00:00,6491.6,6507.8,6470.87,6484.42,1736264345
2025-10-14 09:00:00,6512.27,6522.0,6501.87,6507.78,681739109
2025-10-14 10:00:00,6507.78,6544.75,6504.47,6532.05,696897748
2025-10-14 11:00:00,6532.05,6559.82,6489.77,6493.66,331210007
2025-10-14 12:00:00,6493.66,6533.22,6482.28,6531.57,207007987
2025-10-14 13:00:00,6531.57,6541.42,6489.01,6537.31,288664866
2025-10-14 14:00:00,6537.31,6564.42,6534.08,6561.71,466800925
2025-10-14 15:00:00,6561.71,6573.57,6546.87,6570.47,933466562
2025-10-15 09:00:00,6567.46,6579.19,6562.87,6574.77,872038569
2025-10-15 10:00:00,6574.77,6582.61,6540.63,6554.33,990621550
2025-10-15 11:00:00,6554.33,6558.0,6524.66,6553.05,477874680
2025-10-15 12:00:00,6553.05,6576.05,6530.53,6542.52,285836594
2025-10-15 13:00:00,6542.52,6556.17,6523.52,6549.25,401770877
2025-10-15 14:00:00,6549.25,6576.7,6542.75,6574.08,641007461
2025-10-15 15:00:00,6574.08,6575.16,6520.18,6522.3,1273588295
2025-10-16 09:00:00,6525.51,6527.2,6486.48,6491.83,521202594
2025-10-16 10:00:00,6491.83,6502.66,6464.58,6491.52,610342499
2025-10-16 11:00:00,6491.52,6555.26,6490.96,6538.38,297153046
2025-10-16 12:00:00,6538.38,6563.87,6530.74,6551.22,146050929
2025-10-16 13:00:00,6551.22,6573.52,6500.24,6512.89,252213390
2025-10-16 14:00:00,6512.89,6556.51,6498.22,6548.41,370445108
2025-10-16 15:00:00,6548.41,6550.62,6502.06,6511.59,802866532
2025-10-17 09:00:00,6510.59,6525.7,6502.53,6520.95,660913861
2025-10-17 10:00:00,6520.95,6577.43,6514.07,6573.27,596005635
2025-10-17 11:00:00,6573.27,6579.27,6534.54,6553.94,302126243
2025-10-17 12:00:00,6553.94,6565.57,6534.67,6542.05,157616280
2025-10-17 13:00:00,6542.05,6558.83,6523.24,6538.54,262524744
2025-10-17 14:00:00,6538.54,6553.94,6523.99,6537.84,423117016
2025-10-17 15:00:00,6537.84,6564.1,6535.11,6555.6,836592311
2025-10-20 09:00:00,6574.46,6591.42,6556.95,6559.82,507546501
2025-10-20 10:00:00,6559.82,6573.86,6549.82,6561.4,800086739
2025-10-20 11:00:00,6561.4,6609.89,6546.56,6594.91,392861688
2025-10-20 12:00:00,6594.91,6648.58,6591.48,6639.61,203399887
2025-10-20 13:00:00,6639.61,6668.06,6624.72,6657.3,294524398
2025-10-20 14:00:00,6657.3,6667.6,6638.73,6664.14,497215269
2025-10-20 15:00:00,6664.14,6682.45,6641.93,6642.01,956156935
2025-10-21 09:00:00,6661.03,6696.47,6654.39,6690.21,741075533
2025-10-21 10:00:00,6690.21,6691.72,6659.34,6663.56,793091035
2025-10-21 11:00:00,6663.56,6675.16,6626.3,6639.19,355726652
2025-10-21 12:00:00,6639.19,6665.72,6624.21,6647.6,179740336
2025-10-21 13:00:00,6647.6,6661.74,6627.25,6645.99,320344655
2025-10-21 14:00:00,6645.99,6653.2,6606.65,6614.6,511901870
2025-10-21 15:00:00,6614.6,6619.71,6577.9,6592.58,936662791
2025-10-22 09:00:00,6599.24,6615.17,6587.42,6614.77,462098407
2025-10-22 10:00:00,6614.77,6648.63,6588.53,6627.04,400765499
2025-10-22 11:00:00,6627.04,6637.79,6595.1,6607.33,205337324
2025-10-22 12:00:00,6607.33,6613.62,6568.38,6590.79,122406069
2025-10-22 13:00:00,6590.79,6645.16,6583.55,6629.47,180536506
2025-10-22 14:00:00,6629.47,6634.43,6601.11,6618.09,282007682
2025-10-22 15:00:00,6618.09,6689.92,6612.94,6674.03,599805308
2025-10-23 09:00:00,6658.12,6667.29,6642.63,6647.37,513078698
2025-10-23 10:00:00,6647.37,6683.75,6632.52,6679.32,490003141
2025-10-23 11:00:00,6679.32,6693.04,6645.46,6655.68,267387209
2025-10-23 12:00:00,6655.68,6687.43,6636.38,6681.43,128817098
2025-10-23 13:00:00,6681.43,6682.29,6649.77,6673.16,196546724
2025-10-23 14:00:00,6673.16,6687.58,6645.44,6665.57,326849910
2025-10-23 15:00:00,6665.57,6681.12,6629.19,6678.72,692344914
2025-10-24 09:00:00,6691.82,6722.97,6686.05,6712.23,796497202
2025-10-24 10:00:00,6712.23,6740.72,6711.29,6738.86,840795395
2025-10-24 11:00:00,6738.86,6738.92,6680.34,6687.33,409147772
2025-10-24 12:00:00,6687.33,6689.97,6650.68,6658.33,206396525
2025-10-24 13:00:00,6658.33,6669.74,6635.47,6654.37,349254750
2025-10-24 14:00:00,6654.37,6706.45,6649.3,6689.64,506666335
2025-10-24 15:00:00,6689.64,6719.44,6666.79,6718.83,1225159456
2025-10-27 09:00:00,6734.95,6740.16,6706.38,6724.63,427130907
2025-10-27 10:00:00,6724.63,6743.76,6710.15,6714.75,468037281
2025-10-27 11:00:00,6714.75,6742.74,6709.65,6737.18,242871292
2025-10-27 12:00:00,6737.18,6778.77,6734.8,6753.22,122559156
2025-10-27 13:00:00,6753.22,6760.27,6725.88,6728.12,189426340
2025-10-27 14:00:00,6728.12,6752.54,6716.06,6734.19,291837053
2025-10-27 15:00:00,6734.19,6763.29,6725.86,6736.95,619042021
2025-10-28 09:00:00,6743.84,6779.21,6739.45,6772.19,371277421
2025-10-28 10:00:00,6772.19,6781.64,6754.0,6769.41,385868608
2025-10-28 11:00:00,6769.41,6786.51,6741.17,6777.77,183984727
2025-10-28 12:00:00,6777.77,6850.1,6774.2,6846.61,102118635
2025-10-28 13:00:00,6846.61,6893.92,6839.95,6887.13,170134488
2025-10-28 14:00:00,6887.13,6889.92,6826.32,6833.62,242730994
2025-10-28 15:00:00,6833.62,6870.24,6802.93,6861.74,556976451
2025-10-29 09:00:00,6843.31,6852.92,6828.32,6851.05,751352570
2025-10-29 10:00:00,6851.05,6877.12,6833.14,6872.85,915663510
2025-10-29 11:00:00,6872.85,6903.11,6868.99,6894.51,357703966
2025-10-29 12:00:00,6894.51,6932.3,6885.95,6931.53,181496278
2025-10-29 13:00:00,6931.53,6988.21,6926.45,6956.0,351542742
2025-10-29 14:00:00,6956.0,6967.46,6934.64,6943.54,533913092
2025-10-29 15:00:00,6943.54,6947.7,6904.3,6911.09,1111568709
2025-10-30 09:00:00,6929.27,6934.01,6896.66,6900.33,613213320
2025-10-30 10:00:00,6900.33,6964.97,6868.66,6891.94,691646530
2025-10-30 11:00:00,6891.94,6920.41,6864.01,6865.82,345889538
2025-10-30 12:00:00,6865.82,6873.12,6785.38,6791.11,156388080
2025-10-30 13:00:00,6791.11,6796.88,6730.27,6753.9,305872754
2025-10-30 14:00:00,6753.9,6756.8,6710.16,6719.35,416161316
2025-10-30 15:00:00,6719.35,6736.44,6706.0,6713.28,870060539
2025-10-31 09:00:00,6728.37,6735.54,6714.26,6727.41,698333142
2025-10-31 10:00:00,6727.41,6772.95,6714.1,6750.83,757165907
2025-10-31 11:00:00,6750.83,6779.69,6725.37,6755.17,353909402
2025-10-31 12:00:00,6755.17,6793.15,6752.67,6779.85,187989088
2025-10-31 13:00:00,6779.85,6786.52,6748.55,6750.61,280081372
2025-10-31 14:00:00,6750.61,6772.47,6739.65,6762.26,481237674
2025-10-31 15:00:00,6762.26,6776.74,6749.02,6751.33,1010682919
2025-11-03 09:00:00,6744.91,6753.77,6738.68,6742.87,557933388
2025-11-03 10:00:00,6742.87,6785.21,6738.06,6778.2,599867044
2025-11-03 11:00:00,6778.2,6780.39,6746.31,6748.2,269121276
2025-11-03 12:00:00,6748.2,6749.31,6710.58,6726.52,136020557
2025-11-03 13:00:00,6726.52,6730.19,6694.11,6704.81,223940210
2025-11-03 14:00:00,6704.81,6762.7,6692.63,6740.73,380334990
2025-11-03 15:00:00,6740.73,6795.98,6740.17,6776.4,747531646
2025-11-04 09:00:00,6805.63,6834.19,6804.13,6810.56,607172141
2025-11-04 10:00:00,6810.56,6825.49,6793.19,6811.37,598937354
2025-11-04 11:00:00,6811.37,6880.09,6804.99,6856.78,326733522
2025-11-04 12:00:00,6856.78,6914.63,6841.81,6914.3,172392158
2025-11-04 13:00:00,6914.3,6923.54,6867.2,6920.43,279001066
2025-11-04 14:00:00,6920.43,6921.81,6864.74,6877.93,425265954
2025-11-04 15:00:00,6877.93,6930.4,6876.51,6896.33,784056341
2025-11-05 09:00:00,6905.75,6932.22,6898.9,6920.38,1016894621
2025-11-05 10:00:00,6920.38,6936.85,6913.5,6925.83,1049853071
2025-11-05 11:00:00,6925.83,6982.9,6909.21,6974.54,482637218
2025-11-05 12:00:00,6974.54,7005.77,6967.49,6981.64,293668706
2025-11-05 13:00:00,6981.64,6981.85,6916.32,6924.22,466789855
2025-11-05 14:00:00,6924.22,6941.56,6916.19,6920.34,748173142
2025-11-05 15:00:00,6920.34,6949.88,6909.03,6925.82,1450587251
2025-11-06 09:00:00,6907.77,6917.19,6893.92,6911.18,305183012
2025-11-06 10:00:00,6911.18,6953.39,6909.03,6940.42,358996120
2025-11-06 11:00:00,6940.42,6954.7,6902.0,6935.58,181583380
2025-11-06 12:00:00,6935.58,6961.5,6922.3,6935.58,91333650
2025-11-06 13:00:00,6935.58,6942.04,6882.91,6892.6,144707467
2025-11-06 14:00:00,6892.6,6951.8,6887.94,6926.3,238812209
2025-11-06 15:00:00,6926.3,6943.76,6910.96,6942.84,371787193
2025-11-07 09:00:00,6967.7,7000.35,6965.27,6998.2,1030366787
2025-11-07 10:00:00,6998.2,7028.03,6977.26,6993.11,1190422717
2025-11-07 11:00:00,6993.11,6995.27,6941.18,6959.61,655582054
2025-11-07 12:00:00,6959.61,6987.58,6957.46,6967.31,341044966
2025-11-07 13:00:00,6967.31,6967.46,6904.39,6912.42,526312513
2025-11-07 14:00:00,6912.42,6966.28,6897.59,6962.96,799771851
2025-11-07 15:00:00,6962.96,7000.32,6960.33,6983.6,1583167500
2025-11-10 09:00:00,6991.63,7009.87,6977.57,6981.42,636743395
2025-11-10 10:00:00,6981.42,7011.7,6970.24,7002.53,699553728
2025-11-10 11:00:00,7002.53,7020.35,6978.41,6980.94,385414073
2025-11-10 12:00:00,6980.94,7044.51,6979.31,7040.79,179238604
2025-11-10 13:00:00,7040.79,7051.05,7012.96,7046.13,296150434
2025-11-10 14:00:00,7046.13,7056.99,7035.06,7037.35,474267679
2025-11-10 15:00:00,7037.35,7054.99,7028.75,7034.68,977170926
2025-11-11 09:00:00,7013.52,7015.67,6981.47,6986.91,828352821
2025-11-11 10:00:00,6986.91,7027.23,6976.89,6990.57,872536587
2025-11-11 11:00:00,6990.57,7008.45,6975.84,6991.06,391911441
2025-11-11 12:00:00,6991.06,7045.1,6982.25,7037.06,205987232
2025-11-11 13:00:00,7037.06,7052.49,7017.09,7026.61,352129280
2025-11-11 14:00:00,7026.61,7041.59,6992.19,6997.2,595557522
2025-11-11 15:00:00,6997.2,7001.65,6937.42,6943.16,1060173871
2025-11-12 09:00:00,6961.24,6992.64,6958.66,6991.09,535729889
2025-11-12 10:00:00,6991.09,7037.61,6979.63,7027.92,649599216
2025-11-12 11:00:00,7027.92,7029.11,6988.26,7001.25,319751289
2025-11-12 12:00:00,7001.25,7018.97,6968.39,6986.6,169705618
2025-11-12 13:00:00,6986.6,6989.97,6952.19,6977.83,283601072
2025-11-12 14:00:00,6977.83,7004.88,6977.26,6980.46,385233449
2025-11-12 15:00:00,6980.46,7022.48,6970.4,7022.29,822686262
2025-11-13 09:00:00,7056.05,7059.92,7037.96,7038.94,862367246
2025-11-13 10:00:00,7038.94,7039.91,6999.51,7017.15,1043953795
2025-11-13 11:00:00,7017.15,7040.69,7010.19,7030.14,495256189
2025-11-13 12:00:00,7030.14,7030.29,6974.13,6991.6,251852672
2025-11-13 13:00:00,6991.6,7018.03,6986.73,6992.72,429776426
2025-11-13 14:00:00,6992.72,6998.63,6951.49,6958.4,664553067
2025-11-13 15:00:00,6958.4,7008.44,6956.81,7008.37,1287200789
2025-11-14 09:00:00,7010.57,7073.85,7006.65,7072.37,828627038
2025-11-14 10:00:00,7072.37,7090.38,7052.28,7089.15,952292710
2025-11-14 11:00:00,7089.15,7098.73,7071.86,7094.16,436124852
2025-11-14 12:00:00,7094.16,7119.07,7078.65,7116.91,247489164
2025-11-14 13:00:00,7116.91,7161.68,7104.72,7134.52,394267166
2025-11-14 14:00:00,7134.52,7135.52,7076.48,7092.53,588448586
2025-11-14 15:00:00,7092.53,7139.88,7081.2,7128.63,1034234494
2025-11-17 09:00:00,7093.12,7100.31,7076.11,7080.48,455065376
2025-11-17 10:00:00,7080.48,7085.74,7034.05,7037.11,512403299
2025-11-17 11:00:00,7037.11,7051.22,6990.83,6991.03,259309518
2025-11-17 12:00:00,6991.03,7034.23,6973.62,7033.52,128421055
2025-11-17 13:00:00,7033.52,7110.54,7031.94,7093.86,214808893
2025-11-17 14:00:00,7093.86,7138.46,7080.15,7131.78,340875750
2025-11-17 15:00:00,7131.78,7151.05,7094.43,7095.54,645174751
2025-11-18 09:00:00,7065.61,7071.77,7016.58,7018.32,1125223308
2025-11-18 10:00:00,7018.32,7023.24,6973.49,6993.75,991329586
2025-11-18 11:00:00,6993.75,7008.09,6960.76,6981.09,583964794
2025-11-18 12:00:00,6981.09,6984.58,6950.48,6958.64,260648836
2025-11-18 13:00:00,6958.64,6983.63,6936.38,6938.57,401328213
2025-11-18 14:00:00,6938.57,6996.1,6935.37,6994.88,704776213
2025-11-18 15:00:00,6994.88,7064.44,6980.3,7055.93,1533848944
2025-11-19 09:00:00,7063.98,7070.48,7045.55,7056.94,691760765
2025-11-19 10:00:00,7056.94,7082.34,7047.62,7065.88,749215059
2025-11-19 11:00:00,7065.88,7066.81,6997.46,7000.36,384579487
2025-11-19 12:00:00,7000.36,7048.68,6993.83,7013.85,185341772
2025-11-19 13:00:00,7013.85,7016.38,6936.71,6944.48,317468882
2025-11-19 14:00:00,6944.48,6978.51,6931.04,6951.49,517181714
2025-11-19 15:00:00,6951.49,6965.26,6911.44,6926.04,1027686257
2025-11-20 09:00:00,6907.43,6935.72,6897.99,6934.02,560689484
2025-11-20 10:00:00,6934.02,6966.44,6931.06,6952.1,714579533
2025-11-20 11:00:00,6952.1,6981.24,6926.41,6941.71,316812673
2025-11-20 12:00:00,6941.71,6967.77,6927.6,6936.23,169203439
2025-11-20 13:00:00,6936.23,6936.93,6905.71,6924.76,282959494
2025-11-20 14:00:00,6924.76,6937.01,6884.06,6888.46,449693786
2025-11-20 15:00:00,6888.46,6937.19,6886.74,6935.86,743059406
2025-11-21 09:00:00,6976.97,6986.43,6972.31,6978.38,623455323
2025-11-21 10:00:00,6978.38,7008.91,6953.38,7005.89,733411982
2025-11-21 11:00:00,7005.89,7013.98,6966.35,6983.68,398966142
2025-11-21 12:00:00,6983.68,6991.82,6944.0,6949.92,202082518
2025-11-21 13:00:00,6949.92,6954.56,6924.12,6941.09,288297235
2025-11-21 14:00:00,6941.09,6947.51,6903.33,6912.16,462718431
2025-11-21 15:00:00,6912.16,6914.74,6848.47,6869.2,1042987384
2025-11-24 09:00:00,6894.72,6902.49,6863.82,6873.33,704437927
2025-11-24 10:00:00,6873.33,6875.56,6853.08,6868.77,693144004
2025-11-24 11:00:00,6868.77,6886.77,6862.88,6866.38,367984428
2025-11-24 12:00:00,6866.38,6873.4,6824.89,6826.89,159761729
2025-11-24 13:00:00,6826.89,6834.77,6775.03,6779.35,290145432
2025-11-24 14:00:00,6779.35,6813.29,6767.11,6794.59,508323640
2025-11-24 15:00:00,6794.59,6800.82,6768.66,6780.5,989258689
2025-11-25 09:00:00,6779.35,6814.82,6778.38,6812.45,713277462
2025-11-25 10:00:00,6812.45,6843.06,6807.05,6841.17,850355229
2025-11-25 11:00:00,6841.17,6843.53,6781.8,6783.08,383079242
2025-11-25 12:00:00,6783.08,6786.72,6749.35,6762.92,196322698
2025-11-25 13:00:00,6762.92,6784.57,6744.78,6747.77,363259031
2025-11-25 14:00:00,6747.77,6761.05,6721.86,6740.63,575384531
2025-11-25 15:00:00,6740.63,6760.39,6728.65,6738.18,1038760748
2025-11-26 09:00:00,6771.5,6776.64,6749.85,6765.13,742169922
2025-11-26 10:00:00,6765.13,6788.4,6749.97,6767.85,651690005
2025-11-26 11:00:00,6767.85,6804.22,6764.7,6802.19,312887697
2025-11-26 12:00:00,6802.19,6829.21,6773.35,6783.54,200186299
2025-11-26 13:00:00,6783.54,6784.45,6738.65,6751.94,320955882
2025-11-26 14:00:00,6751.94,6756.77,6731.19,6744.38,472690733
2025-11-26 15:00:00,6744.38,6764.16,6721.09,6723.91,1002388518
2025-11-28 09:00:00,6749.71,6755.24,6736.6,6739.63,999530024
2025-11-28 10:00:00,6739.63,6762.99,6715.41,6762.71,1167902942
2025-11-28 11:00:00,6762.71,6802.08,6762.22,6773.22,551636970
2025-11-28 12:00:00,6773.22,6774.39,6743.22,6754.47,277654207
2025-11-28 13:00:00,6754.47,6796.98,6749.48,6778.81,480191266
2025-11-28 14:00:00,6778.81,6792.07,6769.51,6791.16,722487390
2025-11-28 15:00:00,6791.16,6843.29,6784.36,6830.47,1571738950
2025-12-01 09:00:00,6839.77,6869.61,6827.36,6869.24,494464116
2025-12-01 10:00:00,6869.24,6874.66,6844.07,6874.61,626543915
2025-12-01 11:00:00,6874.61,6891.51,6854.86,6856.01,318680849
2025-12-01 12:00:00,6856.01,6884.31,6833.57,6866.9,157174507
2025-12-01 13:00:00,6866.9,6868.53,6819.91,6828.91,271570146
2025-12-01 14:00:00,6828.91,6867.36,6825.62,6859.88,447990323
2025-12-01 15:00:00,6859.88,6897.4,6857.05,6894.96,754587585
2025-12-02 09:00:00,6882.66,6884.12,6849.18,6857.54,532946816
2025-12-02 10:00:00,6857.54,6880.37,6849.8,6861.33,582138473
2025-12-02 11:00:00,6861.33,6861.71,6821.73,6829.05,290635699
2025-12-02 12:00:00,6829.05,6874.39,6828.57,6862.98,136356229
2025-12-02 13:00:00,6862.98,6897.45,6840.74,6843.64,230385772
2025-12-02 14:00:00,6843.64,6887.19,6837.65,6879.81,329436204
2025-12-02 15:00:00,6879.81,6886.88,6852.23,6865.48,721598971
2025-12-03 09:00:00,6867.56,6883.72,6863.05,6872.56,532709230
2025-12-03 10:00:00,6872.56,6945.5,6872.29,6940.55,553805929
2025-12-03 11:00:00,6940.55,6948.93,6884.93,6886.28,233525774
2025-12-03 12:00:00,6886.28,6893.54,6855.82,6879.72,123245487
2025-12-03 13:00:00,6879.72,6899.36,6847.57,6854.24,191340267
2025-12-03 14:00:00,6854.24,6865.42,6837.25,6842.11,367269699
2025-12-03 15:00:00,6842.11,6878.62,6830.21,6877.06,640091328
2025-12-04 09:00:00,6908.29,6916.35,6888.65,6889.05,608313356
2025-12-04 10:00:00,6889.05,6924.62,6887.56,6924.06,695436232
2025-12-04 11:00:00,6924.06,6926.37,6891.56,6914.12,371849453
2025-12-04 12:00:00,6914.12,6930.14,6899.69,6926.25,159519670
2025-12-04 13:00:00,6926.25,6935.77,6899.96,6912.03,306779143
2025-12-04 14:00:00,6912.03,6912.35,6840.66,6869.19,518753374
2025-12-04 15:00:00,6869.19,6869.92,6837.56,6851.58,1004038462
2025-12-05 09:00:00,6882.42,6889.51,6873.22,6882.49,644421876
2025-12-05 10:00:00,6882.49,6884.96,6843.47,6861.29,612542572
2025-12-05 11:00:00,6861.29,6866.6,6845.31,6856.31,344183812
2025-12-05 12:00:00,6856.31,6880.76,6842.54,6863.55,180975206
2025-12-05 13:00:00,6863.55,6888.23,6857.35,6885.85,292030102
2025-12-05 14:00:00,6885.85,6914.06,6872.75,6905.12,470904952
2025-12-05 15:00:00,6905.12,6909.79,6884.09,6885.75,963891100
2025-12-08 09:00:00,6850.35,6884.65,6849.66,6877.73,635658586
2025-12-08 10:00:00,6877.73,6920.8,6863.86,6890.47,623129761
2025-12-08 11:00:00,6890.47,6903.98,6875.08,6876.51,284143848
2025-12-08 12:00:00,6876.51,6884.56,6836.67,6867.88,184163301
2025-12-08 13:00:00,6867.88,6905.16,6865.84,6886.3,281197933
2025-12-08 14:00:00,6886.3,6903.87,6870.65,6899.13,449306664
2025-12-08 15:00:00,6899.13,6899.16,6868.54,6881.71,832881557
2025-12-09 09:00:00,6860.26,6879.04,6856.68,6878.25,874923622
2025-12-09 10:00:00,6878.25,6908.97,6865.41,6890.89,982236654
2025-12-09 11:00:00,6890.89,6931.58,6881.7,6930.37,469032566
2025-12-09 12:00:00,6930.37,6967.42,6918.54,6936.82,253404841
2025-12-09 13:00:00,6936.82,6964.84,6933.65,6957.55,430209767
2025-12-09 14:00:00,6957.55,6960.75,6922.17,6945.99,688206038
2025-12-09 15:00:00,6945.99,6946.61,6891.42,6911.51,1358314258
2025-12-10 09:00:00,6903.3,6903.64,6882.53,6897.91,486971921
2025-12-10 10:00:00,6897.91,6947.85,6895.67,6931.58,471366140
2025-12-10 11:00:00,6931.58,6967.55,6930.8,6959.83,208356448
2025-12-10 12:00:00,6959.83,6962.48,6918.74,6930.19,125288745
2025-12-10 13:00:00,6930.19,6939.63,6909.39,6917.24,175725861
2025-12-10 14:00:00,6917.24,6919.03,6878.67,6890.14,306171714
2025-12-10 15:00:00,6890.14,6903.83,6872.29,6894.79,567340688
2025-12-11 09:00:00,6865.16,6869.44,6829.83,6831.17,408742627
2025-12-11 10:00:00,6831.17,6833.17,6786.82,6789.4,355220699
2025-12-11 11:00:00,6789.4,6814.27,6787.24,6807.67,190016473
2025-12-11 12:00:00,6807.67,6854.69,6797.79,6829.28,94819107
2025-12-11 13:00:00,6829.28,6834.05,6777.93,6791.39,148927877
2025-12-11 14:00:00,6791.39,6811.28,6783.77,6810.02,274521218
2025-12-11 15:00:00,6810.02,6814.31,6792.06,6806.49,513866158
2025-12-12 09:00:00,6842.4,6853.58,6823.79,6835.25,919926251
2025-12-12 10:00:00,6835.25,6840.14,6799.64,6825.9,909403210
2025-12-12 11:00:00,6825.9,6852.97,6809.94,6851.82,474618413
2025-12-12 12:00:00,6851.82,6870.8,6804.34,6804.72,241154029
2025-12-12 13:00:00,6804.72,6810.79,6762.79,6776.86,402061853
2025-12-12 14:00:00,6776.86,6791.57,6733.68,6736.15,633350731
2025-12-12 15:00:00,6736.15,6788.32,6730.97,6787.38,1341181406
2025-12-15 09:00:00,6793.02,6809.03,6781.28,6792.94,655437051
2025-12-15 10:00:00,6792.94,6840.92,6764.4,6830.46,687421359
2025-12-15 11:00:00,6830.46,6874.26,6812.97,6865.29,398435298
2025-12-15 12:00:00,6865.29,6882.79,6859.03,6877.9,192766343
2025-12-15 13:00:00,6877.9,6881.59,6847.53,6879.47,318541514
2025-12-15 14:00:00,6879.47,6921.55,6873.23,6901.78,498935018
2025-12-15 15:00:00,6901.78,6942.27,6891.22,6939.9,967336191
2025-12-16 09:00:00,6936.16,6957.97,6931.4,6953.13,671930830
2025-12-16 10:00:00,6953.13,6971.27,6945.19,6960.72,712013345
2025-12-16 11:00:00,6960.72,6980.82,6953.53,6979.24,356272431
2025-12-16 12:00:00,6979.24,6983.41,6951.63,6971.57,158641848
2025-12-16 13:00:00,6971.57,6973.52,6933.64,6938.16,254410810
2025-12-16 14:00:00,6938.16,6940.14,6885.5,6898.84,426145894
2025-12-16 15:00:00,6898.84,6900.53,6865.29,6868.89,945661039
2025-12-17 09:00:00,6888.45,6891.1,6854.97,6869.91,491161774
2025-12-17 10:00:00,6869.91,6893.12,6840.12,6890.53,572899190
2025-12-17 11:00:00,6890.53,6905.64,6870.1,6870.48,332237462
2025-12-17 12:00:00,6870.48,6896.16,6860.28,6881.99,148375777
2025-12-17 13:00:00,6881.99,6915.72,6876.44,6882.45,223967823
2025-12-17 14:00:00,6882.45,6891.13,6856.76,6875.47,340464180
2025-12-17 15:00:00,6875.47,6891.71,6827.17,6837.56,729752788
2025-12-18 09:00:00,6852.06,6868.86,6843.83,6866.65,716768865
2025-12-18 10:00:00,6866.65,6877.28,6845.19,6845.78,828669481
2025-12-18 11:00:00,6845.78,6894.09,6841.05,6875.55,406901920
2025-12-18 12:00:00,6875.55,6903.53,6866.24,6870.03,182675644
2025-12-18 13:00:00,6870.03,6884.78,6840.0,6863.63,342485822
2025-12-18 14:00:00,6863.63,6869.88,6818.59,6838.06,512889863
2025-12-18 15:00:00,6838.06,6846.87,6812.06,6817.71,999522239
2025-12-19 09:00:00,6818.7,6827.07,6795.69,6799.94,694295935
2025-12-19 10:00:00,6799.94,6831.64,6799.51,6824.52,710522279
2025-12-19 11:00:00,6824.52,6862.43,6817.21,6856.99,361796901
2025-12-19 12:00:00,6856.99,6868.02,6808.71,6865.01,203643051
2025-12-19 13:00:00,6865.01,6882.23,6848.62,6855.94,325242155
2025-12-19 14:00:00,6855.94,6885.74,6837.51,6878.05,458877888
2025-12-19 15:00:00,6878.05,6930.44,6876.56,6921.01,854007120
2025-12-22 09:00:00,6940.35,6947.67,6916.63,6916.94,689214379
2025-12-22 10:00:00,6916.94,6918.67,6894.4,6897.93,780991530
2025-12-22 11:00:00,6897.93,6914.0,6881.36,6902.14,378379459
2025-12-22 12:00:00,6902.14,6935.56,6899.54,6918.65,195602374
2025-12-22 13:00:00,6918.65,6934.7,6894.94,6895.73,337759172
2025-12-22 14:00:00,6895.73,6909.02,6888.57,6904.92,535549795
2025-12-22 15:00:00,6904.92,6937.17,6901.98,6926.75,895845734
2025-12-23 09:00:00,6911.55,6912.57,6891.56,6896.86,988913567
2025-12-23 10:00:00,6896.86,6935.78,6892.41,6918.7,1220123423
2025-12-23 11:00:00,6918.7,6931.37,6905.68,6918.11,513584758
2025-12-23 12:00:00,6918.11,6953.57,6909.92,6913.71,285381197
2025-12-23 13:00:00,6913.71,6922.36,6899.81,6921.21,469849216
2025-12-23 14:00:00,6921.21,6965.77,6917.64,6953.91,753054688
2025-12-23 15:00:00,6953.91,6958.25,6910.62,6918.5,1382248077
2025-12-24 09:00:00,6917.14,6952.45,6912.45,6949.06,642702859
2025-12-24 10:00:00,6949.06,6957.68,6893.07,6900.1,648943320
2025-12-24 11:00:00,6900.1,6901.44,6880.07,6891.89,302417547
2025-12-24 12:00:00,6891.89,6905.43,6873.55,6903.1,174197385
2025-12-24 13:00:00,6903.1,6907.26,6878.27,6895.79,261036213
2025-12-24 14:00:00,6895.79,6928.61,6893.04,6925.26,434069319
2025-12-24 15:00:00,6925.26,6954.43,6924.68,6929.25,908946658
2025-12-26 09:00:00,6924.72,6935.74,6904.68,6907.58,369381556
2025-12-26 10:00:00,6907.58,6907.99,6881.61,6888.4,344237218
2025-12-26 11:00:00,6888.4,6897.13,6867.93,6887.21,161829097
2025-12-26 12:00:00,6887.21,6937.3,6885.42,6926.14,96869057
2025-12-26 13:00:00,6926.14,6933.5,6903.05,6909.35,156056977
2025-12-26 14:00:00,6909.35,6943.92,6903.35,6914.45,227179344
2025-12-26 15:00:00,6914.45,6968.43,6911.15,6968.36,468198461
2025-12-29 09:00:00,6965.74,6988.83,6965.37,6980.01,640568683
2025-12-29 10:00:00,6980.01,7025.36,6976.76,7017.38,623981655
2025-12-29 11:00:00,7017.38,7052.22,7005.47,7037.61,302447854
2025-12-29 12:00:00,7037.61,7080.54,7025.79,7076.65,162896617
2025-12-29 13:00:00,7076.65,7082.4,7050.24,7053.05,277492707
2025-12-29 14:00:00,7053.05,7073.28,7046.11,7071.84,432109314
2025-12-29 15:00:00,7071.84,7089.19,7055.85,7086.45,767859735
2025-12-30 09:00:00,7125.74,7132.28,7102.13,7109.55,987684608
2025-12-30 10:00:00,7109.55,7110.38,7081.68,7095.97,1069274927
2025-12-30 11:00:00,7095.97,7097.38,7061.67,7075.87,573661113
2025-12-30 12:00:00,7075.87,7083.91,7052.06,7056.69,269237930
2025-12-30 13:00:00,7056.69,7077.69,7048.44,7067.13,456052704
2025-12-30 14:00:00,7067.13,7070.64,7032.88,7063.42,620164089
2025-12-30 15:00:00,7063.42,7081.38,7038.13,7042.01,1635777872
2025-12-31 09:00:00,7040.85,7055.49,7033.94,7042.54,695594511
2025-12-31 10:00:00,7042.54,7058.79,7029.71,7035.58,782597946
2025-12-31 11:00:00,7035.58,7048.6,7010.77,7027.22,345097727
2025-12-31 12:00:00,7027.22,7036.75,7000.51,7012.18,187841168
2025-12-31 13:00:00,7012.18,7036.89,7005.93,7036.35,306970667
2025-12-31 14:00:00,7036.35,7053.65,7032.11,7032.62,476948387
2025-12-31 15:00:00,7032.62,7115.73,7032.25,7110.14,949142757
