Date,Open,High,Low,Close,Volume
2021-01-04 08:00:00,3698.89,3724.03,3690.7,3709.05,1730989726
2021-01-04 12:00:00,3709.05,3716.92,3679.21,3702.22,2049256581
2021-01-05 08:00:00,3707.98,3721.36,3686.61,3698.73,1467051999
2021-01-05 12:00:00,3698.73,3715.3,3689.86,3711.06,1559491172
2021-01-06 08:00:00,3701.02,3727.25,3694.06,3714.97,1472624675
2021-01-06 12:00:00,3714.97,3729.89,3658.78,3674.3,1623456210
2021-01-07 08:00:00,3671.64,3676.14,3649.74,3654.48,1185264498
2021-01-07 12:00:00,3654.48,3659.15,3608.91,3625.95,1184897334
2021-01-08 08:00:00,3634.94,3656.66,3628.57,3642.3,1564001200
2021-01-08 12:00:00,3642.3,3664.99,3640.18,3651.32,1592079861
2021-01-11 08:00:00,3659.5,3679.1,3644.94,3676.21,2209694556
2021-01-11 12:00:00,3676.21,3720.16,3666.14,3711.24,2257675452
2021-01-12 08:00:00,3701.57,3709.74,3686.12,3689.55,1561599874
2021-01-12 12:00:00,3689.55,3706.82,3676.08,3705.97,1815570683
2021-01-13 08:00:00,3691.02,3707.95,3684.43,3695.96,1966881838
2021-01-13 12:00:00,3695.96,3712.96,3671.67,3711.64,1904277911
2021-01-14 08:00:00,3726.1,3750.81,3717.98,3740.49,2062627947
2021-01-14 12:00:00,3740.49,3776.64,3739.36,3771.54,2295652584
2021-01-15 08:00:00,3771.69,3824.66,3770.17,3819.77,1217765041
2021-01-15 12:00:00,3819.77,3826.07,3783.37,3804.5,1304923394
2021-01-19 08:00:00,3814.41,3852.87,3803.99,3850.09,1080332780
2021-01-19 12:00:00,3850.09,3889.17,3841.62,3886.06,1154711986
2021-01-20 08:00:00,3886.68,3893.01,3856.29,3875.6,1757463919
2021-01-20 12:00:00,3875.6,3879.99,3820.48,3838.75,1937783453
2021-01-21 08:00:00,3836.79,3851.83,3792.56,3794.03,1788724446
2021-01-21 12:00:00,3794.03,3833.58,3782.76,3817.28,1993356050
2021-01-22 08:00:00,3803.52,3809.28,3781.08,3782.32,1737223090
2021-01-22 12:00:00,3782.32,3789.92,3748.82,3787.15,1741058160
2021-01-25 08:00:00,3781.34,3793.64,3771.52,3783.51,1928022016
2021-01-25 12:00:00,3783.51,3812.35,3775.22,3781.2,2247925072
2021-01-26 08:00:00,3773.28,3775.06,3735.19,3751.83,2436911245
2021-01-26 12:00:00,3751.83,3775.32,3734.85,3756.9,2524519728
2021-01-27 08:00:00,3744.5,3769.04,3724.4,3767.82,1397342897
2021-01-27 12:00:00,3767.82,3777.47,3735.79,3735.88,1556803515
2021-01-28 08:00:00,3736.75,3770.66,3723.16,3765.47,1124806817
2021-01-28 12:00:00,3765.47,3802.62,3763.95,3782.84,1181740542
2021-01-29 08:00:00,3788.05,3878.83,3777.32,3874.63,1857790947
2021-01-29 12:00:00,3874.63,3900.24,3845.12,3894.97,1987904976
2021-02-01 08:00:00,3886.02,3895.49,3855.24,3892.02,2581436326
2021-02-01 12:00:00,3892.02,3909.82,3874.72,3888.62,2592693017
2021-02-02 08:00:00,3896.12,3911.72,3883.3,3907.79,1725837798
2021-02-02 12:00:00,3907.79,3921.15,3883.93,3901.5,1769197912
2021-02-03 08:00:00,3905.36,3934.27,3897.84,3923.58,1386868839
2021-02-03 12:00:00,3923.58,3976.64,3895.94,3960.06,1431217673
2021-02-04 08:00:00,3947.26,3962.86,3933.31,3933.56,1591474994
2021-02-04 12:00:00,3933.56,3971.77,3931.34,3949.54,1749518129
2021-02-05 08:00:00,3938.63,3994.66,3928.77,3993.05,1567603320
2021-02-05 12:00:00,3993.05,4004.19,3956.85,3973.77,1725009413
2021-02-08 08:00:00,3971.59,3977.1,3936.53,3942.91,1445174926
2021-02-08 12:00:00,3942.91,4005.3,3936.55,3993.58,1635738276
2021-02-09 08:00:00,3983.67,3985.13,3945.44,3961.54,2088032091
2021-02-09 12:00:00,3961.54,3963.04,3916.86,3961.28,2229888702
2021-02-10 08:00:00,3961.26,4062.54,3939.89,4062.2,1080642765
2021-02-10 12:00:00,4062.2,4098.14,4046.29,4051.63,1065391849
2021-02-11 08:00:00,4069.6,4086.28,4054.34,4074.97,2850319330
2021-02-11 12:00:00,4074.97,4081.04,4036.05,4047.89,2846161069
2021-02-12 08:00:00,4055.92,4076.46,4049.33,4070.39,1043491341
2021-02-12 12:00:00,4070.39,4102.07,4070.29,4093.62,1044508210
2021-02-16 08:00:00,4097.61,4121.34,4086.43,4116.1,1732381009
2021-02-16 12:00:00,4116.1,4116.55,4064.64,4073.95,1931326643
2021-02-17 08:00:00,4087.73,4124.8,4074.98,4121.97,2545473188
2021-02-17 12:00:00,4121.97,4137.89,4096.92,4108.19,2875275255
2021-02-18 08:00:00,4104.38,4137.5,4100.01,4122.95,1626302309
2021-02-18 12:00:00,4122.95,4129.14,4079.67,4094.74,1708925833
2021-02-19 08:00:00,4096.83,4135.23,4083.8,4133.7,2246262529
2021-02-19 12:00:00,4133.7,4201.0,4129.42,4178.72,2391392318
2021-02-22 08:00:00,4177.63,4194.68,4170.24,4185.51,1579577516
2021-02-22 12:00:00,4185.51,4213.76,4143.04,4211.13,1774776119
2021-02-23 08:00:00,4192.55,4213.03,4190.61,4206.67,2384986282
2021-02-23 12:00:00,4206.67,4211.81,4165.39,4189.45,2608142560
2021-02-24 08:00:00,4192.0,4293.77,4186.73,4288.98,851360598
2021-02-24 12:00:00,4288.98,4320.89,4276.94,4308.18,898654599
2021-02-25 08:00:00,4313.98,4331.49,4310.84,4318.93,2033453899
2021-02-25 12:00:00,4318.93,4328.24,4285.64,4307.0,2305962136
2021-02-26 08:00:00,4310.76,4324.51,4286.24,4306.75,2131295283
2021-02-26 12:00:00,4306.75,4318.77,4281.42,4306.34,2163525362
2021-03-01 08:00:00,4306.2,4323.84,4268.8,4272.8,2403640702
2021-03-01 12:00:00,4272.8,4313.66,4254.26,4267.6,2289512731
2021-03-02 08:00:00,4279.74,4323.35,4277.3,4294.58,1067627882
2021-03-02 12:00:00,4294.58,4314.05,4253.98,4278.21,1221709470
2021-03-03 08:00:00,4269.75,4301.13,4264.66,4265.97,2207714654
2021-03-03 12:00:00,4265.97,4266.34,4203.77,4205.92,2388493533
2021-03-04 08:00:00,4215.41,4219.69,4168.09,4174.61,1622818447
2021-03-04 12:00:00,4174.61,4198.96,4166.19,4191.58,1682034150
2021-03-05 08:00:00,4175.2,4209.85,4161.02,4202.8,1683579409
2021-03-05 12:00:00,4202.8,4207.38,4177.23,4199.92,2037543937
2021-03-08 08:00:00,4221.76,4239.46,4211.87,4223.19,1596553745
2021-03-08 12:00:00,4223.19,4274.19,4220.1,4246.38,1690900330
2021-03-09 08:00:00,4274.56,4276.88,4234.2,4235.32,1014130226
2021-03-09 12:00:00,4235.32,4240.46,4199.94,4204.84,1072755073
2021-03-10 08:00:00,4188.0,4231.01,4182.37,4190.19,957283922
2021-03-10 12:00:00,4190.19,4221.14,4141.42,4144.68,1076395798
2021-03-11 08:00:00,4137.04,4194.82,4134.97,4184.01,1903334948
2021-03-11 12:00:00,4184.01,4206.75,4174.82,4192.35,2299609934
2021-03-12 08:00:00,4208.46,4238.96,4201.34,4237.76,1657677130
2021-03-12 12:00:00,4237.76,4303.31,4235.45,4271.97,1773381586
2021-03-15 08:00:00,4282.68,4290.34,4243.55,4244.28,2392018921
2021-03-15 12:00:00,4244.28,4268.39,4234.19,4267.42,2733859421
2021-03-16 08:00:00,4271.35,4295.15,4245.14,4290.36,2120050901
2021-03-16 12:00:00,4290.36,4296.28,4254.62,4258.36,2235998472
2021-03-17 08:00:00,4265.18,4299.63,4255.32,4283.68,1274015294
2021-03-17 12:00:00,4283.68,4306.22,4221.71,4223.34,1363573038
2021-03-18 08:00:00,4234.95,4240.55,4211.61,4229.81,1213765667
2021-03-18 12:00:00,4229.81,4256.6,4224.56,4238.12,1555532500
2021-03-19 08:00:00,4245.19,4264.03,4243.27,4258.06,1588289913
2021-03-19 12:00:00,4258.06,4283.3,4254.33,4263.34,1552901631
2021-03-22 08:00:00,4260.74,4298.04,4258.7,4292.93,1895555256
2021-03-22 12:00:00,4292.93,4293.72,4223.01,4223.88,2243302171
2021-03-23 08:00:00,4247.22,4274.52,4246.42,4247.1,830226990
2021-03-23 12:00:00,4247.1,4295.59,4221.97,4281.86,929143903
2021-03-24 08:00:00,4279.67,4318.15,4272.45,4301.84,2144965308
2021-03-24 12:00:00,4301.84,4342.59,4295.25,4304.11,2251916480
2021-03-25 08:00:00,4287.47,4291.1,4256.98,4267.82,1432533956
2021-03-25 12:00:00,4267.82,4286.89,4244.73,4278.74,1758943273
2021-03-26 08:00:00,4277.79,4311.53,4263.6,4296.96,1579895841
2021-03-26 12:00:00,4296.96,4322.22,4296.03,4312.3,1626981464
2021-03-29 08:00:00,4315.52,4338.12,4301.1,4320.47,1443919435
2021-03-29 12:00:00,4320.47,4335.79,4294.23,4334.12,1750515756
2021-03-30 08:00:00,4340.72,4392.01,4334.4,4373.08,1791606423
2021-03-30 12:00:00,4373.08,4394.75,4360.67,4382.92,1963331721
2021-03-31 08:00:00,4386.53,4403.84,4366.43,4397.45,1559355732
2021-03-31 12:00:00,4397.45,4406.3,4361.8,4404.32,1897825239
2021-04-01 08:00:00,4387.36,4389.28,4362.96,4385.54,1441298130
2021-04-01 12:00:00,4385.54,4392.58,4342.16,4359.55,1679099448
2021-04-05 08:00:00,4395.24,4402.36,4368.13,4393.99,1519224916
2021-04-05 12:00:00,4393.99,4403.05,4337.12,4351.74,1767798708
2021-04-06 08:00:00,4357.13,4408.85,4355.98,4408.13,1282595176
2021-04-06 12:00:00,4408.13,4448.88,4405.8,4413.88,1483899849
2021-04-07 08:00:00,4419.28,4433.29,4375.02,4385.76,1630243125
2021-04-07 12:00:00,4385.76,4434.17,4379.31,4428.29,1868493970
2021-04-08 08:00:00,4444.32,4459.31,4425.73,4427.77,3038022127
2021-04-08 12:00:00,4427.77,4440.05,4383.01,4391.78,3300218571
2021-04-09 08:00:00,4384.57,4403.64,4364.51,4399.95,1698525122
2021-04-09 12:00:00,4399.95,4418.84,4369.23,4417.78,1737588104
2021-04-12 08:00:00,4441.75,4443.98,4391.19,4399.92,1436954107
2021-04-12 12:00:00,4399.92,4410.72,4332.93,4340.79,1702975034
2021-04-13 08:00:00,4336.68,4337.95,4295.18,4311.67,1072147853
2021-04-13 12:00:00,4311.67,4323.83,4286.69,4311.33,1164096819
2021-04-14 08:00:00,4310.38,4339.36,4310.29,4317.82,2115674078
2021-04-14 12:00:00,4317.82,4386.87,4312.93,4376.11,2076475079
2021-04-15 08:00:00,4388.52,4422.77,4384.68,4419.34,2020940236
2021-04-15 12:00:00,4419.34,4456.87,4413.17,4433.7,2051020517
2021-04-16 08:00:00,4419.1,4434.33,4406.28,4431.59,1515719162
2021-04-16 12:00:00,4431.59,4465.1,4426.78,4464.07,1714901482
2021-04-19 08:00:00,4462.75,4494.48,4429.01,4429.49,2034367848
2021-04-19 12:00:00,4429.49,4435.05,4385.19,4406.43,2338187294
2021-04-20 08:00:00,4435.13,4452.67,4426.19,4440.65,1299587428
2021-04-20 12:00:00,4440.65,4510.92,4439.39,4504.14,1663328721
2021-04-21 08:00:00,4534.15,4567.6,4520.3,4526.0,1765080584
2021-04-21 12:00:00,4526.0,4536.94,4478.01,4487.08,1935235914
2021-04-22 08:00:00,4476.36,4521.65,4459.43,4520.67,1237765278
2021-04-22 12:00:00,4520.67,4522.54,4477.52,4483.27,1280167439
2021-04-23 08:00:00,4465.83,4469.63,4425.32,4427.65,2242070778
2021-04-23 12:00:00,4427.65,4449.55,4407.26,4449.23,2467849383
2021-04-26 08:00:00,4447.75,4467.06,4432.14,4462.44,2270820059
2021-04-26 12:00:00,4462.44,4495.52,4413.27,4436.74,2312199359
2021-04-27 08:00:00,4456.38,4475.77,4445.0,4450.4,1860428750
2021-04-27 12:00:00,4450.4,4463.57,4419.85,4445.67,1828138539
2021-04-28 08:00:00,4486.21,4503.33,4474.73,4481.74,1160884249
2021-04-28 12:00:00,4481.74,4544.47,4474.13,4475.31,1124468069
2021-04-29 08:00:00,4464.67,4491.15,4445.73,4465.15,1257989475
2021-04-29 12:00:00,4465.15,4465.68,4422.48,4435.53,1439324116
2021-04-30 08:00:00,4455.88,4465.08,4442.26,4461.08,1850327236
2021-04-30 12:00:00,4461.08,4477.26,4448.37,4460.6,1975328938
2021-05-03 08:00:00,4481.06,4513.26,4465.35,4501.1,1656817159
2021-05-03 12:00:00,4501.1,4512.95,4469.8,4505.65,1829118385
2021-05-04 08:00:00,4512.73,4519.44,4495.95,4515.92,2347878122
2021-05-04 12:00:00,4515.92,4542.92,4508.45,4517.18,2922779420
2021-05-05 08:00:00,4529.56,4566.98,4526.8,4559.06,2147880967
2021-05-05 12:00:00,4559.06,4593.85,4547.95,4592.98,2215056294
2021-05-06 08:00:00,4599.26,4624.54,4596.62,4609.98,4209789745
2021-05-06 12:00:00,4609.98,4610.52,4555.17,4560.53,4335324787
2021-05-07 08:00:00,4573.74,4600.88,4558.42,4590.95,1847562266
2021-05-07 12:00:00,4590.95,4603.89,4514.67,4531.93,2355163723
2021-05-10 08:00:00,4516.01,4531.01,4465.37,4490.14,2558185725
2021-05-10 12:00:00,4490.14,4504.9,4467.44,4490.94,2963519257
2021-05-11 08:00:00,4470.35,4483.98,4451.4,4474.99,1247745438
2021-05-11 12:00:00,4474.99,4480.5,4405.83,4426.92,1355887823
2021-05-12 08:00:00,4408.33,4412.39,4365.54,4365.97,2960019130
2021-05-12 12:00:00,4365.97,4405.43,4344.89,4390.19,2764748789
2021-05-13 08:00:00,4403.42,4404.46,4349.2,4365.73,1895206329
2021-05-13 12:00:00,4365.73,4367.6,4326.64,4327.14,1905506528
2021-05-14 08:00:00,4318.04,4324.82,4281.13,4281.71,1351207814
2021-05-14 12:00:00,4281.71,4314.05,4273.36,4311.28,1556760089
2021-05-17 08:00:00,4343.14,4352.56,4311.22,4330.03,1293218079
2021-05-17 12:00:00,4330.03,4342.95,4307.33,4332.02,1325139789
2021-05-18 08:00:00,4346.0,4355.61,4309.26,4333.78,1647411897
2021-05-18 12:00:00,4333.78,4395.74,4327.39,4393.93,1848556472
2021-05-19 08:00:00,4401.44,4415.08,4366.82,4368.86,1749558794
2021-05-19 12:00:00,4368.86,4417.84,4355.0,4390.44,1811674009
2021-05-20 08:00:00,4386.13,4434.99,4382.55,4431.72,1236954071
2021-05-20 12:00:00,4431.72,4443.19,4380.12,4394.85,1334366997
2021-05-21 08:00:00,4398.48,4408.27,4367.49,4368.98,1800332319
2021-05-21 12:00:00,4368.98,4408.21,4365.23,4365.62,1856777220
2021-05-24 08:00:00,4377.6,4412.17,4374.49,4382.76,941909583
2021-05-24 12:00:00,4382.76,4433.08,4378.89,4417.55,1058643879
2021-05-25 08:00:00,4411.91,4432.93,4393.6,4428.08,2260437961
2021-05-25 12:00:00,4428.08,4532.33,4423.97,4513.37,2401710638
2021-05-26 08:00:00,4499.06,4502.63,4454.33,4467.41,1878686671
2021-05-26 12:00:00,4467.41,4494.24,4448.19,4474.1,1931472468
2021-05-27 08:00:00,4464.6,4484.27,4459.19,4468.64,1779365342
2021-05-27 12:00:00,4468.64,4511.62,4463.13,4503.3,2047070924
2021-05-28 08:00:00,4484.67,4539.32,4483.71,4536.62,1488992601
2021-05-28 12:00:00,4536.62,4582.26,4528.73,4570.12,1801159652
2021-06-01 08:00:00,4565.76,4567.81,4535.17,4546.74,2234979215
2021-06-01 12:00:00,4546.74,4630.33,4546.56,4626.68,2492758563
2021-06-02 08:00:00,4665.33,4683.62,4656.8,4674.6,1395598213
2021-06-02 12:00:00,4674.6,4729.67,4670.36,4708.31,1518093228
2021-06-03 08:00:00,4712.81,4729.88,4693.68,4725.03,1915502903
2021-06-03 12:00:00,4725.03,4751.59,4691.44,4707.23,2073236668
2021-06-04 08:00:00,4694.6,4734.3,4691.08,4730.57,1319629361
2021-06-04 12:00:00,4730.57,4748.4,4683.67,4706.84,1458447020
2021-06-07 08:00:00,4716.74,4727.37,4692.92,4723.39,1917481975
2021-06-07 12:00:00,4723.39,4753.08,4711.46,4725.8,2128103403
2021-06-08 08:00:00,4725.16,4789.59,4720.71,4789.09,1829841573
2021-06-08 12:00:00,4789.09,4794.56,4750.75,4777.28,1928025366
2021-06-09 08:00:00,4777.54,4860.94,4775.66,4852.42,2848217419
2021-06-09 12:00:00,4852.42,4859.73,4758.45,4833.58,2933691959
2021-06-10 08:00:00,4849.75,4858.51,4821.15,4831.84,1475433747
2021-06-10 12:00:00,4831.84,4871.84,4805.26,4822.0,1768055810
2021-06-11 08:00:00,4806.62,4848.44,4806.13,4842.14,1394939509
2021-06-11 12:00:00,4842.14,4843.45,4792.88,4813.33,1451704679
2021-06-14 08:00:00,4811.63,4859.13,4799.27,4848.65,2003407846
2021-06-14 12:00:00,4848.65,4854.34,4759.33,4773.42,1948740264
2021-06-15 08:00:00,4766.26,4810.92,4764.85,4790.16,1645789502
2021-06-15 12:00:00,4790.16,4822.16,4779.18,4809.06,1667336080
2021-06-16 08:00:00,4830.89,4844.45,4814.13,4823.92,1277673521
2021-06-16 12:00:00,4823.92,4844.71,4794.53,4799.53,1366306384
2021-06-17 08:00:00,4794.87,4818.65,4787.95,4802.57,1469997961
2021-06-17 12:00:00,4802.57,4859.94,4788.01,4851.44,1651705557
2021-06-18 08:00:00,4884.24,4913.39,4872.12,4896.49,2070578924
2021-06-18 12:00:00,4896.49,4911.65,4850.94,4891.37,2348026772
2021-06-21 08:00:00,4881.96,4901.75,4857.1,4871.12,1373398326
2021-06-21 12:00:00,4871.12,4907.56,4857.73,4870.46,1453513387
2021-06-22 08:00:00,4851.94,4917.8,4850.32,4884.4,2191588980
2021-06-22 12:00:00,4884.4,4908.68,4863.74,4895.19,2176848549
2021-06-23 08:00:00,4904.76,4936.28,4900.79,4921.13,1474119163
2021-06-23 12:00:00,4921.13,4955.0,4885.87,4903.29,1587679642
2021-06-24 08:00:00,4907.64,4911.72,4880.56,4900.99,1918217063
2021-06-24 12:00:00,4900.99,4936.22,4889.62,4928.14,2074366685
2021-06-25 08:00:00,4917.33,4954.02,4911.11,4943.79,1489487055
2021-06-25 12:00:00,4943.79,4958.79,4889.64,4913.98,1684997717
2021-06-28 08:00:00,4928.23,4968.78,4917.8,4961.78,1968167860
2021-06-28 12:00:00,4961.78,5046.51,4960.27,5034.73,2316458190
2021-06-29 08:00:00,5058.09,5073.18,5039.82,5047.37,1669300462
2021-06-29 12:00:00,5047.37,5048.74,5009.83,5010.46,1779293193
2021-06-30 08:00:00,5003.44,5007.87,4940.83,4961.02,1417710365
2021-06-30 12:00:00,4961.02,5003.28,4947.12,4998.08,1458703084
2021-07-01 08:00:00,4985.11,5002.05,4963.44,4983.46,1792426228
2021-07-01 12:00:00,4983.46,5079.58,4978.1,5064.3,2116897092
2021-07-02 08:00:00,5067.29,5105.57,5060.93,5097.09,1991596470
2021-07-02 12:00:00,5097.09,5173.22,5088.91,5158.95,2068809130
2021-07-06 08:00:00,5164.2,5181.39,5149.38,5171.03,1227871866
2021-07-06 12:00:00,5171.03,5180.0,5126.84,5156.18,1296903127
2021-07-07 08:00:00,5149.2,5166.41,5127.34,5165.33,1100682714
2021-07-07 12:00:00,5165.33,5210.08,5143.29,5188.95,1330733527
2021-07-08 08:00:00,5167.65,5187.53,5161.07,5185.08,1119802280
2021-07-08 12:00:00,5185.08,5194.83,5139.9,5147.65,1261435316
2021-07-09 08:00:00,5162.12,5193.36,5145.84,5171.3,2553422113
2021-07-09 12:00:00,5171.3,5198.85,5165.36,5177.66,3203122690
2021-07-12 08:00:00,5165.13,5182.12,5150.46,5175.21,2379256690
2021-07-12 12:00:00,5175.21,5179.28,5116.88,5134.04,2458398394
2021-07-13 08:00:00,5127.29,5166.76,5123.93,5144.52,2334872122
2021-07-13 12:00:00,5144.52,5175.52,5131.15,5171.26,2519604755
2021-07-14 08:00:00,5181.83,5182.54,5140.35,5143.29,1295054718
2021-07-14 12:00:00,5143.29,5176.08,5116.76,5126.07,1388966359
2021-07-15 08:00:00,5139.69,5164.28,5127.24,5151.11,1839762091
2021-07-15 12:00:00,5151.11,5161.12,5120.52,5133.04,2061507135
2021-07-16 08:00:00,5135.95,5151.99,5104.83,5113.72,969506871
2021-07-16 12:00:00,5113.72,5154.12,5089.49,5128.47,1106390316
2021-07-19 08:00:00,5108.76,5116.27,5071.48,5072.84,1730389683
2021-07-19 12:00:00,5072.84,5131.3,5048.44,5116.24,1973873206
2021-07-20 08:00:00,5125.24,5159.37,5124.51,5149.46,1396206259
2021-07-20 12:00:00,5149.46,5161.08,5111.77,5144.29,1378942833
2021-07-21 08:00:00,5135.22,5234.73,5129.29,5234.35,2150792299
2021-07-21 12:00:00,5234.35,5336.06,5230.24,5332.34,2354171836
2021-07-22 08:00:00,5327.64,5336.64,5301.85,5315.33,1476282778
2021-07-22 12:00:00,5315.33,5356.61,5287.54,5332.1,1456049497
2021-07-23 08:00:00,5373.43,5401.08,5363.28,5392.7,1506234094
2021-07-23 12:00:00,5392.7,5519.19,5380.65,5506.92,1743269878
2021-07-26 08:00:00,5500.86,5562.49,5497.07,5561.46,1692251466
2021-07-26 12:00:00,5561.46,5563.76,5439.72,5461.18,2046054387
2021-07-27 08:00:00,5439.9,5482.42,5435.43,5440.96,1719651327
2021-07-27 12:00:00,5440.96,5442.87,5387.34,5419.22,1925931642
2021-07-28 08:00:00,5450.11,5460.58,5431.26,5448.12,1707382168
2021-07-28 12:00:00,5448.12,5502.91,5425.1,5501.87,1895513713
2021-07-29 08:00:00,5472.8,5486.11,5429.61,5441.07,1137025694
2021-07-29 12:00:00,5441.07,5489.56,5416.44,5429.51,1269178850
2021-07-30 08:00:00,5425.68,5437.69,5387.36,5396.0,1288734696
2021-07-30 12:00:00,5396.0,5427.3,5373.72,5400.37,1250793957
2021-08-02 08:00:00,5404.65,5424.91,5376.91,5417.27,3048537363
2021-08-02 12:00:00,5417.27,5434.42,5371.05,5385.72,3334436990
2021-08-03 08:00:00,5400.95,5413.78,5378.97,5390.21,1156337282
2021-08-03 12:00:00,5390.21,5452.29,5388.61,5448.76,1240017130
2021-08-04 08:00:00,5460.82,5479.46,5445.93,5449.0,2281812487
2021-08-04 12:00:00,5449.0,5492.63,5429.68,5475.89,2757619789
2021-08-05 08:00:00,5470.37,5511.17,5457.4,5494.35,1545272425
2021-08-05 12:00:00,5494.35,5510.95,5456.04,5502.35,1858390313
2021-08-06 08:00:00,5493.19,5572.6,5489.73,5566.47,1557860702
2021-08-06 12:00:00,5566.47,5577.52,5532.52,5533.76,1756673539
2021-08-09 08:00:00,5546.42,5551.87,5462.0,5466.98,1369539131
2021-08-09 12:00:00,5466.98,5647.06,5455.69,5643.04,1423858905
2021-08-10 08:00:00,5663.63,5719.25,5659.77,5713.17,2957085352
2021-08-10 12:00:00,5713.17,5743.5,5697.5,5732.94,3103807164
2021-08-11 08:00:00,5718.63,5741.26,5704.42,5731.33,1525386852
2021-08-11 12:00:00,5731.33,5780.83,5725.05,5766.37,1701094429
2021-08-12 08:00:00,5751.87,5770.46,5730.97,5733.68,2036536620
2021-08-12 12:00:00,5733.68,5765.12,5665.73,5694.79,2112266412
2021-08-13 08:00:00,5704.43,5726.86,5677.03,5704.89,1418889591
2021-08-13 12:00:00,5704.89,5719.64,5644.43,5664.42,1571411947
2021-08-16 08:00:00,5656.76,5671.37,5634.75,5645.29,1308779995
2021-08-16 12:00:00,5645.29,5698.58,5629.87,5692.54,1331078648
2021-08-17 08:00:00,5695.42,5757.71,5694.41,5722.83,2609760361
2021-08-17 12:00:00,5722.83,5734.27,5656.89,5660.31,2848192455
2021-08-18 08:00:00,5635.86,5651.41,5612.71,5626.75,1716202907
2021-08-18 12:00:00,5626.75,5639.75,5587.62,5589.05,1927916674
2021-08-19 08:00:00,5586.09,5604.58,5572.75,5576.69,1412129766
2021-08-19 12:00:00,5576.69,5621.39,5575.1,5610.02,1758325033
2021-08-20 08:00:00,5628.58,5679.59,5625.3,5663.83,2020713643
2021-08-20 12:00:00,5663.83,5681.01,5529.41,5558.36,2206896805
2021-08-23 08:00:00,5551.74,5598.47,5546.06,5582.4,1452212682
2021-08-23 12:00:00,5582.4,5586.81,5518.76,5559.11,1614442507
2021-08-24 08:00:00,5569.82,5604.15,5541.17,5553.43,2478505266
2021-08-24 12:00:00,5553.43,5613.42,5548.2,5581.14,2961040243
2021-08-25 08:00:00,5597.89,5607.67,5572.13,5577.78,2005587895
2021-08-25 12:00:00,5577.78,5613.11,5556.14,5605.72,2411481197
2021-08-26 08:00:00,5632.68,5659.06,5599.39,5607.01,2275237321
2021-08-26 12:00:00,5607.01,5644.93,5606.28,5637.79,2679168997
2021-08-27 08:00:00,5627.72,5652.7,5602.85,5624.0,2551591376
2021-08-27 12:00:00,5624.0,5659.57,5591.23,5653.29,3175700209
2021-08-30 08:00:00,5666.57,5681.91,5643.74,5669.98,1251477496
2021-08-30 12:00:00,5669.98,5712.69,5663.11,5692.21,1346065389
2021-08-31 08:00:00,5687.39,5693.56,5670.42,5673.19,1534508815
2021-08-31 12:00:00,5673.19,5737.6,5672.81,5733.97,1566112181
2021-09-01 08:00:00,5729.6,5770.36,5716.42,5759.34,851781656
2021-09-01 12:00:00,5759.34,5777.56,5717.65,5729.27,906073424
2021-09-02 08:00:00,5752.41,5773.5,5717.41,5727.89,2732476016
2021-09-02 12:00:00,5727.89,5730.85,5681.87,5691.79,2799351081
2021-09-03 08:00:00,5696.96,5720.78,5671.74,5708.44,1091312221
2021-09-03 12:00:00,5708.44,5717.95,5646.53,5664.4,1173013441
2021-09-07 08:00:00,5666.07,5716.53,5659.63,5704.69,2173976857
2021-09-07 12:00:00,5704.69,5741.53,5655.61,5711.76,2365443655
2021-09-08 08:00:00,5714.29,5769.85,5706.38,5732.99,1892208934
2021-09-08 12:00:00,5732.99,5749.45,5689.08,5729.09,2120489215
2021-09-09 08:00:00,5716.82,5760.95,5707.99,5749.42,1834115014
2021-09-09 12:00:00,5749.42,5793.46,5724.66,5765.41,2030005273
2021-09-10 08:00:00,5773.84,5848.42,5773.18,5840.73,2095347682
2021-09-10 12:00:00,5840.73,5920.25,5840.02,5908.47,2143489243
2021-09-13 08:00:00,5899.39,5929.29,5877.51,5922.66,1878978894
2021-09-13 12:00:00,5922.66,5987.46,5917.21,5974.55,2267632036
2021-09-14 08:00:00,5994.34,5997.22,5929.58,5943.15,1224994974
2021-09-14 12:00:00,5943.15,5946.9,5890.03,5926.91,1585914538
2021-09-15 08:00:00,5923.24,5988.0,5894.59,5982.69,1748353928
2021-09-15 12:00:00,5982.69,5987.86,5931.68,5942.42,1875398388
2021-09-16 08:00:00,5957.01,6004.4,5942.14,5998.59,1963738486
2021-09-16 12:00:00,5998.59,6005.88,5923.14,5931.5,2285279872
2021-09-17 08:00:00,5944.84,5949.82,5899.86,5941.28,1575826711
2021-09-17 12:00:00,5941.28,5965.72,5932.52,5956.52,1605866978
2021-09-20 08:00:00,5966.31,5977.09,5936.15,5961.78,1216057318
2021-09-20 12:00:00,5961.78,6082.22,5948.74,6044.16,1438650489
2021-09-21 08:00:00,6045.53,6048.56,5938.26,5952.73,1703305422
2021-09-21 12:00:00,5952.73,6084.04,5945.69,6074.87,1961470841
2021-09-22 08:00:00,6097.41,6126.51,6076.38,6109.24,1491153180
2021-09-22 12:00:00,6109.24,6129.75,6070.39,6074.47,1619938294
2021-09-23 08:00:00,6086.8,6140.57,6081.71,6119.44,1370729953
2021-09-23 12:00:00,6119.44,6143.54,6077.69,6130.94,1492103748
2021-09-24 08:00:00,6129.15,6145.95,6099.9,6102.81,1647820781
2021-09-24 12:00:00,6102.81,6207.58,6098.12,6192.25,1787554936
2021-09-27 08:00:00,6199.4,6305.38,6192.6,6283.56,2044914655
2021-09-27 12:00:00,6283.56,6285.32,6221.31,6232.76,2088745134
2021-09-28 08:00:00,6212.77,6227.51,6175.74,6190.84,1364461476
2021-09-28 12:00:00,6190.84,6193.26,6108.38,6130.75,1520912529
2021-09-29 08:00:00,6137.98,6186.45,6136.93,6182.34,1584494508
2021-09-29 12:00:00,6182.34,6184.66,6074.22,6096.99,1552840341
2021-09-30 08:00:00,6079.08,6118.63,6069.33,6077.98,1313467406
2021-09-30 12:00:00,6077.98,6117.16,6072.96,6107.19,1415110715
2021-10-01 08:00:00,6097.65,6166.65,6087.55,6152.76,2004418215
2021-10-01 12:00:00,6152.76,6190.65,6133.85,6170.7,2056217304
2021-10-04 08:00:00,6179.67,6210.23,6160.12,6161.91,1342955742
2021-10-04 12:00:00,6161.91,6193.07,6137.66,6187.76,1386758625
2021-10-05 08:00:00,6165.77,6220.48,6162.53,6215.03,1767765534
2021-10-05 12:00:00,6215.03,6234.08,6174.87,6184.99,1928174092
2021-10-06 08:00:00,6172.08,6174.24,6116.9,6121.49,2267084245
2021-10-06 12:00:00,6121.49,6138.9,6088.66,6094.47,2584299828
2021-10-07 08:00:00,6104.71,6120.91,6051.3,6069.09,1364002134
2021-10-07 12:00:00,6069.09,6160.92,6064.35,6132.98,1490484666
2021-10-08 08:00:00,6125.51,6184.02,6124.93,6175.24,1412607575
2021-10-08 12:00:00,6175.24,6221.78,6137.98,6199.52,1413031027
2021-10-11 08:00:00,6199.14,6207.69,6168.82,6189.0,1930481335
2021-10-11 12:00:00,6189.0,6266.73,6184.0,6215.89,2133020070
2021-10-12 08:00:00,6226.13,6305.72,6213.27,6273.16,1226696519
2021-10-12 12:00:00,6273.16,6295.56,6189.11,6195.9,1324398160
2021-10-13 08:00:00,6218.4,6230.56,6174.19,6225.06,1133780238
2021-10-13 12:00:00,6225.06,6248.51,6200.26,6211.22,1129244053
2021-10-14 08:00:00,6220.45,6274.15,6213.06,6243.64,1627214345
2021-10-14 12:00:00,6243.64,6313.64,6232.46,6300.55,1751439054
2021-10-15 08:00:00,6313.06,6370.12,6306.66,6357.65,1695721644
2021-10-15 12:00:00,6357.65,6438.5,6356.76,6407.77,1911518479
2021-10-18 08:00:00,6422.76,6441.38,6376.99,6410.46,1425058066
2021-10-18 12:00:00,6410.46,6412.19,6313.14,6325.96,1666825378
2021-10-19 08:00:00,6320.09,6351.54,6309.82,6336.06,881179513
2021-10-19 12:00:00,6336.06,6466.5,6323.43,6417.68,1019552007
2021-10-20 08:00:00,6406.15,6463.8,6403.82,6452.11,1401016096
2021-10-20 12:00:00,6452.11,6465.16,6346.11,6348.07,1525272489
2021-10-21 08:00:00,6348.46,6378.17,6340.77,6367.9,2607348774
2021-10-21 12:00:00,6367.9,6384.12,6340.59,6367.28,2669825113
2021-10-22 08:00:00,6368.89,6456.05,6365.69,6425.04,1268196412
2021-10-22 12:00:00,6425.04,6514.7,6410.81,6474.55,1406024873
2021-10-25 08:00:00,6496.56,6505.82,6421.95,6435.69,1274381222
2021-10-25 12:00:00,6435.69,6449.36,6328.21,6353.76,1448598232
2021-10-26 08:00:00,6368.04,6393.89,6327.8,6346.89,1399478007
2021-10-26 12:00:00,6346.89,6364.1,6293.94,6294.83,1627767975
2021-10-27 08:00:00,6284.24,6297.07,6227.7,6227.81,3132195664
2021-10-27 12:00:00,6227.81,6263.0,6201.14,6202.83,3318445815
2021-10-28 08:00:00,6215.34,6249.37,6205.84,6243.78,2072280116
2021-10-28 12:00:00,6243.78,6311.26,6242.32,6267.15,2133586526
2021-10-29 08:00:00,6263.21,6271.64,6195.99,6217.38,1282149214
2021-10-29 12:00:00,6217.38,6254.16,6187.82,6235.42,1321192008
2021-11-01 08:00:00,6255.15,6290.19,6245.55,6258.0,1318427597
2021-11-01 12:00:00,6258.0,6361.92,6254.52,6301.79,1492116432
2021-11-02 08:00:00,6282.43,6285.05,6245.15,6246.28,1229129222
2021-11-02 12:00:00,6246.28,6282.49,6201.86,6262.95,1316905860
2021-11-03 08:00:00,6249.27,6259.43,6206.98,6224.99,1578999525
2021-11-03 12:00:00,6224.99,6245.07,6176.41,6202.35,1851419695
2021-11-04 08:00:00,6206.39,6260.93,6196.79,6246.9,2562395284
2021-11-04 12:00:00,6246.9,6262.83,6157.21,6203.24,2514481524
2021-11-05 08:00:00,6218.52,6224.81,6160.96,6167.87,1860615008
2021-11-05 12:00:00,6167.87,6190.73,6151.65,6152.67,1782099719
2021-11-08 08:00:00,6168.5,6201.84,6154.59,6193.91,2360407608
2021-11-08 12:00:00,6193.91,6271.69,6192.27,6252.15,2537151822
2021-11-09 08:00:00,6251.16,6255.1,6177.43,6183.98,1293226127
2021-11-09 12:00:00,6183.98,6263.57,6166.0,6228.25,1421413410
2021-11-10 08:00:00,6222.58,6294.13,6221.74,6285.82,2852223438
2021-11-10 12:00:00,6285.82,6337.72,6244.47,6305.24,2797159172
2021-11-11 08:00:00,6276.58,6289.74,6246.52,6255.43,1314640607
2021-11-11 12:00:00,6255.43,6289.71,6229.07,6262.81,1299250345
2021-11-12 08:00:00,6261.47,6273.99,6208.45,6223.0,2023736426
2021-11-12 12:00:00,6223.0,6259.77,6205.79,6238.85,2221710764
2021-11-15 08:00:00,6226.74,6235.69,6175.49,6231.53,1834072462
2021-11-15 12:00:00,6231.53,6324.18,6212.33,6316.89,2149873813
2021-11-16 08:00:00,6349.67,6372.59,6253.88,6256.14,1315945986
2021-11-16 12:00:00,6256.14,6342.89,6253.62,6330.66,1293440326
2021-11-17 08:00:00,6330.36,6343.09,6264.27,6267.43,2294645522
2021-11-17 12:00:00,6267.43,6344.77,6257.62,6335.74,2529048606
2021-11-18 08:00:00,6344.8,6357.46,6304.55,6314.46,1458000074
2021-11-18 12:00:00,6314.46,6381.66,6293.6,6368.41,1559774300
2021-11-19 08:00:00,6364.84,6424.43,6357.45,6420.07,1462195375
2021-11-19 12:00:00,6420.07,6511.41,6411.22,6412.93,1705593616
2021-11-22 08:00:00,6403.46,6438.03,6381.88,6397.19,1094133818
2021-11-22 12:00:00,6397.19,6414.66,6282.53,6295.81,1296316236
2021-11-23 08:00:00,6296.62,6385.47,6292.47,6378.57,1067657070
2021-11-23 12:00:00,6378.57,6381.0,6327.57,6366.74,1206823149
2021-11-24 08:00:00,6364.28,6370.12,6320.9,6334.48,2796588819
2021-11-24 12:00:00,6334.48,6416.55,6321.62,6382.57,3279910628
2021-11-26 08:00:00,6389.95,6407.66,6356.31,6384.75,1177483689
2021-11-26 12:00:00,6384.75,6405.41,6309.9,6313.87,1330678833
2021-11-29 08:00:00,6320.26,6354.07,6306.22,6344.18,2060827469
2021-11-29 12:00:00,6344.18,6384.23,6296.6,6303.31,2358593111
2021-11-30 08:00:00,6305.9,6341.54,6295.59,6320.58,1374159930
2021-11-30 12:00:00,6320.58,6366.84,6320.09,6354.18,1496020387
2021-12-01 08:00:00,6354.55,6389.44,6352.57,6374.13,2033539692
2021-12-01 12:00:00,6374.13,6384.89,6335.29,6365.47,2092286572
2021-12-02 08:00:00,6354.46,6376.74,6316.28,6351.2,1364134170
2021-12-02 12:00:00,6351.2,6377.14,6325.74,6350.55,1358644357
2021-12-03 08:00:00,6364.48,6413.09,6343.8,6412.21,2081388268
2021-12-03 12:00:00,6412.21,6488.37,6410.87,6413.55,2517191936
2021-12-06 08:00:00,6456.76,6548.59,6450.58,6548.5,1353973315
2021-12-06 12:00:00,6548.5,6562.43,6459.94,6466.4,1482592009
2021-12-07 08:00:00,6457.62,6477.2,6420.14,6435.72,2407318090
2021-12-07 12:00:00,6435.72,6454.79,6409.8,6411.37,2722088832
2021-12-08 08:00:00,6422.61,6500.14,6396.79,6493.79,2056572246
2021-12-08 12:00:00,6493.79,6549.15,6473.29,6540.73,2095468074
2021-12-09 08:00:00,6527.59,6558.72,6486.89,6526.75,1673753333
2021-12-09 12:00:00,6526.75,6549.3,6485.23,6535.98,1688127109
2021-12-10 08:00:00,6540.47,6565.45,6524.58,6543.1,1504029856
2021-12-10 12:00:00,6543.1,6588.56,6514.94,6523.62,1705697483
2021-12-13 08:00:00,6517.38,6547.87,6484.84,6526.58,1899332248
2021-12-13 12:00:00,6526.58,6535.87,6461.3,6495.5,1994699054
2021-12-14 08:00:00,6527.02,6570.83,6478.64,6494.09,1229786523
2021-12-14 12:00:00,6494.09,6646.87,6478.46,6597.98,1403427902
2021-12-15 08:00:00,6617.34,6677.88,6604.16,6661.23,1811918556
2021-12-15 12:00:00,6661.23,6803.89,6659.43,6801.05,1985367315
2021-12-16 08:00:00,6778.42,6799.56,6745.56,6785.09,1762930029
2021-12-16 12:00:00,6785.09,6798.81,6740.89,6748.69,2001914160
2021-12-17 08:00:00,6789.0,6794.14,6729.18,6774.43,1802399882
2021-12-17 12:00:00,6774.43,6807.95,6699.91,6745.27,1931118727
2021-12-20 08:00:00,6754.92,6755.04,6681.03,6725.97,1629365605
2021-12-20 12:00:00,6725.97,6758.63,6702.58,6740.8,1818537669
2021-12-21 08:00:00,6720.59,6774.49,6716.92,6733.27,925461728
2021-12-21 12:00:00,6733.27,6769.65,6669.77,6699.75,981266734
2021-12-22 08:00:00,6710.77,6775.08,6705.02,6724.76,1600580230
2021-12-22 12:00:00,6724.76,6741.82,6662.5,6716.7,1720200280
2021-12-23 08:00:00,6696.33,6758.54,6693.55,6754.46,1898724916
2021-12-23 12:00:00,6754.46,6798.86,6706.31,6781.8,2116732299
2021-12-27 08:00:00,6822.61,6837.05,6779.28,6834.63,1687391244
2021-12-27 12:00:00,6834.63,6886.34,6794.32,6869.91,1848810602
2021-12-28 08:00:00,6862.76,6920.01,6824.01,6873.76,1826242371
2021-12-28 12:00:00,6873.76,6924.45,6843.21,6913.02,1941967155
2021-12-29 08:00:00,6934.02,7033.58,6880.75,7019.29,1831702619
2021-12-29 12:00:00,7019.29,7024.1,6976.27,6984.65,1876217661
2021-12-30 08:00:00,6974.91,6999.58,6949.81,6989.97,1901930538
2021-12-30 12:00:00,6989.97,7015.16,6910.39,6977.76,1888798393
2021-12-31 08:00:00,6963.88,6966.94,6918.71,6935.65,1562515414
2021-12-31 12:00:00,6935.65,6987.4,6902.1,6905.02,1740439129
2022-01-03 08:00:00,6930.7,6931.75,6869.87,6874.32,1811171345
2022-01-03 12:00:00,6874.32,6903.62,6746.04,6748.5,2109201944
2022-01-04 08:00:00,6730.26,6750.39,6661.74,6705.25,1229609679
2022-01-04 12:00:00,6705.25,6725.6,6670.68,6676.24,1220859214
2022-01-05 08:00:00,6676.77,6715.21,6675.13,6692.37,1336489564
2022-01-05 12:00:00,6692.37,6718.04,6660.01,6680.37,1557337578
2022-01-06 08:00:00,6695.96,6725.21,6658.15,6661.42,1724844470
2022-01-06 12:00:00,6661.42,6675.54,6587.46,6611.33,1806834560
2022-01-07 08:00:00,6599.0,6696.39,6595.07,6696.08,2347575444
2022-01-07 12:00:00,6696.08,6768.5,6694.28,6736.6,2638510065
2022-01-10 08:00:00,6725.71,6749.15,6675.09,6696.78,1978857615
2022-01-10 12:00:00,6696.78,6721.79,6631.11,6650.33,1857689143
2022-01-11 08:00:00,6676.65,6691.04,6618.37,6640.81,1853525057
2022-01-11 12:00:00,6640.81,6747.45,6636.24,6744.16,2053326914
2022-01-12 08:00:00,6737.53,6741.5,6668.27,6695.27,2206854854
2022-01-12 12:00:00,6695.27,6777.89,6692.94,6711.43,2484260048
2022-01-13 08:00:00,6710.35,6722.3,6652.7,6666.32,1843245984
2022-01-13 12:00:00,6666.32,6696.36,6624.06,6643.17,1996917267
2022-01-14 08:00:00,6639.77,6654.8,6572.01,6581.61,1286327722
2022-01-14 12:00:00,6581.61,6640.03,6567.56,6587.11,1376026266
2022-01-18 08:00:00,6576.68,6600.42,6515.08,6520.07,1973681267
2022-01-18 12:00:00,6520.07,6544.85,6482.06,6537.61,2116201721
2022-01-19 08:00:00,6528.0,6573.96,6406.9,6437.68,941212672
2022-01-19 12:00:00,6437.68,6513.22,6429.09,6486.39,902993919
2022-01-20 08:00:00,6499.6,6517.08,6463.7,6474.38,1181038425
2022-01-20 12:00:00,6474.38,6510.97,6450.38,6476.65,1409782068
2022-01-21 08:00:00,6483.64,6606.29,6472.95,6600.05,1683079082
2022-01-21 12:00:00,6600.05,6745.94,6592.84,6744.55,1894298293
2022-01-24 08:00:00,6746.58,6756.84,6680.48,6697.37,1786276306
2022-01-24 12:00:00,6697.37,6702.85,6584.51,6630.72,1985627040
2022-01-25 08:00:00,6620.05,6632.62,6546.3,6567.22,1194758576
2022-01-25 12:00:00,6567.22,6642.49,6551.33,6564.02,1393437076
2022-01-26 08:00:00,6586.94,6618.14,6493.19,6530.64,1668242791
2022-01-26 12:00:00,6530.64,6639.01,6529.4,6624.13,1785255875
2022-01-27 08:00:00,6614.18,6645.76,6586.09,6597.67,2251938131
2022-01-27 12:00:00,6597.67,6659.05,6585.82,6617.52,2135424607
2022-01-28 08:00:00,6619.47,6645.21,6584.12,6602.59,1734741731
2022-01-28 12:00:00,6602.59,6629.05,6569.43,6587.95,1755192613
2022-01-31 08:00:00,6604.35,6666.72,6596.51,6602.06,1878873791
2022-01-31 12:00:00,6602.06,6699.36,6579.68,6693.63,2068083571
2022-02-01 08:00:00,6689.16,6727.59,6621.36,6665.99,3138048147
2022-02-01 12:00:00,6665.99,6723.76,6642.13,6649.69,3545884252
2022-02-02 08:00:00,6650.61,6692.65,6636.22,6646.76,1502771798
2022-02-02 12:00:00,6646.76,6724.43,6641.15,6687.59,1588918699
2022-02-03 08:00:00,6682.18,6723.67,6655.61,6707.86,1342515648
2022-02-03 12:00:00,6707.86,6726.65,6641.36,6711.3,1393128451
2022-02-04 08:00:00,6707.87,6757.86,6695.02,6697.5,1823654041
2022-02-04 12:00:00,6697.5,6811.58,6697.47,6804.62,1944358159
2022-02-07 08:00:00,6839.91,6868.05,6810.74,6844.26,2583597047
2022-02-07 12:00:00,6844.26,6863.28,6790.75,6843.66,2806479040
2022-02-08 08:00:00,6877.22,6884.92,6824.78,6858.44,1516864691
2022-02-08 12:00:00,6858.44,6932.67,6800.73,6920.1,1535965648
2022-02-09 08:00:00,6946.52,7003.5,6944.01,6954.29,1331861711
2022-02-09 12:00:00,6954.29,6967.95,6906.8,6937.38,1467933725
2022-02-10 08:00:00,6955.34,6964.51,6899.96,6909.53,1189274029
2022-02-10 12:00:00,6909.53,6940.36,6860.08,6914.14,1338901390
2022-02-11 08:00:00,6931.98,7039.79,6914.4,7021.48,1400854596
2022-02-11 12:00:00,7021.48,7087.53,6991.54,7081.26,1459030877
2022-02-14 08:00:00,7099.47,7193.48,7072.07,7185.08,1910807830
2022-02-14 12:00:00,7185.08,7215.43,7083.5,7084.58,2035156779
2022-02-15 08:00:00,7140.09,7161.49,7083.46,7093.82,1848728336
2022-02-15 12:00:00,7093.82,7133.18,7059.88,7126.09,2017600855
2022-02-16 08:00:00,7120.43,7147.64,7087.2,7089.53,2070416786
2022-02-16 12:00:00,7089.53,7099.9,7048.67,7074.76,2442413953
2022-02-17 08:00:00,7093.44,7094.58,6995.19,7023.58,1930586027
2022-02-17 12:00:00,7023.58,7073.06,7008.07,7064.68,2101028561
2022-02-18 08:00:00,7028.58,7060.52,7006.26,7024.48,1231510741
2022-02-18 12:00:00,7024.48,7096.36,7015.94,7038.17,1202479959
2022-02-22 08:00:00,7013.91,7054.72,7006.97,7026.26,2264095289
2022-02-22 12:00:00,7026.26,7060.21,6974.5,6987.61,2468701854
2022-02-23 08:00:00,6970.7,6999.88,6899.73,6900.32,1874169562
2022-02-23 12:00:00,6900.32,6921.87,6796.5,6798.31,2076591634
2022-02-24 08:00:00,6794.51,6832.04,6760.74,6810.48,868918595
2022-02-24 12:00:00,6810.48,6941.45,6809.52,6901.43,970028204
2022-02-25 08:00:00,6876.64,6967.57,6872.13,6953.33,1597422335
2022-02-25 12:00:00,6953.33,7019.34,6877.14,7017.26,1795629090
2022-02-28 08:00:00,7071.14,7088.49,7038.7,7086.0,784450871
2022-02-28 12:00:00,7086.0,7092.65,7022.79,7044.62,839484373
2022-03-01 08:00:00,7017.67,7077.38,7010.97,7035.69,2400762892
2022-03-01 12:00:00,7035.69,7045.17,6970.79,7029.38,2877921472
2022-03-02 08:00:00,7028.8,7045.51,6962.63,6969.61,1561046992
2022-03-02 12:00:00,6969.61,7015.27,6945.61,7001.09,1785943818
2022-03-03 08:00:00,7004.07,7005.74,6935.23,6989.68,1428666208
2022-03-03 12:00:00,6989.68,7038.91,6942.17,6953.57,1509074247
2022-03-04 08:00:00,6909.09,6959.25,6887.62,6955.39,1537671465
2022-03-04 12:00:00,6955.39,7030.98,6828.84,6836.0,1613293288
2022-03-07 08:00:00,6850.85,6878.24,6807.94,6827.76,1644806067
2022-03-07 12:00:00,6827.76,6840.65,6745.45,6769.59,1786952601
2022-03-08 08:00:00,6743.12,6785.38,6722.05,6771.98,1123028014
2022-03-08 12:00:00,6771.98,6796.71,6703.24,6769.11,1167248283
2022-03-09 08:00:00,6803.47,6804.18,6692.11,6701.64,1286223816
2022-03-09 12:00:00,6701.64,6711.4,6626.17,6668.91,1394042389
2022-03-10 08:00:00,6705.28,6708.52,6626.36,6628.77,2161985693
2022-03-10 12:00:00,6628.77,6657.19,6556.01,6584.54,2166846303
2022-03-11 08:00:00,6616.54,6637.85,6559.85,6581.94,1506972860
2022-03-11 12:00:00,6581.94,6687.74,6531.01,6673.9,1463542273
2022-03-14 08:00:00,6692.31,6693.06,6601.13,6612.26,3546900760
2022-03-14 12:00:00,6612.26,6658.87,6593.29,6643.36,3841878695
2022-03-15 08:00:00,6641.68,6694.53,6609.22,6673.44,2075275454
2022-03-15 12:00:00,6673.44,6704.57,6639.07,6657.43,2228228170
2022-03-16 08:00:00,6615.1,6708.75,6614.61,6696.74,1824981396
2022-03-16 12:00:00,6696.74,6707.2,6637.16,6653.29,2004580750
2022-03-17 08:00:00,6688.13,6691.87,6635.97,6651.73,1916266205
2022-03-17 12:00:00,6651.73,6653.53,6560.13,6578.95,2194145719
2022-03-18 08:00:00,6595.67,6638.49,6500.55,6512.6,1400835514
2022-03-18 12:00:00,6512.6,6558.63,6469.91,6471.19,1601984079
2022-03-21 08:00:00,6460.18,6497.68,6445.79,6470.28,1261179858
2022-03-21 12:00:00,6470.28,6483.35,6405.19,6442.01,1439193082
2022-03-22 08:00:00,6459.69,6467.27,6406.6,6424.06,1357467777
2022-03-22 12:00:00,6424.06,6480.73,6415.02,6432.48,1488958606
2022-03-23 08:00:00,6428.13,6434.48,6386.02,6428.63,1934584921
2022-03-23 12:00:00,6428.63,6466.06,6372.77,6462.01,2068181957
2022-03-24 08:00:00,6486.55,6577.01,6483.51,6565.94,2717293314
2022-03-24 12:00:00,6565.94,6640.62,6519.31,6620.11,2995461643
2022-03-25 08:00:00,6586.32,6604.27,6556.46,6585.68,1740851458
2022-03-25 12:00:00,6585.68,6593.71,6437.75,6443.04,1843216359
2022-03-28 08:00:00,6437.01,6524.33,6427.96,6468.76,1414482534
2022-03-28 12:00:00,6468.76,6566.45,6443.02,6563.89,1589843511
2022-03-29 08:00:00,6549.97,6575.66,6527.23,6528.01,1344528682
2022-03-29 12:00:00,6528.01,6589.12,6519.65,6543.24,1336659858
2022-03-30 08:00:00,6530.08,6537.86,6480.3,6511.94,1158219269
2022-03-30 12:00:00,6511.94,6518.13,6433.48,6449.14,1291495192
2022-03-31 08:00:00,6425.76,6531.93,6372.1,6486.07,1182871596
2022-03-31 12:00:00,6486.07,6497.75,6413.54,6455.18,1232778882
2022-04-01 08:00:00,6428.46,6448.57,6399.74,6421.7,1233579044
2022-04-01 12:00:00,6421.7,6428.67,6352.51,6369.31,1370649137
2022-04-04 08:00:00,6347.51,6404.99,6332.5,6404.67,1356848398
2022-04-04 12:00:00,6404.67,6411.19,6316.72,6333.85,1618090388
2022-04-05 08:00:00,6337.63,6435.05,6332.04,6416.54,1171946258
2022-04-05 12:00:00,6416.54,6472.78,6404.64,6443.71,1301368443
2022-04-06 08:00:00,6438.34,6472.48,6426.03,6460.71,1418912069
2022-04-06 12:00:00,6460.71,6483.28,6425.33,6476.58,1548392427
2022-04-07 08:00:00,6502.98,6589.94,6501.1,6569.47,1243831148
2022-04-07 12:00:00,6569.47,6582.61,6519.19,6568.08,1380806632
2022-04-08 08:00:00,6566.88,6617.87,6513.06,6534.22,1074104657
2022-04-08 12:00:00,6534.22,6657.94,6513.06,6647.94,1018919893
2022-04-11 08:00:00,6647.2,6667.19,6608.8,6633.33,2971830294
2022-04-11 12:00:00,6633.33,6689.28,6593.35,6655.9,3345917289
2022-04-12 08:00:00,6632.39,6647.06,6592.46,6642.42,2745516738
2022-04-12 12:00:00,6642.42,6659.4,6589.11,6597.54,3298768723
2022-04-13 08:00:00,6584.4,6605.92,6521.36,6541.15,1376636261
2022-04-13 12:00:00,6541.15,6607.46,6497.43,6582.54,1669562636
2022-04-14 08:00:00,6583.55,6617.13,6546.24,6589.52,709632839
2022-04-14 12:00:00,6589.52,6595.8,6517.0,6544.89,754483029
2022-04-18 08:00:00,6530.03,6569.81,6510.1,6530.48,1338365623
2022-04-18 12:00:00,6530.48,6531.63,6350.9,6370.0,1503985412
2022-04-19 08:00:00,6381.44,6392.59,6354.22,6359.65,1675235323
2022-04-19 12:00:00,6359.65,6388.51,6338.11,6338.91,1746400407
2022-04-20 08:00:00,6350.26,6372.83,6318.07,6320.56,1190714447
2022-04-20 12:00:00,6320.56,6331.51,6227.03,6273.71,1349285793
2022-04-21 08:00:00,6261.94,6297.66,6215.84,6288.32,2137844094
2022-04-21 12:00:00,6288.32,6290.96,6172.4,6206.72,2403539329
2022-04-22 08:00:00,6189.13,6261.46,6188.05,6220.4,1737754263
2022-04-22 12:00:00,6220.4,6286.08,6198.75,6261.86,1981626543
2022-04-25 08:00:00,6257.11,6272.83,6225.61,6231.48,1421929503
2022-04-25 12:00:00,6231.48,6264.18,6194.81,6208.29,1538550223
2022-04-26 08:00:00,6201.26,6214.87,6147.21,6157.52,2093272561
2022-04-26 12:00:00,6157.52,6159.04,6092.71,6133.62,2158823706
2022-04-27 08:00:00,6123.66,6197.54,6123.14,6190.13,1654479713
2022-04-27 12:00:00,6190.13,6231.0,6180.09,6193.92,1682765713
2022-04-28 08:00:00,6195.2,6222.25,6169.76,6211.45,2833356026
2022-04-28 12:00:00,6211.45,6247.43,6161.42,6245.86,3039610236
2022-04-29 08:00:00,6241.85,6247.69,6183.86,6229.58,2709674397
2022-04-29 12:00:00,6229.58,6269.24,6195.04,6256.42,2872997665
2022-05-02 08:00:00,6231.77,6293.58,6226.63,6290.83,1795688544
2022-05-02 12:00:00,6290.83,6291.71,6192.99,6220.62,1866917452
2022-05-03 08:00:00,6213.44,6241.34,6201.5,6206.44,2009473740
2022-05-03 12:00:00,6206.44,6225.07,6130.81,6143.38,2408245647
2022-05-04 08:00:00,6137.36,6146.22,6047.03,6056.8,2229195813
2022-05-04 12:00:00,6056.8,6098.34,6039.62,6064.94,2105813416
2022-05-05 08:00:00,6045.94,6073.99,6023.51,6049.97,2033272611
2022-05-05 12:00:00,6049.97,6082.43,6018.07,6066.14,2195388564
2022-05-06 08:00:00,6074.12,6090.65,6032.2,6055.77,2145091643
2022-05-06 12:00:00,6055.77,6060.04,5981.95,5984.21,2214544554
2022-05-09 08:00:00,5994.6,6032.89,5993.25,6007.55,1900102072
2022-05-09 12:00:00,6007.55,6023.85,5998.03,6014.29,2320728832
2022-05-10 08:00:00,5987.04,6022.55,5976.06,6016.48,2221945109
2022-05-10 12:00:00,6016.48,6046.12,5995.83,6042.97,2088415936
2022-05-11 08:00:00,6032.29,6037.76,5970.06,5979.3,1513411622
2022-05-11 12:00:00,5979.3,5995.04,5948.17,5978.48,1612654683
2022-05-12 08:00:00,5960.14,5972.11,5919.51,5938.62,1896336529
2022-05-12 12:00:00,5938.62,6002.69,5927.9,5971.51,1956904903
2022-05-13 08:00:00,5962.86,5977.62,5930.48,5940.24,1729901533
2022-05-13 12:00:00,5940.24,5953.85,5882.75,5951.81,1808185053
2022-05-16 08:00:00,5963.83,5990.76,5936.95,5944.49,1410963793
2022-05-16 12:00:00,5944.49,5950.71,5913.21,5937.62,1408035248
2022-05-17 08:00:00,5931.48,5934.73,5900.66,5908.26,2121687387
2022-05-17 12:00:00,5908.26,5944.36,5883.95,5915.44,2242794360
2022-05-18 08:00:00,5910.28,5912.97,5874.45,5888.73,1808372470
2022-05-18 12:00:00,5888.73,5914.06,5862.61,5872.82,2042157473
2022-05-19 08:00:00,5875.31,5933.74,5865.36,5910.45,2021421044
2022-05-19 12:00:00,5910.45,5920.2,5820.48,5825.98,2131059633
2022-05-20 08:00:00,5819.51,5835.3,5788.83,5817.88,1657740931
2022-05-20 12:00:00,5817.88,5818.4,5742.82,5778.17,1704443315
2022-05-23 08:00:00,5784.76,5788.41,5733.52,5745.33,2969913181
2022-05-23 12:00:00,5745.33,5752.73,5707.18,5735.51,3180098775
2022-05-24 08:00:00,5739.56,5784.07,5722.4,5731.84,1506594460
2022-05-24 12:00:00,5731.84,5763.11,5716.62,5730.47,1644308094
2022-05-25 08:00:00,5725.54,5739.11,5680.0,5739.06,1665751804
2022-05-25 12:00:00,5739.06,5774.15,5718.67,5743.88,1883241593
2022-05-26 08:00:00,5760.97,5762.82,5713.29,5730.64,1942195701
2022-05-26 12:00:00,5730.64,5755.88,5667.3,5668.66,2017542640
2022-05-27 08:00:00,5646.31,5658.64,5627.75,5650.94,863822252
2022-05-27 12:00:00,5650.94,5669.19,5620.82,5639.32,899037502
2022-05-31 08:00:00,5627.57,5646.07,5604.69,5629.38,1730184870
2022-05-31 12:00:00,5629.38,5647.55,5592.64,5615.04,2055152527
2022-06-01 08:00:00,5626.66,5684.04,5620.87,5671.43,1837723030
2022-06-01 12:00:00,5671.43,5709.91,5650.7,5662.15,2081912798
2022-06-02 08:00:00,5651.86,5673.66,5595.45,5619.69,1307309532
2022-06-02 12:00:00,5619.69,5632.11,5569.33,5569.42,1421212089
2022-06-03 08:00:00,5560.09,5567.96,5522.46,5539.01,1510378118
2022-06-03 12:00:00,5539.01,5556.36,5452.98,5490.54,1666958290
2022-06-06 08:00:00,5501.46,5530.3,5483.3,5501.08,1856951664
2022-06-06 12:00:00,5501.08,5538.57,5483.35,5538.54,1926449464
2022-06-07 08:00:00,5537.04,5564.31,5524.53,5555.49,2498840436
2022-06-07 12:00:00,5555.49,5631.89,5541.26,5629.11,2683790780
2022-06-08 08:00:00,5648.8,5684.44,5639.21,5681.36,1952860447
2022-06-08 12:00:00,5681.36,5732.58,5667.25,5731.06,2072564015
2022-06-09 08:00:00,5764.65,5804.13,5749.8,5801.89,1626459160
2022-06-09 12:00:00,5801.89,5868.91,5778.78,5861.0,1799975843
2022-06-10 08:00:00,5861.15,5878.83,5828.27,5837.63,1676042476
2022-06-10 12:00:00,5837.63,5860.63,5810.34,5850.87,1683269496
2022-06-13 08:00:00,5855.31,5892.77,5852.63,5886.11,2759767122
2022-06-13 12:00:00,5886.11,5990.89,5875.36,5948.94,3184759535
2022-06-14 08:00:00,5950.43,6001.63,5934.32,5985.87,1309050476
2022-06-14 12:00:00,5985.87,6052.53,5956.21,6022.16,1494861639
2022-06-15 08:00:00,6020.65,6056.45,6007.11,6032.5,889077801
2022-06-15 12:00:00,6032.5,6070.53,6001.47,6068.56,1061517023
2022-06-16 08:00:00,6091.99,6118.41,6083.64,6099.65,1763943729
2022-06-16 12:00:00,6099.65,6136.04,6084.22,6129.75,1915649837
2022-06-17 08:00:00,6122.86,6138.86,6074.01,6085.75,1452606259
2022-06-17 12:00:00,6085.75,6112.24,6063.01,6109.88,1489766834
2022-06-21 08:00:00,6107.18,6110.09,6059.97,6098.84,1553538418
2022-06-21 12:00:00,6098.84,6140.29,6074.12,6119.88,1754185529
2022-06-22 08:00:00,6109.54,6119.4,6056.72,6085.31,1700439868
2022-06-22 12:00:00,6085.31,6120.95,6064.26,6101.8,1861439121
2022-06-23 08:00:00,6120.77,6137.53,6073.87,6090.26,1895941185
2022-06-23 12:00:00,6090.26,6093.24,6035.73,6050.48,2020750784
2022-06-24 08:00:00,6064.15,6119.26,6061.44,6081.32,1698624089
2022-06-24 12:00:00,6081.32,6094.28,6038.58,6067.07,2041851589
2022-06-27 08:00:00,6052.41,6105.8,6046.08,6086.41,2459536423
2022-06-27 12:00:00,6086.41,6103.79,6068.49,6087.92,2687675374
2022-06-28 08:00:00,6107.59,6152.91,6084.54,6143.75,2374467110
2022-06-28 12:00:00,6143.75,6181.92,6131.68,6133.15,2377672620
2022-06-29 08:00:00,6133.86,6149.89,6106.08,6146.41,1816042699
2022-06-29 12:00:00,6146.41,6179.38,6104.78,6168.75,2052779606
2022-06-30 08:00:00,6161.52,6171.12,6124.39,6145.23,2095776206
2022-06-30 12:00:00,6145.23,6148.25,6066.16,6084.4,2143500589
2022-07-01 08:00:00,6074.79,6125.57,6054.47,6109.61,1559325938
2022-07-01 12:00:00,6109.61,6195.81,6094.93,6180.72,1700859625
2022-07-05 08:00:00,6171.71,6207.7,6153.8,6206.9,1577776800
2022-07-05 12:00:00,6206.9,6291.04,6200.15,6279.82,1693603155
2022-07-06 08:00:00,6290.77,6304.71,6248.87,6300.6,1442683244
2022-07-06 12:00:00,6300.6,6361.24,6240.8,6350.43,1451531353
2022-07-07 08:00:00,6375.61,6377.35,6338.72,6351.73,1193091241
2022-07-07 12:00:00,6351.73,6368.7,6331.94,6352.58,1438600242
2022-07-08 08:00:00,6355.77,6390.4,6353.21,6370.49,1364924655
2022-07-08 12:00:00,6370.49,6408.36,6350.12,6378.75,1548512137
2022-07-11 08:00:00,6403.16,6404.25,6354.3,6366.07,2423305728
2022-07-11 12:00:00,6366.07,6375.09,6243.0,6251.85,2535209722
2022-07-12 08:00:00,6247.81,6256.13,6173.11,6188.8,1313884689
2022-07-12 12:00:00,6188.8,6219.44,6171.01,6210.92,1507321768
2022-07-13 08:00:00,6215.94,6231.01,6186.31,6190.89,2186420094
2022-07-13 12:00:00,6190.89,6264.16,6189.37,6248.67,2385097477
2022-07-14 08:00:00,6251.34,6275.68,6210.55,6233.9,1625941840
2022-07-14 12:00:00,6233.9,6343.42,6211.27,6342.65,1606513716
2022-07-15 08:00:00,6341.97,6375.77,6320.54,6367.3,1438015376
2022-07-15 12:00:00,6367.3,6414.73,6347.83,6368.31,1547003143
2022-07-18 08:00:00,6362.68,6413.4,6344.07,6411.1,1771120453
2022-07-18 12:00:00,6411.1,6435.99,6353.59,6361.68,2145680265
2022-07-19 08:00:00,6358.43,6359.98,6299.2,6315.9,1247641139
2022-07-19 12:00:00,6315.9,6339.06,6280.37,6330.4,1258741324
2022-07-20 08:00:00,6324.49,6334.71,6275.65,6285.82,1318409061
2022-07-20 12:00:00,6285.82,6302.37,6237.5,6260.48,1500026613
2022-07-21 08:00:00,6220.28,6236.03,6202.72,6202.91,1374615329
2022-07-21 12:00:00,6202.91,6246.54,6187.79,6238.93,1425345695
2022-07-22 08:00:00,6245.84,6268.33,6234.76,6264.61,2268093140
2022-07-22 12:00:00,6264.61,6290.87,6216.29,6216.82,2326147735
2022-07-25 08:00:00,6231.67,6262.45,6218.93,6228.33,1949335082
2022-07-25 12:00:00,6228.33,6252.92,6208.32,6234.28,1989801399
2022-07-26 08:00:00,6244.95,6264.58,6218.78,6263.9,2090207385
2022-07-26 12:00:00,6263.9,6292.17,6238.03,6287.4,2269072258
2022-07-27 08:00:00,6312.71,6312.88,6235.03,6238.69,1615301580
2022-07-27 12:00:00,6238.69,6323.97,6233.99,6292.24,1620017690
2022-07-28 08:00:00,6287.97,6357.74,6286.52,6352.92,1581619410
2022-07-28 12:00:00,6352.92,6408.82,6294.47,6383.73,1723352777
2022-07-29 08:00:00,6379.87,6399.67,6349.98,6397.87,1605147196
2022-07-29 12:00:00,6397.87,6412.09,6312.78,6331.16,1788230276
2022-08-01 08:00:00,6327.36,6361.77,6301.26,6302.2,1226671753
2022-08-01 12:00:00,6302.2,6339.94,6261.41,6325.58,1461674575
2022-08-02 08:00:00,6324.73,6336.93,6287.51,6299.97,893915959
2022-08-02 12:00:00,6299.97,6314.56,6252.2,6304.32,1056171015
2022-08-03 08:00:00,6316.11,6346.76,6314.6,6333.31,1362437694
2022-08-03 12:00:00,6333.31,6366.1,6321.11,6340.45,1417064534
2022-08-04 08:00:00,6355.83,6364.56,6315.63,6363.38,1470106470
2022-08-04 12:00:00,6363.38,6404.48,6361.92,6385.01,1573330032
2022-08-05 08:00:00,6364.22,6399.48,6362.77,6385.69,1626246422
2022-08-05 12:00:00,6385.69,6393.5,6333.11,6359.56,1743289268
2022-08-08 08:00:00,6355.49,6445.86,6352.13,6431.56,3509293606
2022-08-08 12:00:00,6431.56,6440.52,6373.77,6420.43,3583634338
2022-08-09 08:00:00,6411.97,6415.06,6305.73,6314.35,1896309069
2022-08-09 12:00:00,6314.35,6357.85,6294.68,6354.2,1982001156
2022-08-10 08:00:00,6331.2,6355.26,6310.47,6354.96,1924137263
2022-08-10 12:00:00,6354.96,6377.18,6325.45,6344.19,2053031723
2022-08-11 08:00:00,6326.84,6354.51,6310.75,6345.33,2482820442
2022-08-11 12:00:00,6345.33,6391.82,6338.21,6375.39,2642691821
2022-08-12 08:00:00,6371.48,6400.36,6361.48,6396.91,2260123463
2022-08-12 12:00:00,6396.91,6424.64,6386.81,6389.53,2725265369
2022-08-15 08:00:00,6372.84,6380.79,6329.32,6332.49,1755345635
2022-08-15 12:00:00,6332.49,6358.97,6302.77,6318.88,1930546008
2022-08-16 08:00:00,6313.61,6345.79,6252.18,6266.04,964323436
2022-08-16 12:00:00,6266.04,6288.15,6241.17,6262.77,1104447333
2022-08-17 08:00:00,6264.84,6285.66,6196.58,6202.02,1448258805
2022-08-17 12:00:00,6202.02,6206.36,6165.24,6172.58,1667440098
2022-08-18 08:00:00,6171.7,6177.12,6139.38,6165.42,3146549981
2022-08-18 12:00:00,6165.42,6205.55,6158.8,6196.04,3621752191
2022-08-19 08:00:00,6214.71,6220.11,6183.84,6195.65,1452153416
2022-08-19 12:00:00,6195.65,6275.35,6177.72,6216.41,1611223422
2022-08-22 08:00:00,6196.01,6215.07,6164.64,6203.78,1603923761
2022-08-22 12:00:00,6203.78,6204.3,6114.79,6149.86,1775123814
2022-08-23 08:00:00,6148.45,6160.4,6093.21,6149.46,1478369690
2022-08-23 12:00:00,6149.46,6189.89,6111.17,6186.19,1562101656
2022-08-24 08:00:00,6195.36,6212.55,6168.64,6204.6,1415090949
2022-08-24 12:00:00,6204.6,6236.43,6161.01,6173.45,1546881820
2022-08-25 08:00:00,6188.73,6208.44,6136.23,6142.47,1229209389
2022-08-25 12:00:00,6142.47,6148.24,6088.87,6112.86,1351952845
2022-08-26 08:00:00,6119.83,6120.67,6057.02,6089.57,1460145952
2022-08-26 12:00:00,6089.57,6111.09,6039.0,6052.47,1511411274
2022-08-29 08:00:00,6060.73,6072.09,6031.58,6062.74,1999456655
2022-08-29 12:00:00,6062.74,6093.46,6031.39,6063.29,1991554349
2022-08-30 08:00:00,6071.71,6072.28,5982.5,5995.75,2114920831
2022-08-30 12:00:00,5995.75,6046.16,5986.87,6030.02,2257639890
2022-08-31 08:00:00,6019.52,6029.61,5986.71,6012.28,1616312730
2022-08-31 12:00:00,6012.28,6033.32,5951.58,6002.82,1733777326
2022-09-01 08:00:00,6007.36,6032.92,5985.81,6028.46,1306412003
2022-09-01 12:00:00,6028.46,6070.46,6013.39,6062.05,1366296836
2022-09-02 08:00:00,6027.23,6032.85,5956.99,5961.54,1766818447
2022-09-02 12:00:00,5961.54,6024.99,5935.82,6024.84,2041880908
2022-09-06 08:00:00,6009.58,6026.64,5981.19,6018.83,2152791739
2022-09-06 12:00:00,6018.83,6063.39,5993.83,6045.4,2379231887
2022-09-07 08:00:00,6058.25,6074.37,6040.9,6051.25,1984564516
2022-09-07 12:00:00,6051.25,6064.08,6009.24,6019.8,2239255703
2022-09-08 08:00:00,6047.58,6071.88,6027.74,6030.93,1728326559
2022-09-08 12:00:00,6030.93,6068.08,5987.16,5993.95,1892617928
2022-09-09 08:00:00,5965.51,6006.8,5929.58,6001.0,1747506974
2022-09-09 12:00:00,6001.0,6060.52,5978.47,6047.74,1764931424
2022-09-12 08:00:00,6014.15,6059.18,6006.3,6053.63,2095688391
2022-09-12 12:00:00,6053.63,6072.31,6024.9,6055.02,2214673821
2022-09-13 08:00:00,6049.52,6059.42,6023.56,6043.67,1523664447
2022-09-13 12:00:00,6043.67,6096.22,6040.11,6069.21,1619873244
2022-09-14 08:00:00,6066.45,6089.94,6041.24,6058.58,835541012
2022-09-14 12:00:00,6058.58,6065.29,5951.75,6016.3,871885007
2022-09-15 08:00:00,6021.66,6034.74,5989.76,6033.62,1215507423
2022-09-15 12:00:00,6033.62,6034.12,5963.48,5997.05,1278532937
2022-09-16 08:00:00,6003.56,6030.95,5999.11,6017.99,1210445027
2022-09-16 12:00:00,6017.99,6102.66,6016.29,6085.65,1203739461
2022-09-19 08:00:00,6080.17,6089.87,6050.27,6061.95,1177010062
2022-09-19 12:00:00,6061.95,6078.49,6005.1,6040.5,1348410299
2022-09-20 08:00:00,6054.38,6082.83,6005.85,6029.29,1541956694
2022-09-20 12:00:00,6029.29,6068.54,5973.51,6066.33,1769066683
2022-09-21 08:00:00,6051.11,6103.65,6048.05,6103.03,1802105257
2022-09-21 12:00:00,6103.03,6138.68,6055.28,6071.47,1918951914
2022-09-22 08:00:00,6052.68,6061.39,6030.3,6046.84,1385618446
2022-09-22 12:00:00,6046.84,6063.84,5998.99,6026.87,1473382497
2022-09-23 08:00:00,6014.6,6059.28,6013.24,6032.16,2136997245
2022-09-23 12:00:00,6032.16,6074.03,6015.08,6059.27,2360981414
2022-09-26 08:00:00,6095.3,6101.29,6057.22,6070.25,1632805111
2022-09-26 12:00:00,6070.25,6088.27,6014.93,6044.12,1696961649
2022-09-27 08:00:00,6037.31,6074.98,6017.21,6018.62,3129628622
2022-09-27 12:00:00,6018.62,6033.11,5980.93,5984.85,3548415324
2022-09-28 08:00:00,5956.2,6044.83,5955.04,6024.77,2020933250
2022-09-28 12:00:00,6024.77,6063.64,6013.29,6054.44,2269903434
2022-09-29 08:00:00,6067.75,6132.15,6063.84,6122.08,2665396121
2022-09-29 12:00:00,6122.08,6172.14,6104.82,6139.49,2726811149
2022-09-30 08:00:00,6147.89,6155.33,6107.36,6137.17,2587108884
2022-09-30 12:00:00,6137.17,6178.17,6132.32,6175.44,2488431184
2022-10-03 08:00:00,6196.67,6219.17,6157.22,6177.84,1424720034
2022-10-03 12:00:00,6177.84,6206.62,6166.16,6191.85,1605245995
2022-10-04 08:00:00,6214.74,6215.02,6148.12,6187.06,2547210098
2022-10-04 12:00:00,6187.06,6266.3,6163.38,6241.01,2477910106
2022-10-05 08:00:00,6236.56,6305.58,6233.72,6284.94,1961552621
2022-10-05 12:00:00,6284.94,6309.33,6243.31,6298.12,1991226854
2022-10-06 08:00:00,6292.31,6330.58,6255.11,6320.66,1360163517
2022-10-06 12:00:00,6320.66,6359.38,6287.09,6306.62,1488425734
2022-10-07 08:00:00,6325.81,6375.57,6286.62,6369.39,1499680140
2022-10-07 12:00:00,6369.39,6416.29,6347.36,6397.95,1429944802
2022-10-10 08:00:00,6374.91,6406.93,6337.05,6399.47,2465349143
2022-10-10 12:00:00,6399.47,6426.51,6366.85,6423.7,2623578517
2022-10-11 08:00:00,6426.71,6468.94,6414.98,6453.14,1899883929
2022-10-11 12:00:00,6453.14,6458.74,6394.5,6427.18,1959064229
2022-10-12 08:00:00,6428.64,6491.52,6416.85,6436.18,1978501717
2022-10-12 12:00:00,6436.18,6504.23,6420.85,6487.89,2190378096
2022-10-13 08:00:00,6487.53,6524.69,6461.86,6499.15,1306728100
2022-10-13 12:00:00,6499.15,6575.74,6492.35,6551.23,1498954124
2022-10-14 08:00:00,6553.23,6598.37,6550.04,6590.3,1418421278
2022-10-14 12:00:00,6590.3,6715.35,6581.63,6669.61,1439475635
2022-10-17 08:00:00,6666.25,6712.22,6660.85,6697.75,2370191297
2022-10-17 12:00:00,6697.75,6705.72,6650.94,6694.0,2854035307
2022-10-18 08:00:00,6701.29,6738.79,6661.53,6706.13,1437858314
2022-10-18 12:00:00,6706.13,6733.81,6679.65,6681.34,1563651751
2022-10-19 08:00:00,6683.86,6708.95,6664.82,6670.01,1940919528
2022-10-19 12:00:00,6670.01,6722.89,6658.04,6684.66,2206922795
2022-10-20 08:00:00,6726.01,6744.96,6668.31,6677.17,1597799661
2022-10-20 12:00:00,6677.17,6725.32,6669.7,6716.23,1863420918
2022-10-21 08:00:00,6694.52,6722.61,6680.03,6712.05,1335052936
2022-10-21 12:00:00,6712.05,6757.44,6702.67,6742.89,1582781912
2022-10-24 08:00:00,6749.73,6790.23,6730.52,6778.19,1913971726
2022-10-24 12:00:00,6778.19,6797.43,6683.03,6722.13,2085017629
2022-10-25 08:00:00,6728.61,6748.68,6708.37,6709.38,1822490759
2022-10-25 12:00:00,6709.38,6741.58,6656.42,6677.15,2093857360
2022-10-26 08:00:00,6683.77,6693.97,6598.05,6629.28,1205199087
2022-10-26 12:00:00,6629.28,6694.09,6606.41,6669.04,1350172590
2022-10-27 08:00:00,6685.78,6721.46,6663.29,6695.97,2374599855
2022-10-27 12:00:00,6695.97,6712.56,6641.97,6671.78,2739817451
2022-10-28 08:00:00,6649.49,6652.12,6576.79,6631.6,1414645490
2022-10-28 12:00:00,6631.6,6649.61,6573.28,6575.74,1558000889
2022-10-31 08:00:00,6591.63,6628.54,6566.73,6623.32,2296205634
2022-10-31 12:00:00,6623.32,6666.81,6608.08,6649.38,2205436465
2022-11-01 08:00:00,6642.15,6643.58,6580.77,6594.46,1356663596
2022-11-01 12:00:00,6594.46,6644.46,6542.37,6550.15,1518325694
2022-11-02 08:00:00,6527.82,6544.03,6460.9,6492.78,1380650056
2022-11-02 12:00:00,6492.78,6509.91,6458.54,6466.15,1598636418
2022-11-03 08:00:00,6466.97,6483.49,6444.85,6472.64,1434826497
2022-11-03 12:00:00,6472.64,6521.19,6444.06,6449.28,1558233743
2022-11-04 08:00:00,6434.74,6462.23,6391.06,6410.08,2623097250
2022-11-04 12:00:00,6410.08,6423.06,6327.72,6422.36,2975810225
2022-11-07 08:00:00,6459.22,6470.77,6426.47,6427.66,1815777339
2022-11-07 12:00:00,6427.66,6454.02,6372.35,6410.74,1890564900
2022-11-08 08:00:00,6407.07,6470.26,6405.47,6465.33,2374852047
2022-11-08 12:00:00,6465.33,6538.05,6456.1,6522.72,2383345379
2022-11-09 08:00:00,6515.03,6577.83,6495.6,6545.14,2214658346
2022-11-09 12:00:00,6545.14,6596.48,6519.39,6557.69,2240092023
2022-11-10 08:00:00,6552.28,6622.48,6541.21,6599.74,2132308234
2022-11-10 12:00:00,6599.74,6614.98,6529.23,6531.74,2278053262
2022-11-11 08:00:00,6538.03,6570.71,6529.07,6554.89,1703183550
2022-11-11 12:00:00,6554.89,6583.84,6522.57,6560.34,2057401113
2022-11-14 08:00:00,6541.49,6563.95,6513.92,6560.39,1971750200
2022-11-14 12:00:00,6560.39,6563.74,6491.77,6521.95,2121420860
2022-11-15 08:00:00,6510.93,6537.84,6489.81,6501.98,1253551134
2022-11-15 12:00:00,6501.98,6580.19,6488.71,6535.04,1440547741
2022-11-16 08:00:00,6543.61,6554.26,6516.06,6530.99,885997581
2022-11-16 12:00:00,6530.99,6549.99,6481.02,6534.47,1021210534
2022-11-17 08:00:00,6535.63,6573.04,6527.27,6572.03,953905824
2022-11-17 12:00:00,6572.03,6580.3,6483.48,6491.4,995244503
2022-11-18 08:00:00,6508.68,6524.77,6479.15,6495.06,2029667075
2022-11-18 12:00:00,6495.06,6518.47,6466.72,6486.9,1973517623
2022-11-21 08:00:00,6478.52,6532.25,6474.93,6479.35,1961757378
2022-11-21 12:00:00,6479.35,6587.4,6471.15,6546.04,2211116151
2022-11-22 08:00:00,6551.12,6586.16,6521.97,6584.63,979719413
2022-11-22 12:00:00,6584.63,6608.63,6546.66,6576.72,1156041596
2022-11-23 08:00:00,6587.93,6610.33,6558.85,6571.42,1726064114
2022-11-23 12:00:00,6571.42,6689.46,6562.64,6687.57,1872252382
2022-11-25 08:00:00,6708.87,6742.47,6690.62,6694.65,1442602656
2022-11-25 12:00:00,6694.65,6695.84,6615.41,6630.63,1596595151
2022-11-28 08:00:00,6628.74,6659.09,6611.27,6652.29,2360717350
2022-11-28 12:00:00,6652.29,6718.71,6637.47,6684.11,2647201663
2022-11-29 08:00:00,6676.06,6688.92,6643.45,6679.81,1443915962
2022-11-29 12:00:00,6679.81,6680.71,6620.03,6651.79,1499384995
2022-11-30 08:00:00,6660.67,6726.14,6658.17,6724.0,1347569591
2022-11-30 12:00:00,6724.0,6769.76,6700.12,6753.2,1540658828
2022-12-01 08:00:00,6726.51,6729.59,6650.89,6668.61,2681765388
2022-12-01 12:00:00,6668.61,6686.53,6609.32,6628.28,2829240335
2022-12-02 08:00:00,6642.86,6687.19,6630.28,6675.26,1382125077
2022-12-02 12:00:00,6675.26,6732.27,6668.97,6703.83,1453424819
2022-12-05 08:00:00,6703.87,6785.28,6700.05,6758.11,1680449507
2022-12-05 12:00:00,6758.11,6811.35,6735.0,6770.84,1920538414
2022-12-06 08:00:00,6816.48,6851.77,6794.09,6827.48,1725047080
2022-12-06 12:00:00,6827.48,6852.67,6763.32,6844.95,1663560350
2022-12-07 08:00:00,6853.81,6861.74,6810.3,6844.11,2117767164
2022-12-07 12:00:00,6844.11,6935.19,6842.88,6900.42,2309331182
2022-12-08 08:00:00,6906.19,6910.37,6826.19,6829.01,1102247715
2022-12-08 12:00:00,6829.01,6849.7,6774.92,6822.67,1229645402
2022-12-09 08:00:00,6833.35,6871.79,6823.2,6869.96,1320871095
2022-12-09 12:00:00,6869.96,6929.81,6843.05,6916.44,1337289019
2022-12-12 08:00:00,6927.8,6947.73,6897.89,6899.97,3148839928
2022-12-12 12:00:00,6899.97,6902.29,6798.3,6804.69,3281209169
2022-12-13 08:00:00,6796.14,6834.11,6773.75,6826.57,1427855792
2022-12-13 12:00:00,6826.57,6873.57,6804.44,6869.45,1407627232
2022-12-14 08:00:00,6866.46,6888.43,6848.98,6863.56,2097640020
2022-12-14 12:00:00,6863.56,6877.15,6809.8,6826.89,2189424410
2022-12-15 08:00:00,6824.07,6825.47,6722.75,6725.83,1893754122
2022-12-15 12:00:00,6725.83,6745.88,6690.58,6705.23,1867543622
2022-12-16 08:00:00,6685.18,6685.34,6637.23,6670.23,1381481875
2022-12-16 12:00:00,6670.23,6736.51,6659.36,6735.22,1522356586
2022-12-19 08:00:00,6741.88,6791.82,6726.97,6773.63,1319719868
2022-12-19 12:00:00,6773.63,6915.06,6772.79,6896.89,1316608833
2022-12-20 08:00:00,6916.18,6936.58,6903.78,6919.82,1057676848
2022-12-20 12:00:00,6919.82,6989.69,6825.33,6860.56,1178016769
2022-12-21 08:00:00,6868.03,6879.73,6838.96,6877.93,2382932445
2022-12-21 12:00:00,6877.93,6883.57,6823.25,6835.32,2523325183
2022-12-22 08:00:00,6849.39,6850.74,6805.0,6815.17,1224440611
2022-12-22 12:00:00,6815.17,6865.32,6783.67,6851.6,1291572812
2022-12-23 08:00:00,6857.3,6908.21,6840.44,6899.52,1904822114
2022-12-23 12:00:00,6899.52,6909.51,6843.4,6860.22,1916781517
2022-12-27 08:00:00,6859.09,6898.74,6824.06,6874.12,2573783945
2022-12-27 12:00:00,6874.12,6907.35,6837.6,6851.31,3091496164
2022-12-28 08:00:00,6844.36,6875.77,6800.91,6820.69,1438131235
2022-12-28 12:00:00,6820.69,6837.3,6751.17,6757.01,1691572715
2022-12-29 08:00:00,6709.66,6730.97,6654.39,6675.57,1329717225
2022-12-29 12:00:00,6675.57,6689.87,6607.09,6644.77,1427365584
2022-12-30 08:00:00,6647.08,6649.34,6589.73,6607.91,1345786230
2022-12-30 12:00:00,6607.91,6661.54,6587.89,6613.2,1626298182
2023-01-03 08:00:00,6616.24,6624.05,6578.6,6599.12,1631129466
2023-01-03 12:00:00,6599.12,6625.12,6524.12,6610.25,1797407372
2023-01-04 08:00:00,6622.57,6644.62,6585.95,6595.79,1889505364
2023-01-04 12:00:00,6595.79,6627.39,6577.33,6594.95,1907053133
2023-01-05 08:00:00,6597.56,6616.42,6570.47,6614.07,1734483587
2023-01-05 12:00:00,6614.07,6670.97,6576.97,6654.14,1988753604
2023-01-06 08:00:00,6662.54,6674.0,6631.0,6639.38,1603631970
2023-01-06 12:00:00,6639.38,6672.0,6617.87,6645.17,1599992135
2023-01-09 08:00:00,6625.99,6661.03,6605.43,6636.68,1137081871
2023-01-09 12:00:00,6636.68,6722.5,6629.12,6698.53,1464180077
2023-01-10 08:00:00,6690.89,6715.74,6639.49,6669.91,1798474066
2023-01-10 12:00:00,6669.91,6755.86,6659.88,6724.1,1803356855
2023-01-11 08:00:00,6729.4,6742.37,6711.12,6725.01,1222772412
2023-01-11 12:00:00,6725.01,6769.54,6716.3,6753.52,1308407776
2023-01-12 08:00:00,6755.47,6798.2,6748.63,6760.02,3667954076
2023-01-12 12:00:00,6760.02,6761.81,6649.8,6692.55,3520411344
2023-01-13 08:00:00,6666.02,6728.03,6648.91,6721.91,1871858262
2023-01-13 12:00:00,6721.91,6779.75,6718.45,6768.94,2019351113
2023-01-17 08:00:00,6793.21,6803.97,6724.4,6761.16,2733549393
2023-01-17 12:00:00,6761.16,6775.35,6690.61,6703.01,3174602022
2023-01-18 08:00:00,6689.46,6730.81,6681.16,6705.99,1668022970
2023-01-18 12:00:00,6705.99,6812.41,6699.94,6800.42,1845074275
2023-01-19 08:00:00,6820.38,6852.7,6794.6,6837.82,1981967292
2023-01-19 12:00:00,6837.82,6862.0,6789.01,6837.04,2200694824
2023-01-20 08:00:00,6827.93,6843.78,6799.47,6811.43,1708716001
2023-01-20 12:00:00,6811.43,6816.25,6769.99,6780.37,1751490452
2023-01-23 08:00:00,6774.24,6835.53,6634.88,6703.17,2491349699
2023-01-23 12:00:00,6703.17,6747.48,6699.01,6724.67,2758808059
2023-01-24 08:00:00,6720.06,6722.99,6642.58,6645.69,1433886383
2023-01-24 12:00:00,6645.69,6674.34,6605.75,6662.37,1693727045
2023-01-25 08:00:00,6652.46,6668.82,6618.33,6638.83,2026639545
2023-01-25 12:00:00,6638.83,6668.37,6605.09,6667.96,2181437655
2023-01-26 08:00:00,6661.93,6686.9,6617.51,6619.11,3006677340
2023-01-26 12:00:00,6619.11,6667.44,6607.33,6629.83,2971684180
2023-01-27 08:00:00,6629.06,6644.9,6587.36,6603.66,1095943115
2023-01-27 12:00:00,6603.66,6628.66,6542.65,6547.87,1143566102
2023-01-30 08:00:00,6532.28,6586.11,6523.65,6534.63,1535564864
2023-01-30 12:00:00,6534.63,6604.23,6500.19,6601.05,1534237299
2023-01-31 08:00:00,6584.7,6658.55,6579.18,6650.89,1352272417
2023-01-31 12:00:00,6650.89,6771.19,6646.78,6724.78,1474726861
2023-02-01 08:00:00,6743.31,6755.28,6671.93,6672.08,1061293495
2023-02-01 12:00:00,6672.08,6675.66,6618.35,6664.74,1080623353
2023-02-02 08:00:00,6624.16,6652.84,6615.25,6632.75,1947513947
2023-02-02 12:00:00,6632.75,6675.48,6605.53,6640.05,2269681400
2023-02-03 08:00:00,6649.93,6670.04,6612.72,6647.63,1709187420
2023-02-03 12:00:00,6647.63,6702.55,6595.98,6597.86,1754283520
2023-02-06 08:00:00,6594.31,6686.74,6593.0,6682.79,1749433351
2023-02-06 12:00:00,6682.79,6726.42,6659.75,6697.39,2106840222
2023-02-07 08:00:00,6713.99,6802.05,6712.83,6798.96,2038040493
2023-02-07 12:00:00,6798.96,6826.06,6773.24,6790.85,2142818454
2023-02-08 08:00:00,6772.05,6828.3,6758.93,6774.9,1734132884
2023-02-08 12:00:00,6774.9,6800.78,6695.46,6714.6,1803729596
2023-02-09 08:00:00,6725.72,6735.08,6665.81,6668.17,1883153529
2023-02-09 12:00:00,6668.17,6707.55,6643.9,6689.66,2037750581
2023-02-10 08:00:00,6710.97,6714.92,6661.52,6688.83,1297071914
2023-02-10 12:00:00,6688.83,6752.94,6679.66,6705.09,1419066790
2023-02-13 08:00:00,6724.85,6791.62,6719.84,6760.51,969060457
2023-02-13 12:00:00,6760.51,6794.03,6726.15,6727.94,974303973
2023-02-14 08:00:00,6714.44,6763.11,6699.84,6711.31,2179206655
2023-02-14 12:00:00,6711.31,6734.96,6676.02,6680.22,2328282221
2023-02-15 08:00:00,6651.37,6719.21,6629.77,6713.44,1378851276
2023-02-15 12:00:00,6713.44,6717.44,6658.17,6659.59,1514135367
2023-02-16 08:00:00,6655.78,6704.14,6633.36,6677.68,1323984517
2023-02-16 12:00:00,6677.68,6736.4,6666.55,6680.29,1511863546
2023-02-17 08:00:00,6655.61,6663.58,6588.33,6612.22,1705540091
2023-02-17 12:00:00,6612.22,6706.87,6585.1,6705.11,1813160019
2023-02-21 08:00:00,6700.22,6725.13,6671.85,6683.98,1961191877
2023-02-21 12:00:00,6683.98,6722.7,6643.16,6664.75,2225706956
2023-02-22 08:00:00,6643.62,6651.3,6595.15,6603.8,2253639385
2023-02-22 12:00:00,6603.8,6695.24,6592.63,6683.35,2543643790
2023-02-23 08:00:00,6669.42,6698.77,6665.39,6690.96,2546781203
2023-02-23 12:00:00,6690.96,6731.78,6641.35,6651.81,2842369248
2023-02-24 08:00:00,6665.52,6691.43,6616.95,6654.67,1606238102
2023-02-24 12:00:00,6654.67,6715.68,6629.26,6648.57,1702458496
2023-02-27 08:00:00,6631.72,6642.28,6585.6,6630.71,2741860934
2023-02-27 12:00:00,6630.71,6631.28,6578.74,6620.31,3251836254
2023-02-28 08:00:00,6589.15,6594.94,6521.27,6568.04,1605663909
2023-02-28 12:00:00,6568.04,6617.46,6552.79,6607.88,1890403097
2023-03-01 08:00:00,6630.41,6671.82,6612.53,6652.75,1758482035
2023-03-01 12:00:00,6652.75,6677.79,6627.25,6656.51,2066710069
2023-03-02 08:00:00,6645.71,6680.2,6633.35,6679.41,1831209478
2023-03-02 12:00:00,6679.41,6769.6,6661.81,6741.28,2065466366
2023-03-03 08:00:00,6740.81,6788.19,6731.6,6771.79,1204969011
2023-03-03 12:00:00,6771.79,6779.56,6711.34,6724.61,1182445264
2023-03-06 08:00:00,6715.94,6719.63,6656.54,6664.11,1910754182
2023-03-06 12:00:00,6664.11,6758.36,6654.85,6733.89,2169951641
2023-03-07 08:00:00,6757.98,6828.39,6739.45,6810.38,1780693930
2023-03-07 12:00:00,6810.38,6814.32,6722.89,6773.25,1871269208
2023-03-08 08:00:00,6779.14,6790.58,6694.71,6735.26,1480921673
2023-03-08 12:00:00,6735.26,6736.22,6679.05,6713.88,1749775828
2023-03-09 08:00:00,6699.36,6729.75,6659.58,6699.49,1507956448
2023-03-09 12:00:00,6699.49,6764.33,6674.69,6757.45,1716520457
2023-03-10 08:00:00,6781.52,6810.83,6752.58,6765.08,1902327226
2023-03-10 12:00:00,6765.08,6848.39,6754.79,6818.64,2077996727
2023-03-13 08:00:00,6831.12,6835.21,6742.55,6765.61,1825650741
2023-03-13 12:00:00,6765.61,6766.8,6674.52,6694.46,1941024641
2023-03-14 08:00:00,6690.15,6727.99,6684.29,6692.38,1671456974
2023-03-14 12:00:00,6692.38,6705.2,6629.25,6683.2,1805803733
2023-03-15 08:00:00,6709.18,6724.84,6684.49,6694.96,1948717116
2023-03-15 12:00:00,6694.96,6828.74,6691.34,6828.57,2186748873
2023-03-16 08:00:00,6860.59,6894.51,6790.87,6821.24,1682047274
2023-03-16 12:00:00,6821.24,6874.15,6792.36,6843.38,1699714372
2023-03-17 08:00:00,6850.49,6865.64,6816.64,6838.79,2348042308
2023-03-17 12:00:00,6838.79,6865.83,6802.88,6818.43,2909520829
2023-03-20 08:00:00,6829.7,6835.82,6760.64,6761.97,2478259120
2023-03-20 12:00:00,6761.97,6771.14,6662.57,6664.61,2782997043
2023-03-21 08:00:00,6689.23,6696.02,6651.29,6655.54,1365551286
2023-03-21 12:00:00,6655.54,6720.03,6650.33,6708.4,1627086060
2023-03-22 08:00:00,6686.62,6697.18,6651.99,6676.66,2915608586
2023-03-22 12:00:00,6676.66,6684.19,6512.63,6532.05,2928214112
2023-03-23 08:00:00,6517.82,6526.21,6419.79,6458.37,1912139252
2023-03-23 12:00:00,6458.37,6459.98,6347.4,6363.16,1956116525
2023-03-24 08:00:00,6365.18,6379.44,6326.98,6328.26,2420238363
2023-03-24 12:00:00,6328.26,6372.87,6301.27,6341.96,2743511544
2023-03-27 08:00:00,6356.93,6357.72,6317.84,6321.71,1534481417
2023-03-27 12:00:00,6321.71,6386.15,6320.47,6366.28,1614946304
2023-03-28 08:00:00,6388.01,6453.51,6381.12,6418.51,2497836035
2023-03-28 12:00:00,6418.51,6482.57,6400.34,6473.58,2374225371
2023-03-29 08:00:00,6489.64,6530.17,6479.02,6510.48,2144975707
2023-03-29 12:00:00,6510.48,6510.79,6436.07,6453.19,2230861727
2023-03-30 08:00:00,6473.05,6510.41,6444.64,6461.62,1288069023
2023-03-30 12:00:00,6461.62,6471.88,6411.95,6437.42,1290581251
2023-03-31 08:00:00,6438.46,6515.27,6430.87,6481.03,2494013417
2023-03-31 12:00:00,6481.03,6532.65,6414.95,6419.43,2770791157
2023-04-03 08:00:00,6435.94,6454.75,6371.38,6382.88,2946616604
2023-04-03 12:00:00,6382.88,6428.11,6381.42,6409.49,3379311566
2023-04-04 08:00:00,6409.28,6437.39,6393.24,6418.82,2328830567
2023-04-04 12:00:00,6418.82,6451.16,6378.53,6414.62,2668535488
2023-04-05 08:00:00,6407.97,6410.36,6344.4,6355.52,2744926788
2023-04-05 12:00:00,6355.52,6388.31,6342.95,6343.02,2746926418
2023-04-06 08:00:00,6322.77,6367.53,6309.25,6339.85,1614634737
2023-04-06 12:00:00,6339.85,6351.03,6288.35,6340.81,1718591381
2023-04-10 08:00:00,6367.92,6412.75,6359.31,6381.1,1455119818
2023-04-10 12:00:00,6381.1,6459.8,6356.99,6367.41,1682540100
2023-04-11 08:00:00,6358.36,6422.25,6355.23,6400.76,1795405575
2023-04-11 12:00:00,6400.76,6423.29,6362.36,6412.7,1996552262
2023-04-12 08:00:00,6405.5,6457.41,6401.99,6425.67,2641592757
2023-04-12 12:00:00,6425.67,6439.6,6363.4,6369.98,2919642641
2023-04-13 08:00:00,6342.92,6350.67,6310.79,6344.17,1919533138
2023-04-13 12:00:00,6344.17,6352.25,6174.24,6201.88,1913218476
2023-04-14 08:00:00,6205.49,6250.52,6193.47,6243.0,1951594289
2023-04-14 12:00:00,6243.0,6254.8,6182.81,6226.89,2056318348
2023-04-17 08:00:00,6237.14,6253.87,6188.57,6194.59,1701399835
2023-04-17 12:00:00,6194.59,6335.03,6192.48,6306.62,1634641239
2023-04-18 08:00:00,6301.07,6302.69,6237.94,6283.94,1936156815
2023-04-18 12:00:00,6283.94,6303.08,6173.07,6185.16,1964646882
2023-04-19 08:00:00,6202.34,6251.76,6173.56,6220.26,1086942408
2023-04-19 12:00:00,6220.26,6259.19,6197.9,6214.44,1262806758
2023-04-20 08:00:00,6237.21,6239.48,6186.37,6217.36,2035977545
2023-04-20 12:00:00,6217.36,6275.77,6212.57,6270.89,1960701249
2023-04-21 08:00:00,6249.8,6268.56,6172.54,6191.89,1736743260
2023-04-21 12:00:00,6191.89,6209.17,6147.89,6206.25,1848793921
2023-04-24 08:00:00,6196.95,6212.39,6146.36,6153.43,1822504170
2023-04-24 12:00:00,6153.43,6158.81,5995.75,6064.3,2023802214
2023-04-25 08:00:00,6076.34,6079.53,5994.31,6006.82,1547390135
2023-04-25 12:00:00,6006.82,6055.87,5893.32,5976.88,1534294537
2023-04-26 08:00:00,5937.81,5954.0,5908.45,5922.26,1523480133
2023-04-26 12:00:00,5922.26,6014.97,5906.15,6010.53,1626071009
2023-04-27 08:00:00,5992.0,5994.53,5928.74,5950.01,1230875625
2023-04-27 12:00:00,5950.01,5960.63,5897.74,5943.37,1300764282
2023-04-28 08:00:00,5915.81,5964.92,5906.8,5938.69,1755317197
2023-04-28 12:00:00,5938.69,5982.35,5915.84,5955.38,1846420260
2023-05-01 08:00:00,5949.65,5956.55,5905.65,5917.69,1897372282
2023-05-01 12:00:00,5917.69,5946.87,5895.48,5941.18,2026934837
2023-05-02 08:00:00,5967.17,5983.14,5932.97,5941.18,1798061184
2023-05-02 12:00:00,5941.18,5973.38,5917.26,5957.94,2210276594
2023-05-03 08:00:00,5972.33,6003.79,5957.82,5985.1,911055886
2023-05-03 12:00:00,5985.1,6031.65,5967.93,6013.42,953862349
2023-05-04 08:00:00,5986.29,6032.03,5973.98,5984.94,2333740003
2023-05-04 12:00:00,5984.94,5988.05,5882.64,5885.12,2439177500
2023-05-05 08:00:00,5907.46,5936.82,5887.95,5906.88,1518877336
2023-05-05 12:00:00,5906.88,5921.88,5819.89,5826.62,1531848177
2023-05-08 08:00:00,5821.89,5829.71,5705.36,5709.43,1254112352
2023-05-08 12:00:00,5709.43,5725.72,5676.14,5717.03,1449154041
2023-05-09 08:00:00,5698.78,5707.41,5662.32,5668.73,2214957862
2023-05-09 12:00:00,5668.73,5715.15,5648.75,5691.31,2282502643
2023-05-10 08:00:00,5674.21,5692.8,5663.36,5691.85,1326858172
2023-05-10 12:00:00,5691.85,5743.68,5684.33,5710.29,1477989280
2023-05-11 08:00:00,5713.8,5741.16,5713.18,5730.4,2809467540
2023-05-11 12:00:00,5730.4,5752.43,5691.23,5719.24,2911117198
2023-05-12 08:00:00,5712.69,5753.77,5712.53,5748.64,2123703499
2023-05-12 12:00:00,5748.64,5756.37,5715.11,5752.34,1999140748
2023-05-15 08:00:00,5758.63,5799.66,5755.84,5790.41,1380273783
2023-05-15 12:00:00,5790.41,5795.63,5732.79,5782.8,1567900008
2023-05-16 08:00:00,5781.12,5827.99,5777.86,5825.62,1491961760
2023-05-16 12:00:00,5825.62,5888.89,5821.88,5883.57,1471263040
2023-05-17 08:00:00,5892.21,5907.73,5865.19,5891.18,1198240472
2023-05-17 12:00:00,5891.18,5920.91,5870.97,5888.52,1440300143
2023-05-18 08:00:00,5939.78,6015.16,5938.54,6011.12,1362251533
2023-05-18 12:00:00,6011.12,6049.69,5982.79,5989.31,1579226414
2023-05-19 08:00:00,5979.9,6041.92,5973.97,5975.06,1580781349
2023-05-19 12:00:00,5975.06,5976.87,5877.1,5887.48,1764278918
2023-05-22 08:00:00,5875.13,5891.69,5848.03,5862.99,1218425401
2023-05-22 12:00:00,5862.99,5902.56,5858.44,5889.06,1321298600
2023-05-23 08:00:00,5865.54,5900.24,5863.2,5869.28,1483612421
2023-05-23 12:00:00,5869.28,5921.22,5851.66,5895.4,1744714112
2023-05-24 08:00:00,5887.57,5910.19,5880.85,5896.77,1830008632
2023-05-24 12:00:00,5896.77,5899.23,5809.14,5837.92,1884728809
2023-05-25 08:00:00,5866.26,5888.46,5848.05,5867.09,1069497330
2023-05-25 12:00:00,5867.09,6028.05,5849.01,6016.6,1230082670
2023-05-26 08:00:00,6024.68,6025.73,5966.89,5969.44,1055000151
2023-05-26 12:00:00,5969.44,5970.75,5862.81,5924.6,1160678245
2023-05-30 08:00:00,5943.83,5944.08,5892.86,5904.39,1044470660
2023-05-30 12:00:00,5904.39,5968.32,5883.91,5943.2,1086426182
2023-05-31 08:00:00,5901.03,5914.45,5861.07,5864.05,1916748291
2023-05-31 12:00:00,5864.05,5904.74,5827.07,5864.26,2001108463
2023-06-01 08:00:00,5840.17,5911.32,5838.71,5892.01,2925623988
2023-06-01 12:00:00,5892.01,5899.61,5842.76,5844.17,3153852093
2023-06-02 08:00:00,5871.98,5950.13,5871.24,5942.75,1750591783
2023-06-02 12:00:00,5942.75,5951.65,5904.19,5923.66,2046695606
2023-06-05 08:00:00,5899.9,5927.44,5882.9,5886.8,852620629
2023-06-05 12:00:00,5886.8,5935.04,5877.24,5920.12,990608975
2023-06-06 08:00:00,5918.47,5936.41,5884.39,5920.63,1936203582
2023-06-06 12:00:00,5920.63,6001.99,5897.47,5993.9,2046826730
2023-06-07 08:00:00,6021.21,6049.58,6014.74,6033.3,1128653805
2023-06-07 12:00:00,6033.3,6045.57,5977.09,6037.66,1215375526
2023-06-08 08:00:00,6061.97,6075.67,6042.12,6061.17,1685862833
2023-06-08 12:00:00,6061.17,6115.52,6054.43,6066.86,1825868433
2023-06-09 08:00:00,6072.19,6146.31,6060.27,6124.94,2036682907
2023-06-09 12:00:00,6124.94,6146.16,6077.83,6080.86,2175267714
2023-06-12 08:00:00,6074.11,6075.38,6029.18,6046.34,1081494688
2023-06-12 12:00:00,6046.34,6107.26,6018.93,6022.34,1266128462
2023-06-13 08:00:00,5992.91,6048.13,5990.98,6047.08,2395330213
2023-06-13 12:00:00,6047.08,6071.63,5985.19,5987.8,2762072137
2023-06-14 08:00:00,5972.13,6065.06,5972.05,6055.39,1701562943
2023-06-14 12:00:00,6055.39,6077.25,6027.79,6033.56,1710441310
2023-06-15 08:00:00,6031.51,6063.45,6026.92,6042.85,1334812760
2023-06-15 12:00:00,6042.85,6051.23,5977.01,5983.61,1326216607
2023-06-16 08:00:00,5991.39,6023.85,5980.11,6007.67,2838437379
2023-06-16 12:00:00,6007.67,6031.0,5937.95,5950.23,3225323955
2023-06-20 08:00:00,5956.14,5998.4,5938.11,5980.7,1748490055
2023-06-20 12:00:00,5980.7,6046.71,5961.77,6030.42,1864788592
2023-06-21 08:00:00,5999.54,6022.27,5981.1,6020.71,1988429155
2023-06-21 12:00:00,6020.71,6060.85,5995.17,6059.33,2106474854
2023-06-22 08:00:00,6045.36,6080.84,6042.53,6063.88,1648315138
2023-06-22 12:00:00,6063.88,6070.85,6009.2,6051.64,1915252706
2023-06-23 08:00:00,6069.94,6102.26,6058.54,6063.63,1851925157
2023-06-23 12:00:00,6063.63,6110.57,6024.11,6038.99,2272795173
2023-06-26 08:00:00,6064.85,6086.73,6017.64,6032.29,2024988895
2023-06-26 12:00:00,6032.29,6062.97,6003.93,6014.15,2284385353
2023-06-27 08:00:00,6014.28,6034.46,5981.88,5991.39,1513371614
2023-06-27 12:00:00,5991.39,6028.31,5963.19,5980.5,1638706681
2023-06-28 08:00:00,5980.5,6057.47,5971.69,6054.62,1599043422
2023-06-28 12:00:00,6054.62,6087.89,6042.85,6059.14,1700568372
2023-06-29 08:00:00,6055.96,6093.42,6054.81,6092.13,2068759114
2023-06-29 12:00:00,6092.13,6099.99,6029.63,6032.45,2125749372
2023-06-30 08:00:00,6024.56,6062.38,6001.88,6050.38,2416212800
2023-06-30 12:00:00,6050.38,6091.2,6030.16,6037.33,2773528512
2023-07-03 08:00:00,6048.37,6055.64,5976.28,6010.86,1180432227
2023-07-03 12:00:00,6010.86,6077.04,6003.62,6052.86,1286221001
2023-07-05 08:00:00,6038.3,6040.72,5995.48,6035.2,2367899433
2023-07-05 12:00:00,6035.2,6098.11,6032.82,6077.09,2638099778
2023-07-06 08:00:00,6087.52,6154.18,6083.14,6135.5,1484415461
2023-07-06 12:00:00,6135.5,6168.07,6117.54,6129.96,1680529594
2023-07-07 08:00:00,6150.57,6232.61,6147.79,6226.24,995633886
2023-07-07 12:00:00,6226.24,6235.96,6179.6,6216.06,1130067875
2023-07-10 08:00:00,6224.43,6238.35,6201.68,6214.35,1849380434
2023-07-10 12:00:00,6214.35,6234.52,6152.97,6154.3,2032973503
2023-07-11 08:00:00,6147.32,6154.29,6103.71,6131.3,927060495
2023-07-11 12:00:00,6131.3,6210.55,6107.12,6117.09,1089647715
2023-07-12 08:00:00,6097.97,6183.55,6088.67,6156.15,2052708161
2023-07-12 12:00:00,6156.15,6205.28,6119.65,6203.05,2073141910
2023-07-13 08:00:00,6159.23,6191.78,6134.83,6184.88,2279523280
2023-07-13 12:00:00,6184.88,6238.14,6167.8,6211.4,2759403814
2023-07-14 08:00:00,6247.07,6290.89,6238.97,6288.16,1526168951
2023-07-14 12:00:00,6288.16,6318.58,6235.22,6310.51,1574694001
2023-07-17 08:00:00,6320.95,6340.57,6305.09,6324.68,2529820484
2023-07-17 12:00:00,6324.68,6337.65,6241.84,6259.57,2539809641
2023-07-18 08:00:00,6212.03,6261.37,6190.98,6245.01,1557400412
2023-07-18 12:00:00,6245.01,6293.38,6118.77,6184.91,1672037841
2023-07-19 08:00:00,6151.77,6153.65,5986.69,6011.56,1081107298
2023-07-19 12:00:00,6011.56,6032.38,5955.11,6016.76,1063197582
2023-07-20 08:00:00,5983.04,6014.63,5910.35,5978.24,2392244857
2023-07-20 12:00:00,5978.24,6089.09,5908.11,6065.9,2424989789
2023-07-21 08:00:00,6069.93,6096.7,5969.55,6021.37,1880673249
2023-07-21 12:00:00,6021.37,6044.96,5884.3,5948.04,2027983535
2023-07-24 08:00:00,5939.43,5977.13,5862.02,5917.78,2369482182
2023-07-24 12:00:00,5917.78,5940.16,5701.39,5703.5,2216554347
2023-07-25 08:00:00,5651.55,5659.27,5488.86,5509.72,1029464861
2023-07-25 12:00:00,5509.72,5700.54,5487.05,5693.6,1230588079
2023-07-26 08:00:00,5734.24,5781.04,5662.87,5767.74,2669153921
2023-07-26 12:00:00,5767.74,5885.25,5724.84,5880.4,2852175452
2023-07-27 08:00:00,5852.42,5863.63,5774.7,5814.42,1554103422
2023-07-27 12:00:00,5814.42,5929.46,5735.94,5791.59,1938980505
2023-07-28 08:00:00,5787.96,5797.1,5732.54,5737.61,1464167649
2023-07-28 12:00:00,5737.61,5798.17,5700.73,5722.7,1498603920
2023-07-31 08:00:00,5713.95,5773.33,5701.6,5714.44,2067221484
2023-07-31 12:00:00,5714.44,5726.77,5613.32,5640.45,2102603532
2023-08-01 08:00:00,5621.86,5707.65,5575.45,5665.74,1778661432
2023-08-01 12:00:00,5665.74,5721.13,5586.25,5611.01,1821202872
2023-08-02 08:00:00,5574.62,5611.59,5544.17,5593.94,1077319048
2023-08-02 12:00:00,5593.94,5596.08,5461.07,5482.18,1142469317
2023-08-03 08:00:00,5518.68,5696.15,5491.02,5679.93,1572202005
2023-08-03 12:00:00,5679.93,5707.35,5622.03,5627.53,1649425134
2023-08-04 08:00:00,5636.64,5662.82,5565.4,5588.69,2581489656
2023-08-04 12:00:00,5588.69,5660.08,5582.96,5619.6,2977325513
2023-08-07 08:00:00,5600.03,5642.39,5555.98,5596.87,2472475934
2023-08-07 12:00:00,5596.87,5610.13,5464.83,5484.32,2498013950
2023-08-08 08:00:00,5504.95,5553.57,5360.83,5372.98,1431382678
2023-08-08 12:00:00,5372.98,5517.78,5358.45,5456.93,1667576956
2023-08-09 08:00:00,5479.52,5591.05,5474.21,5587.92,1844929281
2023-08-09 12:00:00,5587.92,5651.62,5508.29,5551.31,1921402618
2023-08-10 08:00:00,5572.09,5603.31,5528.93,5573.23,1458901055
2023-08-10 12:00:00,5573.23,5603.17,5511.2,5545.76,1442214916
2023-08-11 08:00:00,5539.63,5593.85,5482.54,5589.36,1158332387
2023-08-11 12:00:00,5589.36,5669.92,5532.86,5658.76,1326556436
2023-08-14 08:00:00,5610.6,5658.37,5590.09,5626.3,1791873554
2023-08-14 12:00:00,5626.3,5711.61,5565.02,5566.43,1748978884
2023-08-15 08:00:00,5583.68,5662.45,5524.95,5646.1,1049538150
2023-08-15 12:00:00,5646.1,5702.69,5634.0,5645.52,1121428344
2023-08-16 08:00:00,5661.98,5680.3,5600.16,5603.08,2248248855
2023-08-16 12:00:00,5603.08,5607.76,5488.15,5502.59,2393124428
2023-08-17 08:00:00,5466.97,5538.04,5449.14,5494.29,2017354197
2023-08-17 12:00:00,5494.29,5510.62,5291.13,5316.76,2078631494
2023-08-18 08:00:00,5369.24,5380.06,5275.05,5298.03,1294888301
2023-08-18 12:00:00,5298.03,5451.37,5287.93,5362.07,1378175448
2023-08-21 08:00:00,5307.75,5423.26,5278.97,5373.91,1498310434
2023-08-21 12:00:00,5373.91,5376.65,5204.0,5232.33,1568308987
2023-08-22 08:00:00,5239.4,5299.46,5186.79,5188.5,1089739581
2023-08-22 12:00:00,5188.5,5273.98,5150.53,5210.48,1197405317
2023-08-23 08:00:00,5155.32,5167.76,5093.61,5145.92,1325238664
2023-08-23 12:00:00,5145.92,5228.92,5125.03,5203.27,1594325513
2023-08-24 08:00:00,5207.91,5248.86,5166.36,5223.68,2184180606
2023-08-24 12:00:00,5223.68,5231.15,5080.89,5102.34,2212058793
2023-08-25 08:00:00,5089.33,5094.11,4995.19,5007.19,1611615803
2023-08-25 12:00:00,5007.19,5058.5,4927.31,5054.18,1609483702
2023-08-28 08:00:00,5081.63,5085.1,4921.14,4938.85,1627864529
2023-08-28 12:00:00,4938.85,4984.71,4809.42,4819.7,1760799394
2023-08-29 08:00:00,4809.22,4816.15,4729.52,4755.64,1630062531
2023-08-29 12:00:00,4755.64,4919.07,4747.28,4896.09,1676481399
2023-08-30 08:00:00,4883.56,4909.03,4784.32,4794.39,2516390697
2023-08-30 12:00:00,4794.39,4850.54,4745.31,4787.69,2592692147
2023-08-31 08:00:00,4808.88,4857.2,4795.66,4829.63,1290014082
2023-08-31 12:00:00,4829.63,4878.59,4756.12,4872.44,1402635597
2023-09-01 08:00:00,4847.91,4934.93,4829.06,4886.85,1517277798
2023-09-01 12:00:00,4886.85,4980.03,4861.83,4954.57,1607315717
2023-09-05 08:00:00,4899.72,4977.53,4899.58,4967.49,1098739590
2023-09-05 12:00:00,4967.49,5104.53,4931.85,5079.42,1315894978
2023-09-06 08:00:00,5097.59,5102.64,5024.67,5063.51,1624509493
2023-09-06 12:00:00,5063.51,5131.4,5047.38,5130.61,1873497157
2023-09-07 08:00:00,5161.39,5172.16,5087.54,5140.37,1218953041
2023-09-07 12:00:00,5140.37,5206.47,5074.71,5109.0,1293650943
2023-09-08 08:00:00,5139.99,5176.71,5125.01,5152.58,1508998200
2023-09-08 12:00:00,5152.58,5171.33,5063.82,5114.06,1731257460
2023-09-11 08:00:00,5130.15,5151.09,5054.65,5094.31,1236877100
2023-09-11 12:00:00,5094.31,5286.84,5033.0,5195.61,1355824410
2023-09-12 08:00:00,5180.69,5189.29,5091.34,5135.92,1752782442
2023-09-12 12:00:00,5135.92,5205.29,5100.61,5133.39,1786081698
2023-09-13 08:00:00,5106.83,5143.93,5006.21,5045.99,1328652805
2023-09-13 12:00:00,5045.99,5153.99,5002.83,5068.72,1534763450
2023-09-14 08:00:00,5073.12,5108.53,5042.2,5046.19,1411677124
2023-09-14 12:00:00,5046.19,5046.55,4916.74,4958.62,1581675094
2023-09-15 08:00:00,4975.02,5010.3,4944.59,5006.81,2520225374
2023-09-15 12:00:00,5006.81,5020.73,4927.88,4976.95,2799715316
2023-09-18 08:00:00,4985.52,5007.71,4915.59,4924.42,1385403930
2023-09-18 12:00:00,4924.42,4951.11,4795.1,4889.9,1467413032
2023-09-19 08:00:00,4898.79,4921.03,4834.22,4899.46,1236889568
2023-09-19 12:00:00,4899.46,4998.68,4880.66,4974.62,1322178544
2023-09-20 08:00:00,5009.71,5075.39,5004.86,5070.12,1574379256
2023-09-20 12:00:00,5070.12,5074.0,4942.68,4998.85,1774307417
2023-09-21 08:00:00,4982.82,5035.71,4977.3,5014.13,1733263320
2023-09-21 12:00:00,5014.13,5062.52,4977.76,5031.51,1899614778
2023-09-22 08:00:00,5007.03,5023.6,4969.54,4978.49,1262615052
2023-09-22 12:00:00,4978.49,4990.85,4864.98,4879.06,1463545019
2023-09-25 08:00:00,4867.01,4929.9,4832.4,4881.5,1991989368
2023-09-25 12:00:00,4881.5,4951.44,4853.06,4911.14,2160071021
2023-09-26 08:00:00,4975.75,5017.93,4945.9,4988.11,2566799124
2023-09-26 12:00:00,4988.11,5002.71,4836.88,4837.33,2750213879
2023-09-27 08:00:00,4824.7,4878.71,4800.96,4845.78,1223292706
2023-09-27 12:00:00,4845.78,4951.18,4778.26,4887.83,1429522933
2023-09-28 08:00:00,4877.18,4915.33,4810.62,4872.29,1736889913
2023-09-28 12:00:00,4872.29,5002.16,4863.92,4960.34,1778620112
2023-09-29 08:00:00,4975.36,5009.34,4926.54,4968.42,1573604953
2023-09-29 12:00:00,4968.42,4975.46,4888.76,4921.4,1770766959
2023-10-02 08:00:00,4941.33,4971.6,4903.36,4922.88,1436051278
2023-10-02 12:00:00,4922.88,5009.04,4861.53,4904.48,1688151887
2023-10-03 08:00:00,4948.64,5022.24,4939.36,4955.31,2037649833
2023-10-03 12:00:00,4955.31,4956.93,4875.98,4904.97,2251404624
2023-10-04 08:00:00,4895.83,4934.93,4867.76,4884.87,2269094501
2023-10-04 12:00:00,4884.87,4914.98,4833.2,4866.77,2548863533
2023-10-05 08:00:00,4844.45,4911.14,4832.66,4902.48,1070410410
2023-10-05 12:00:00,4902.48,4962.98,4894.32,4927.28,1284975196
2023-10-06 08:00:00,4937.12,4977.73,4917.32,4927.39,1844051137
2023-10-06 12:00:00,4927.39,4962.1,4861.04,4884.41,1975579478
2023-10-09 08:00:00,4898.08,4905.67,4824.02,4834.78,2011044118
2023-10-09 12:00:00,4834.78,4918.35,4828.72,4839.32,2216577149
2023-10-10 08:00:00,4821.23,4888.12,4775.83,4873.78,1601748928
2023-10-10 12:00:00,4873.78,4957.78,4847.25,4884.18,1678361989
2023-10-11 08:00:00,4855.59,5054.35,4847.59,5043.37,1570249724
2023-10-11 12:00:00,5043.37,5169.53,5023.47,5131.23,1524971879
2023-10-12 08:00:00,5153.8,5338.66,5146.9,5319.28,1581116314
2023-10-12 12:00:00,5319.28,5320.86,5208.86,5239.57,1686097602
2023-10-13 08:00:00,5216.96,5234.17,5180.34,5209.4,1186853154
2023-10-13 12:00:00,5209.4,5237.52,5136.49,5163.13,1306570413
2023-10-16 08:00:00,5154.1,5212.7,5140.29,5200.65,1931747390
2023-10-16 12:00:00,5200.65,5302.09,5180.54,5299.32,2424417902
2023-10-17 08:00:00,5334.08,5349.53,5205.61,5295.42,1674601176
2023-10-17 12:00:00,5295.42,5319.14,5203.49,5301.83,2035675737
2023-10-18 08:00:00,5269.32,5314.92,5218.05,5303.08,2927744770
2023-10-18 12:00:00,5303.08,5323.79,5226.1,5286.35,2927180460
2023-10-19 08:00:00,5328.48,5333.7,5211.12,5244.86,2313041923
2023-10-19 12:00:00,5244.86,5264.61,5127.26,5157.21,2592757410
2023-10-20 08:00:00,5166.68,5218.06,5144.84,5211.51,1784649459
2023-10-20 12:00:00,5211.51,5230.37,5096.62,5114.66,1948918385
2023-10-23 08:00:00,5125.98,5150.59,5071.43,5113.44,1446966248
2023-10-23 12:00:00,5113.44,5160.01,5045.51,5062.39,1632469997
2023-10-24 08:00:00,5058.58,5108.66,4988.14,4998.04,2518090157
2023-10-24 12:00:00,4998.04,5105.12,4984.69,5066.44,2718903249
2023-10-25 08:00:00,5084.63,5085.54,4962.71,5017.68,1179891383
2023-10-25 12:00:00,5017.68,5073.03,4962.12,5026.75,1177926944
2023-10-26 08:00:00,4999.97,5015.82,4911.11,4916.68,1855969748
2023-10-26 12:00:00,4916.68,5090.78,4895.51,5090.03,2192406342
2023-10-27 08:00:00,5060.06,5114.34,5031.22,5103.62,1551586606
2023-10-27 12:00:00,5103.62,5203.4,5063.72,5180.67,1767454686
2023-10-30 08:00:00,5206.4,5367.77,5196.38,5366.14,1330372808
2023-10-30 12:00:00,5366.14,5369.28,5167.99,5175.75,1413819694
2023-10-31 08:00:00,5167.77,5169.26,5012.99,5017.97,2263650015
2023-10-31 12:00:00,5017.97,5108.03,5001.26,5093.49,2727372431
2023-11-01 08:00:00,5110.49,5154.93,5100.51,5128.71,1623408978
2023-11-01 12:00:00,5128.71,5137.23,4975.25,5092.9,1730024973
2023-11-02 08:00:00,5119.52,5127.53,5071.92,5109.45,1251318519
2023-11-02 12:00:00,5109.45,5136.66,4894.05,4935.47,1312818724
2023-11-03 08:00:00,4941.62,4959.68,4875.13,4904.12,1202994957
2023-11-03 12:00:00,4904.12,4982.12,4862.81,4866.89,1274941221
2023-11-06 08:00:00,4910.98,4937.52,4859.79,4890.15,1263335944
2023-11-06 12:00:00,4890.15,5003.69,4890.04,4937.75,1323035666
2023-11-07 08:00:00,4932.14,5012.97,4929.93,4936.27,1358462432
2023-11-07 12:00:00,4936.27,4954.55,4859.78,4876.34,1474802828
2023-11-08 08:00:00,4886.55,5002.93,4867.19,4971.0,1973198786
2023-11-08 12:00:00,4971.0,5117.29,4937.94,5072.7,2193501379
2023-11-09 08:00:00,5026.2,5069.47,4975.36,5039.27,2175030904
2023-11-09 12:00:00,5039.27,5257.91,5011.43,5230.95,2265857656
2023-11-10 08:00:00,5198.16,5302.22,5189.22,5269.96,1801858702
2023-11-10 12:00:00,5269.96,5361.08,5250.17,5347.6,1993364549
2023-11-13 08:00:00,5316.45,5347.51,5281.37,5307.89,1815181974
2023-11-13 12:00:00,5307.89,5336.0,5245.83,5288.49,1894531395
2023-11-14 08:00:00,5255.16,5299.99,5240.05,5267.35,1459763263
2023-11-14 12:00:00,5267.35,5329.11,5198.89,5200.59,1466962345
2023-11-15 08:00:00,5188.79,5207.28,5065.18,5108.8,970562895
2023-11-15 12:00:00,5108.8,5133.86,4978.0,5058.03,876816169
2023-11-16 08:00:00,5070.26,5118.75,5053.68,5066.56,2535857660
2023-11-16 12:00:00,5066.56,5164.1,5017.98,5149.95,2492491948
2023-11-17 08:00:00,5181.3,5251.07,5132.61,5136.05,1070494338
2023-11-17 12:00:00,5136.05,5149.37,5034.97,5046.24,1198650069
2023-11-20 08:00:00,5019.09,5044.64,4984.14,4996.54,1765814972
2023-11-20 12:00:00,4996.54,5073.61,4969.11,5049.36,1961244893
2023-11-21 08:00:00,5071.33,5193.2,5064.44,5180.72,2448582741
2023-11-21 12:00:00,5180.72,5225.25,5121.13,5177.51,2437312221
2023-11-22 08:00:00,5168.57,5238.77,5129.05,5160.37,2101498288
2023-11-22 12:00:00,5160.37,5199.7,5039.91,5057.13,1946826645
2023-11-24 08:00:00,5083.67,5154.47,5061.83,5120.45,2068590614
2023-11-24 12:00:00,5120.45,5209.47,5115.17,5173.18,2060594797
2023-11-27 08:00:00,5191.41,5267.33,5152.94,5228.97,1932810054
2023-11-27 12:00:00,5228.97,5283.99,5101.84,5129.22,2065190291
2023-11-28 08:00:00,5148.82,5169.11,5114.11,5129.7,1744380209
2023-11-28 12:00:00,5129.7,5133.54,4988.64,5075.06,1836087381
2023-11-29 08:00:00,5068.3,5085.38,4975.38,5043.59,3261835507
2023-11-29 12:00:00,5043.59,5069.4,4951.13,5049.43,3511760901
2023-11-30 08:00:00,5057.91,5131.67,5008.06,5020.9,2154339409
2023-11-30 12:00:00,5020.9,5109.35,5009.65,5045.97,2328657230
2023-12-01 08:00:00,5030.6,5057.93,5001.28,5037.74,2812375197
2023-12-01 12:00:00,5037.74,5116.63,5005.3,5055.52,3014768445
2023-12-04 08:00:00,5058.49,5151.66,5053.51,5081.85,1463819929
2023-12-04 12:00:00,5081.85,5213.59,5048.52,5152.44,1788046438
2023-12-05 08:00:00,5151.22,5171.31,5076.57,5102.31,1206266532
2023-12-05 12:00:00,5102.31,5234.7,5094.35,5099.64,1306218844
2023-12-06 08:00:00,5079.92,5080.68,5025.45,5057.4,1862790694
2023-12-06 12:00:00,5057.4,5155.22,5035.13,5152.93,1884330376
2023-12-07 08:00:00,5167.65,5299.49,5164.7,5274.58,1929442622
2023-12-07 12:00:00,5274.58,5308.65,5175.68,5240.07,2103844149
2023-12-08 08:00:00,5232.04,5266.21,5098.54,5139.26,3501511838
2023-12-08 12:00:00,5139.26,5186.6,5097.37,5127.04,3846695973
2023-12-11 08:00:00,5119.92,5124.63,5043.13,5066.32,1691490046
2023-12-11 12:00:00,5066.32,5067.87,4960.58,4986.17,1873614053
2023-12-12 08:00:00,4976.55,4978.63,4928.13,4970.79,1161923928
2023-12-12 12:00:00,4970.79,4998.12,4879.21,4880.64,1317036439
2023-12-13 08:00:00,4889.27,4904.02,4838.5,4871.36,1100116884
2023-12-13 12:00:00,4871.36,4931.12,4845.36,4887.57,1330302183
2023-12-14 08:00:00,4860.75,4943.47,4854.19,4905.8,1894226903
2023-12-14 12:00:00,4905.8,4912.34,4797.79,4869.77,2050628379
2023-12-15 08:00:00,4811.55,4856.93,4779.16,4816.43,2467678875
2023-12-15 12:00:00,4816.43,4820.38,4692.62,4704.28,2450951587
2023-12-18 08:00:00,4724.85,4770.9,4679.8,4699.84,1303038650
2023-12-18 12:00:00,4699.84,4819.68,4692.21,4810.15,1471650375
2023-12-19 08:00:00,4863.01,4896.81,4785.2,4820.82,744697241
2023-12-19 12:00:00,4820.82,4836.94,4751.97,4777.68,886440453
2023-12-20 08:00:00,4799.11,4884.66,4786.93,4864.65,1980932542
2023-12-20 12:00:00,4864.65,4916.86,4777.49,4778.19,2309341371
2023-12-21 08:00:00,4773.09,4862.79,4750.91,4844.29,737717600
2023-12-21 12:00:00,4844.29,4898.85,4825.29,4889.03,840659589
2023-12-22 08:00:00,4875.53,4893.82,4751.69,4762.85,1042668327
2023-12-22 12:00:00,4762.85,4804.04,4692.29,4697.93,1190818484
2023-12-26 08:00:00,4683.54,4787.39,4677.06,4786.49,2860179432
2023-12-26 12:00:00,4786.49,4842.83,4702.53,4722.07,3051349465
2023-12-27 08:00:00,4717.83,4783.14,4695.63,4769.86,2593783872
2023-12-27 12:00:00,4769.86,4778.88,4579.55,4605.94,2697413384
2023-12-28 08:00:00,4607.29,4620.37,4549.71,4552.53,1085910743
2023-12-28 12:00:00,4552.53,4553.94,4420.71,4425.55,1146799043
2023-12-29 08:00:00,4440.4,4551.2,4402.0,4530.93,1767286574
2023-12-29 12:00:00,4530.93,4531.67,4420.9,4437.74,1842347064
2024-01-02 08:00:00,4441.78,4462.31,4373.68,4391.99,1595082865
2024-01-02 12:00:00,4391.99,4522.2,4390.14,4519.28,1749579681
2024-01-03 08:00:00,4517.4,4563.24,4476.04,4549.33,1260910995
2024-01-03 12:00:00,4549.33,4632.31,4499.25,4615.33,1435251458
2024-01-04 08:00:00,4549.26,4640.14,4546.3,4586.28,4313521001
2024-01-04 12:00:00,4586.28,4586.65,4500.81,4510.05,4604787578
2024-01-05 08:00:00,4526.27,4603.6,4511.49,4573.17,1980052687
2024-01-05 12:00:00,4573.17,4591.34,4483.6,4538.67,2062933681
2024-01-08 08:00:00,4542.12,4590.33,4510.79,4512.26,1585902933
2024-01-08 12:00:00,4512.26,4648.03,4468.48,4642.09,1471547948
2024-01-09 08:00:00,4662.74,4724.4,4576.14,4590.18,1514630140
2024-01-09 12:00:00,4590.18,4724.49,4570.99,4720.21,1673005336
2024-01-10 08:00:00,4743.13,4806.85,4710.67,4795.03,1187826052
2024-01-10 12:00:00,4795.03,4928.08,4780.75,4919.98,1303405408
2024-01-11 08:00:00,4914.26,4943.74,4884.12,4889.99,1854618388
2024-01-11 12:00:00,4889.99,4901.91,4811.66,4839.58,1909173420
2024-01-12 08:00:00,4858.67,4897.07,4764.45,4895.83,1890206078
2024-01-12 12:00:00,4895.83,4918.0,4766.26,4817.5,2023357641
2024-01-16 08:00:00,4835.81,4870.63,4795.03,4808.28,1685865840
2024-01-16 12:00:00,4808.28,4809.05,4661.59,4681.33,2019524203
2024-01-17 08:00:00,4652.32,4704.05,4610.77,4695.98,1481792684
2024-01-17 12:00:00,4695.98,4706.38,4590.04,4616.99,1491106552
2024-01-18 08:00:00,4640.66,4660.36,4585.93,4592.95,1084012751
2024-01-18 12:00:00,4592.95,4608.84,4485.75,4496.93,1257869505
2024-01-19 08:00:00,4497.24,4588.04,4491.15,4555.57,1833416646
2024-01-19 12:00:00,4555.57,4601.48,4513.25,4564.21,1991432294
2024-01-22 08:00:00,4561.2,4630.51,4541.54,4596.68,913758879
2024-01-22 12:00:00,4596.68,4680.88,4559.05,4634.62,1031990731
2024-01-23 08:00:00,4614.81,4665.46,4579.66,4645.64,1545652854
2024-01-23 12:00:00,4645.64,4772.11,4636.81,4726.87,1877125003
2024-01-24 08:00:00,4735.76,4799.17,4726.34,4785.84,2520431798
2024-01-24 12:00:00,4785.84,4902.07,4753.72,4886.96,2668706095
2024-01-25 08:00:00,4887.22,4914.85,4818.3,4839.03,1084262152
2024-01-25 12:00:00,4839.03,4851.45,4767.8,4776.92,1171318199
2024-01-26 08:00:00,4739.88,4788.96,4717.79,4779.25,2304728082
2024-01-26 12:00:00,4779.25,4896.18,4776.69,4840.38,2688721030
2024-01-29 08:00:00,4830.91,4832.67,4737.43,4750.74,1742547052
2024-01-29 12:00:00,4750.74,4836.83,4742.88,4797.91,2062171824
2024-01-30 08:00:00,4780.17,4890.91,4771.34,4872.28,2054188840
2024-01-30 12:00:00,4872.28,4909.57,4826.59,4848.32,2075720472
2024-01-31 08:00:00,4828.5,4855.31,4808.58,4823.38,1302512644
2024-01-31 12:00:00,4823.38,4842.87,4766.1,4835.83,1569239810
2024-02-01 08:00:00,4791.59,4861.49,4784.77,4853.15,1682295487
2024-02-01 12:00:00,4853.15,4916.44,4821.21,4896.91,1931104407
2024-02-02 08:00:00,4897.9,4914.11,4879.6,4909.9,1318034127
2024-02-02 12:00:00,4909.9,4918.48,4793.99,4804.52,1414400775
2024-02-05 08:00:00,4793.07,4857.05,4780.32,4850.62,1487202320
2024-02-05 12:00:00,4850.62,4918.13,4822.13,4916.95,1518886749
2024-02-06 08:00:00,4915.05,4956.77,4909.25,4950.04,1775410566
2024-02-06 12:00:00,4950.04,4954.91,4877.94,4939.18,2090671772
2024-02-07 08:00:00,4945.52,4946.27,4894.29,4897.87,2052527233
2024-02-07 12:00:00,4897.87,4961.79,4896.8,4954.06,2265314149
2024-02-08 08:00:00,4956.68,5066.44,4949.83,5033.78,1206415313
2024-02-08 12:00:00,5033.78,5128.66,5025.77,5045.3,1403218716
2024-02-09 08:00:00,5063.04,5119.86,5049.06,5097.72,1743096837
2024-02-09 12:00:00,5097.72,5186.08,5095.03,5154.17,2020933497
2024-02-12 08:00:00,5139.62,5247.1,5137.79,5246.6,2102092901
2024-02-12 12:00:00,5246.6,5297.14,5229.85,5268.48,2363903528
2024-02-13 08:00:00,5259.34,5282.36,5234.0,5236.37,2676490405
2024-02-13 12:00:00,5236.37,5298.38,5179.06,5200.15,2616323877
2024-02-14 08:00:00,5231.95,5282.13,5215.79,5225.74,2067104536
2024-02-14 12:00:00,5225.74,5235.49,5155.26,5174.06,2142890972
2024-02-15 08:00:00,5184.32,5199.19,5150.31,5190.93,1551198670
2024-02-15 12:00:00,5190.93,5230.55,5123.47,5156.65,1571239087
2024-02-16 08:00:00,5170.27,5275.62,5152.48,5266.73,1479733743
2024-02-16 12:00:00,5266.73,5294.31,5249.73,5288.79,1589156976
2024-02-20 08:00:00,5304.23,5328.93,5235.78,5237.39,2014124846
2024-02-20 12:00:00,5237.39,5266.66,5218.14,5260.48,2288070767
2024-02-21 08:00:00,5247.78,5248.53,5160.98,5188.96,1181944965
2024-02-21 12:00:00,5188.96,5222.94,5159.24,5167.06,1319511458
2024-02-22 08:00:00,5153.66,5190.54,5137.11,5178.49,1258315928
2024-02-22 12:00:00,5178.49,5191.11,5107.03,5138.01,1452986269
2024-02-23 08:00:00,5150.39,5164.61,5096.46,5110.26,2693850176
2024-02-23 12:00:00,5110.26,5184.11,5094.3,5144.79,3109373979
2024-02-26 08:00:00,5111.75,5123.18,5060.89,5104.63,2305589715
2024-02-26 12:00:00,5104.63,5110.94,5058.45,5094.43,2315077728
2024-02-27 08:00:00,5122.72,5134.01,5087.79,5090.1,995365038
2024-02-27 12:00:00,5090.1,5138.68,5066.99,5106.82,1108065399
2024-02-28 08:00:00,5071.28,5089.09,5036.66,5040.62,1285491185
2024-02-28 12:00:00,5040.62,5113.25,5039.49,5105.08,1358543637
2024-02-29 08:00:00,5097.7,5138.5,5090.17,5119.84,2471611298
2024-02-29 12:00:00,5119.84,5167.9,5087.5,5097.54,2451871121
2024-03-01 08:00:00,5095.83,5128.66,5067.35,5085.78,2370529542
2024-03-01 12:00:00,5085.78,5123.94,5062.64,5102.49,2920854824
2024-03-04 08:00:00,5116.22,5139.58,5098.37,5119.97,1680160917
2024-03-04 12:00:00,5119.97,5134.98,5043.53,5070.21,1784709509
2024-03-05 08:00:00,5069.6,5119.23,5048.55,5108.03,1119995133
2024-03-05 12:00:00,5108.03,5152.23,5055.41,5056.84,1304165464
2024-03-06 08:00:00,5032.61,5040.02,4976.82,5000.44,1060426016
2024-03-06 12:00:00,5000.44,5106.2,4992.97,5083.67,1178876720
2024-03-07 08:00:00,5049.78,5064.56,4984.97,4993.87,1575726717
2024-03-07 12:00:00,4993.87,5068.35,4974.64,5036.33,1667820137
2024-03-08 08:00:00,5048.56,5118.61,5027.95,5093.81,2698671084
2024-03-08 12:00:00,5093.81,5138.72,5051.68,5127.08,3018183996
2024-03-11 08:00:00,5141.59,5208.74,5123.95,5199.97,2676779303
2024-03-11 12:00:00,5199.97,5232.69,5178.81,5222.9,2822484841
2024-03-12 08:00:00,5216.72,5270.33,5207.25,5264.86,1487974280
2024-03-12 12:00:00,5264.86,5277.28,5214.63,5233.57,1608433287
2024-03-13 08:00:00,5230.72,5251.11,5142.24,5151.81,1023136420
2024-03-13 12:00:00,5151.81,5153.14,5042.61,5058.07,1182444587
2024-03-14 08:00:00,5075.84,5120.99,5042.12,5115.51,1891527211
2024-03-14 12:00:00,5115.51,5158.99,5058.7,5115.69,2107871514
2024-03-15 08:00:00,5107.26,5178.82,5103.78,5174.2,1520800296
2024-03-15 12:00:00,5174.2,5248.51,5158.31,5231.51,1630846906
2024-03-18 08:00:00,5217.47,5257.24,5209.47,5233.56,1799807951
2024-03-18 12:00:00,5233.56,5341.32,5220.61,5321.07,2031351606
2024-03-19 08:00:00,5346.08,5366.66,5274.98,5322.63,2277643289
2024-03-19 12:00:00,5322.63,5365.81,5313.85,5335.39,2521894824
2024-03-20 08:00:00,5348.08,5369.55,5305.58,5311.22,1639655470
2024-03-20 12:00:00,5311.22,5336.88,5287.94,5313.21,1771483770
2024-03-21 08:00:00,5327.81,5351.6,5302.78,5335.14,2168217559
2024-03-21 12:00:00,5335.14,5393.48,5319.8,5388.56,2127305061
2024-03-22 08:00:00,5382.88,5443.89,5380.26,5401.63,1825770371
2024-03-22 12:00:00,5401.63,5466.01,5380.52,5445.14,2109607685
2024-03-25 08:00:00,5459.8,5517.45,5409.05,5477.88,2351861939
2024-03-25 12:00:00,5477.88,5497.27,5363.44,5392.6,2911368713
2024-03-26 08:00:00,5410.29,5441.15,5370.81,5431.69,1271450674
2024-03-26 12:00:00,5431.69,5438.83,5391.19,5423.49,1419006147
2024-03-27 08:00:00,5392.54,5442.89,5363.65,5441.88,2233227992
2024-03-27 12:00:00,5441.88,5472.83,5415.18,5424.97,2135927461
2024-03-28 08:00:00,5417.82,5445.62,5353.25,5384.45,1487405064
2024-03-28 12:00:00,5384.45,5406.54,5332.91,5389.24,1553514579
2024-04-01 08:00:00,5350.92,5397.13,5329.01,5363.63,1141839236
2024-04-01 12:00:00,5363.63,5448.7,5339.57,5401.61,1275176530
2024-04-02 08:00:00,5418.98,5434.98,5341.81,5347.95,1740987378
2024-04-02 12:00:00,5347.95,5356.82,5262.49,5297.74,2022729800
2024-04-03 08:00:00,5309.78,5320.97,5239.96,5300.61,3480807356
2024-04-03 12:00:00,5300.61,5354.42,5270.19,5345.1,3456090164
2024-04-04 08:00:00,5339.34,5362.11,5288.59,5326.04,1966982042
2024-04-04 12:00:00,5326.04,5428.65,5324.24,5388.92,2101505035
2024-04-05 08:00:00,5427.92,5443.65,5369.98,5385.18,1110697029
2024-04-05 12:00:00,5385.18,5389.41,5279.49,5319.25,1184243368
2024-04-08 08:00:00,5347.68,5404.36,5308.54,5380.46,2802860434
2024-04-08 12:00:00,5380.46,5404.95,5355.45,5373.8,2763516029
2024-04-09 08:00:00,5367.61,5431.04,5349.94,5412.49,3602079312
2024-04-09 12:00:00,5412.49,5476.38,5397.48,5441.52,3975713490
2024-04-10 08:00:00,5441.78,5510.07,5434.36,5481.86,994677448
2024-04-10 12:00:00,5481.86,5493.79,5426.05,5427.63,1059112586
2024-04-11 08:00:00,5472.0,5512.36,5435.09,5500.96,1289183916
2024-04-11 12:00:00,5500.96,5558.95,5493.33,5528.86,1449573295
2024-04-12 08:00:00,5543.81,5564.61,5476.81,5491.91,1957397705
2024-04-12 12:00:00,5491.91,5617.33,5464.82,5574.71,2180912791
2024-04-15 08:00:00,5572.81,5617.4,5544.59,5592.59,1658540307
2024-04-15 12:00:00,5592.59,5671.01,5572.46,5637.4,1717776078
2024-04-16 08:00:00,5608.91,5725.19,5597.18,5701.83,2691904111
2024-04-16 12:00:00,5701.83,5719.43,5599.89,5638.3,2963296737
2024-04-17 08:00:00,5665.02,5670.18,5627.78,5659.77,1558861041
2024-04-17 12:00:00,5659.77,5698.32,5595.44,5632.26,1608244621
2024-04-18 08:00:00,5621.14,5695.81,5608.76,5687.34,1748171540
2024-04-18 12:00:00,5687.34,5687.47,5627.15,5630.05,2164442952
2024-04-19 08:00:00,5648.91,5712.56,5640.25,5707.26,2202365639
2024-04-19 12:00:00,5707.26,5770.89,5689.11,5706.9,2298722007
2024-04-22 08:00:00,5700.92,5736.03,5664.04,5686.26,1550490236
2024-04-22 12:00:00,5686.26,5721.19,5618.68,5618.96,1454325811
2024-04-23 08:00:00,5637.38,5758.41,5619.76,5757.41,2475906348
2024-04-23 12:00:00,5757.41,5802.94,5723.94,5733.83,2750362751
2024-04-24 08:00:00,5730.97,5788.17,5712.51,5775.81,2263426199
2024-04-24 12:00:00,5775.81,5909.71,5767.59,5875.6,2082901294
2024-04-25 08:00:00,5907.11,5916.74,5822.29,5827.78,1724720405
2024-04-25 12:00:00,5827.78,5914.1,5803.82,5912.08,1628855417
2024-04-26 08:00:00,5906.32,5995.17,5900.02,5979.05,1509739124
2024-04-26 12:00:00,5979.05,5985.83,5914.78,5953.08,1670381035
2024-04-29 08:00:00,5960.94,5974.82,5897.35,5907.73,1089271756
2024-04-29 12:00:00,5907.73,5929.66,5855.02,5881.4,1259877456
2024-04-30 08:00:00,5867.89,5869.54,5780.75,5787.22,2172571826
2024-04-30 12:00:00,5787.22,5788.33,5719.68,5755.68,2447968859
2024-05-01 08:00:00,5792.71,5854.07,5762.35,5851.39,1563635994
2024-05-01 12:00:00,5851.39,5878.98,5813.06,5835.13,1901959772
2024-05-02 08:00:00,5867.66,5873.7,5793.67,5835.87,3001345225
2024-05-02 12:00:00,5835.87,5855.33,5813.7,5834.56,3239667032
2024-05-03 08:00:00,5823.36,5885.49,5804.17,5880.29,2192601692
2024-05-03 12:00:00,5880.29,5935.77,5855.15,5910.58,2491361766
2024-05-06 08:00:00,5921.37,5924.64,5860.89,5886.29,1207864313
2024-05-06 12:00:00,5886.29,5946.94,5861.38,5942.53,1247926777
2024-05-07 08:00:00,5950.28,6055.29,5941.01,6022.31,2125872640
2024-05-07 12:00:00,6022.31,6098.62,6016.01,6061.5,2458424933
2024-05-08 08:00:00,6058.1,6160.02,6054.64,6130.54,1295204935
2024-05-08 12:00:00,6130.54,6181.61,6102.41,6142.32,1319591845
2024-05-09 08:00:00,6157.57,6189.46,6145.87,6179.45,869057158
2024-05-09 12:00:00,6179.45,6206.76,6169.25,6190.1,924333658
2024-05-10 08:00:00,6209.08,6221.67,6187.94,6194.56,2739961585
2024-05-10 12:00:00,6194.56,6205.23,6131.59,6134.65,2735827734
2024-05-13 08:00:00,6138.38,6139.52,6087.58,6117.78,1404586282
2024-05-13 12:00:00,6117.78,6139.89,6102.66,6107.9,1426497756
2024-05-14 08:00:00,6107.09,6145.89,6097.71,6113.34,1517442371
2024-05-14 12:00:00,6113.34,6117.12,6074.45,6108.93,1527333088
2024-05-15 08:00:00,6087.18,6092.34,6049.03,6049.32,2028298730
2024-05-15 12:00:00,6049.32,6078.78,6029.62,6047.02,2252612781
2024-05-16 08:00:00,6052.39,6061.46,6022.34,6032.02,1769396463
2024-05-16 12:00:00,6032.02,6036.8,5984.47,6016.43,2004074504
2024-05-17 08:00:00,6022.95,6026.77,5994.66,6005.67,1419577808
2024-05-17 12:00:00,6005.67,6094.31,6003.69,6046.24,1566375153
2024-05-20 08:00:00,6075.05,6085.57,6051.61,6059.65,2405898703
2024-05-20 12:00:00,6059.65,6069.39,6007.36,6016.31,2903254029
2024-05-21 08:00:00,6007.85,6008.18,5965.98,5971.56,1348013911
2024-05-21 12:00:00,5971.56,5994.79,5873.17,5915.8,1391779584
2024-05-22 08:00:00,5930.27,5980.25,5930.02,5965.34,1476857017
2024-05-22 12:00:00,5965.34,5992.59,5939.68,5985.81,1752494105
2024-05-23 08:00:00,6018.69,6027.49,5983.27,5983.93,2358510309
2024-05-23 12:00:00,5983.93,6043.43,5971.28,6040.85,2532080837
2024-05-24 08:00:00,6044.22,6073.56,6039.48,6070.27,2003127499
2024-05-24 12:00:00,6070.27,6078.48,6010.84,6071.55,2188251008
2024-05-28 08:00:00,6090.27,6106.48,6058.1,6069.67,1321511663
2024-05-28 12:00:00,6069.67,6105.81,6013.05,6013.55,1332484208
2024-05-29 08:00:00,6039.33,6050.7,6006.39,6018.0,2300474066
2024-05-29 12:00:00,6018.0,6054.37,6007.89,6032.18,2238085215
2024-05-30 08:00:00,6040.51,6070.36,6034.58,6045.81,1671232021
2024-05-30 12:00:00,6045.81,6070.24,6011.11,6054.72,1961699484
2024-05-31 08:00:00,6070.51,6098.96,6057.7,6059.11,2522780684
2024-05-31 12:00:00,6059.11,6112.58,6049.12,6098.28,2964396706
2024-06-03 08:00:00,6101.13,6104.76,6077.88,6097.24,1548425108
2024-06-03 12:00:00,6097.24,6116.74,6041.26,6046.04,1610692372
2024-06-04 08:00:00,6049.26,6093.82,6047.99,6082.07,2753957562
2024-06-04 12:00:00,6082.07,6119.43,6050.14,6060.82,2824983335
2024-06-05 08:00:00,6088.75,6109.05,6073.46,6076.62,2483833221
2024-06-05 12:00:00,6076.62,6089.51,6044.59,6084.94,2653719303
2024-06-06 08:00:00,6095.23,6103.78,6071.39,6076.36,1864021052
2024-06-06 12:00:00,6076.36,6102.26,6044.64,6076.63,1919225804
2024-06-07 08:00:00,6106.03,6113.06,6079.07,6088.9,2666428450
2024-06-07 12:00:00,6088.9,6120.47,6078.58,6113.89,3136719866
2024-06-10 08:00:00,6102.78,6104.71,6052.37,6055.99,1260658438
2024-06-10 12:00:00,6055.99,6081.32,6021.08,6079.29,1383632766
2024-06-11 08:00:00,6058.0,6081.24,6012.16,6079.5,2099785993
2024-06-11 12:00:00,6079.5,6101.76,6047.99,6101.72,2288357974
2024-06-12 08:00:00,6082.38,6082.47,6028.47,6064.96,2317642681
2024-06-12 12:00:00,6064.96,6148.52,6061.48,6100.79,2631072430
2024-06-13 08:00:00,6089.73,6090.85,6021.24,6068.06,1583240911
2024-06-13 12:00:00,6068.06,6087.37,6018.78,6081.41,1807035930
2024-06-14 08:00:00,6074.73,6123.84,6073.0,6085.07,1643998644
2024-06-14 12:00:00,6085.07,6166.96,6069.42,6141.74,1717258440
2024-06-17 08:00:00,6143.23,6156.18,6121.09,6126.42,1757271833
2024-06-17 12:00:00,6126.42,6147.33,6102.88,6134.07,1979037335
2024-06-18 08:00:00,6139.64,6148.18,6109.91,6127.76,879903463
2024-06-18 12:00:00,6127.76,6129.31,6036.0,6041.38,972124066
2024-06-20 08:00:00,6063.57,6068.98,6005.04,6019.91,2390703168
2024-06-20 12:00:00,6019.91,6067.28,6005.54,6053.39,2613344115
2024-06-21 08:00:00,6043.95,6076.33,6037.99,6072.54,2520718655
2024-06-21 12:00:00,6072.54,6099.26,6044.15,6075.54,2526805781
2024-06-24 08:00:00,6090.95,6096.24,6020.16,6054.91,1540715155
2024-06-24 12:00:00,6054.91,6058.95,5970.65,5997.64,1733757859
2024-06-25 08:00:00,5995.2,6021.16,5982.72,5984.57,1489071783
2024-06-25 12:00:00,5984.57,6002.86,5935.87,5942.17,1439193354
2024-06-26 08:00:00,5942.73,5950.44,5926.6,5938.85,1644967682
2024-06-26 12:00:00,5938.85,5971.66,5912.27,5949.63,1803335853
2024-06-27 08:00:00,5967.04,5969.47,5910.09,5922.68,1980435910
2024-06-27 12:00:00,5922.68,5970.33,5903.81,5963.0,2002209195
2024-06-28 08:00:00,5978.09,6012.57,5952.22,5997.11,1555466128
2024-06-28 12:00:00,5997.11,6018.26,5974.26,5988.71,1622596815
2024-07-01 08:00:00,5980.23,5981.15,5926.79,5933.48,1622810464
2024-07-01 12:00:00,5933.48,5968.68,5898.46,5918.89,1858776587
2024-07-02 08:00:00,5924.77,5933.03,5906.65,5920.47,1965938582
2024-07-02 12:00:00,5920.47,5927.48,5887.42,5901.73,2474612042
2024-07-03 08:00:00,5892.49,5902.58,5813.29,5816.16,833897220
2024-07-03 12:00:00,5816.16,5840.86,5784.1,5797.92,855210541
2024-07-05 08:00:00,5792.62,5809.51,5759.89,5770.59,2287239267
2024-07-05 12:00:00,5770.59,5810.94,5751.57,5794.51,2498526532
2024-07-08 08:00:00,5760.36,5786.72,5731.5,5735.48,1697843391
2024-07-08 12:00:00,5735.48,5755.04,5706.65,5710.79,1767268294
2024-07-09 08:00:00,5715.49,5744.6,5705.96,5741.3,1631907418
2024-07-09 12:00:00,5741.3,5750.64,5692.87,5728.98,1633178611
2024-07-10 08:00:00,5732.37,5751.38,5718.58,5736.39,2606939813
2024-07-10 12:00:00,5736.39,5773.06,5734.04,5746.55,2847310853
2024-07-11 08:00:00,5768.65,5776.12,5731.78,5742.99,1794492887
2024-07-11 12:00:00,5742.99,5759.95,5720.24,5739.88,1907385821
2024-07-12 08:00:00,5747.72,5763.23,5726.26,5760.77,2582345124
2024-07-12 12:00:00,5760.77,5768.78,5716.79,5734.01,2636238403
2024-07-15 08:00:00,5764.83,5771.94,5727.14,5743.13,1335990131
2024-07-15 12:00:00,5743.13,5779.71,5735.02,5759.02,1433350213
2024-07-16 08:00:00,5760.18,5771.88,5747.5,5762.45,2905772724
2024-07-16 12:00:00,5762.45,5763.97,5691.01,5698.97,3057441820
2024-07-17 08:00:00,5681.47,5691.19,5655.1,5666.59,1245688665
2024-07-17 12:00:00,5666.59,5669.09,5624.75,5637.54,1427483569
2024-07-18 08:00:00,5635.92,5643.62,5616.84,5627.94,1726024644
2024-07-18 12:00:00,5627.94,5631.37,5570.56,5615.65,1826405000
2024-07-19 08:00:00,5604.27,5623.25,5585.15,5619.09,1367021195
2024-07-19 12:00:00,5619.09,5655.07,5612.17,5653.4,1531556131
2024-07-22 08:00:00,5665.02,5707.42,5655.44,5693.12,2261204283
2024-07-22 12:00:00,5693.12,5757.71,5685.2,5731.22,2509470822
2024-07-23 08:00:00,5731.14,5776.27,5723.65,5756.26,2214721978
2024-07-23 12:00:00,5756.26,5757.16,5708.89,5735.62,2608758930
2024-07-24 08:00:00,5727.19,5763.84,5721.14,5736.15,1484146583
2024-07-24 12:00:00,5736.15,5755.2,5686.71,5689.62,1559308550
2024-07-25 08:00:00,5690.57,5698.53,5627.06,5647.7,2002380614
2024-07-25 12:00:00,5647.7,5676.76,5601.82,5612.22,2172986670
2024-07-26 08:00:00,5603.37,5629.03,5583.54,5628.38,3964795511
2024-07-26 12:00:00,5628.38,5697.9,5623.8,5696.25,4648859716
2024-07-29 08:00:00,5690.64,5693.89,5653.94,5679.58,1781449044
2024-07-29 12:00:00,5679.58,5685.22,5614.61,5659.69,1903927907
2024-07-30 08:00:00,5656.09,5728.04,5651.15,5727.14,1567795967
2024-07-30 12:00:00,5727.14,5745.93,5708.78,5722.39,1668602828
2024-07-31 08:00:00,5723.09,5729.67,5696.46,5726.27,2524793198
2024-07-31 12:00:00,5726.27,5771.23,5719.99,5750.0,2637569301
2024-08-01 08:00:00,5756.57,5762.85,5727.45,5734.08,1825773413
2024-08-01 12:00:00,5734.08,5810.48,5722.01,5804.29,2057845219
2024-08-02 08:00:00,5803.25,5870.05,5792.67,5858.88,2168439809
2024-08-02 12:00:00,5858.88,5900.83,5836.97,5872.73,2109956393
2024-08-05 08:00:00,5883.7,5897.75,5857.48,5868.41,1561610876
2024-08-05 12:00:00,5868.41,5897.68,5856.94,5889.48,1724801250
2024-08-06 08:00:00,5896.1,5913.06,5885.65,5890.12,1911364006
2024-08-06 12:00:00,5890.12,5935.52,5878.72,5903.65,2141500538
2024-08-07 08:00:00,5925.9,5958.26,5921.63,5933.33,1697915593
2024-08-07 12:00:00,5933.33,5959.2,5902.05,5902.68,1855087593
2024-08-08 08:00:00,5887.38,5898.1,5861.1,5872.44,1461144131
2024-08-08 12:00:00,5872.44,5911.01,5855.45,5905.51,1567704571
2024-08-09 08:00:00,5900.3,5909.36,5762.5,5816.53,2250330037
2024-08-09 12:00:00,5816.53,5859.74,5803.43,5853.43,2367846597
2024-08-12 08:00:00,5845.82,5882.65,5823.42,5855.29,1905086345
2024-08-12 12:00:00,5855.29,5873.37,5808.37,5850.18,2217593771
2024-08-13 08:00:00,5826.26,5848.02,5812.56,5821.63,1063464737
2024-08-13 12:00:00,5821.63,5852.12,5798.26,5813.17,1247966887
2024-08-14 08:00:00,5806.94,5809.2,5770.77,5779.61,968559213
2024-08-14 12:00:00,5779.61,5801.02,5704.42,5800.31,948770517
2024-08-15 08:00:00,5790.99,5794.45,5755.52,5786.84,2159837931
2024-08-15 12:00:00,5786.84,5794.72,5732.68,5773.81,2169708168
2024-08-16 08:00:00,5773.8,5805.83,5767.92,5782.26,2059197106
2024-08-16 12:00:00,5782.26,5803.46,5741.22,5747.81,2170600121
2024-08-19 08:00:00,5761.11,5801.16,5759.36,5764.14,1577792972
2024-08-19 12:00:00,5764.14,5770.63,5717.96,5719.15,1760425406
2024-08-20 08:00:00,5702.29,5720.75,5699.67,5710.13,1585491227
2024-08-20 12:00:00,5710.13,5806.88,5705.66,5788.89,1743673052
2024-08-21 08:00:00,5792.06,5838.69,5779.51,5827.52,1959638059
2024-08-21 12:00:00,5827.52,5893.13,5822.95,5867.95,1973374329
2024-08-22 08:00:00,5878.28,5884.3,5784.86,5805.33,1592836760
2024-08-22 12:00:00,5805.33,5854.72,5748.55,5783.83,1777660485
2024-08-23 08:00:00,5767.22,5776.08,5724.93,5729.28,1243888694
2024-08-23 12:00:00,5729.28,5794.31,5719.56,5774.74,1394134584
2024-08-26 08:00:00,5776.62,5809.73,5774.39,5789.06,1988963885
2024-08-26 12:00:00,5789.06,5818.76,5779.68,5785.65,2014677185
2024-08-27 08:00:00,5789.87,5802.46,5764.79,5771.65,2646491565
2024-08-27 12:00:00,5771.65,5818.82,5766.74,5803.76,2799523605
2024-08-28 08:00:00,5819.93,5831.12,5805.4,5809.33,1239305697
2024-08-28 12:00:00,5809.33,5813.51,5780.8,5801.49,1273042347
2024-08-29 08:00:00,5814.42,5852.06,5806.05,5840.02,1764775202
2024-08-29 12:00:00,5840.02,5886.34,5835.25,5859.48,1936600606
2024-08-30 08:00:00,5828.18,5871.54,5826.18,5857.45,1363657266
2024-08-30 12:00:00,5857.45,5864.28,5814.67,5831.55,1455174388
2024-09-03 08:00:00,5818.3,5830.87,5801.81,5814.68,1678090245
2024-09-03 12:00:00,5814.68,5835.07,5781.84,5822.25,1716856921
2024-09-04 08:00:00,5816.3,5858.59,5813.29,5824.1,1431697830
2024-09-04 12:00:00,5824.1,5961.81,5784.23,5829.47,1652094874
2024-09-05 08:00:00,5834.13,5835.55,5788.54,5794.44,1217053614
2024-09-05 12:00:00,5794.44,5830.49,5783.61,5803.65,1367462894
2024-09-06 08:00:00,5834.22,5859.76,5823.31,5838.49,1219857122
2024-09-06 12:00:00,5838.49,5846.23,5814.93,5837.67,1277705271
2024-09-09 08:00:00,5841.46,5845.86,5808.68,5816.89,1247216738
2024-09-09 12:00:00,5816.89,5858.54,5811.71,5845.83,1523077275
2024-09-10 08:00:00,5825.0,5859.21,5814.99,5825.37,1838608471
2024-09-10 12:00:00,5825.37,5906.66,5805.01,5902.94,1922595278
2024-09-11 08:00:00,5901.25,5901.61,5850.72,5856.29,1383147794
2024-09-11 12:00:00,5856.29,5918.26,5798.19,5889.73,1396832885
2024-09-12 08:00:00,5892.7,5894.02,5860.74,5891.31,1452046980
2024-09-12 12:00:00,5891.31,5926.86,5852.0,5883.66,1629516260
2024-09-13 08:00:00,5889.79,5892.9,5843.18,5860.19,1225283073
2024-09-13 12:00:00,5860.19,5882.36,5839.77,5878.55,1253043858
2024-09-16 08:00:00,5887.38,5896.1,5866.58,5875.54,1909235181
2024-09-16 12:00:00,5875.54,5876.95,5821.22,5868.7,2044383156
2024-09-17 08:00:00,5855.91,5908.77,5855.6,5898.04,1708044259
2024-09-17 12:00:00,5898.04,5901.34,5857.75,5864.62,1690035391
2024-09-18 08:00:00,5854.48,5866.65,5814.81,5837.65,2336352042
2024-09-18 12:00:00,5837.65,5841.57,5786.97,5796.34,2636028747
2024-09-19 08:00:00,5819.54,5854.31,5817.45,5836.76,2328318661
2024-09-19 12:00:00,5836.76,5887.65,5817.55,5855.45,2884483822
2024-09-20 08:00:00,5857.44,5868.91,5833.5,5853.48,2185015732
2024-09-20 12:00:00,5853.48,5857.02,5817.24,5819.26,2493427343
2024-09-23 08:00:00,5811.24,5826.14,5779.55,5792.37,1710882341
2024-09-23 12:00:00,5792.37,5837.38,5784.38,5826.56,2026594311
2024-09-24 08:00:00,5857.61,5899.67,5851.75,5887.83,3000832710
2024-09-24 12:00:00,5887.83,5920.46,5879.57,5915.03,2966191316
2024-09-25 08:00:00,5908.93,5918.23,5862.79,5869.0,1593253353
2024-09-25 12:00:00,5869.0,5888.22,5851.44,5858.34,1628587221
2024-09-26 08:00:00,5848.1,5875.19,5764.0,5790.23,1958855667
2024-09-26 12:00:00,5790.23,5798.38,5747.73,5755.12,2065008716
2024-09-27 08:00:00,5750.51,5751.19,5683.39,5685.33,1531073011
2024-09-27 12:00:00,5685.33,5708.04,5665.7,5689.7,1563959969
2024-09-30 08:00:00,5662.26,5684.55,5604.43,5628.33,1295548519
2024-09-30 12:00:00,5628.33,5645.38,5553.16,5590.46,1428015750
2024-10-01 08:00:00,5580.31,5597.45,5560.79,5587.53,1944513518
2024-10-01 12:00:00,5587.53,5618.39,5568.84,5578.77,1839304193
2024-10-02 08:00:00,5605.45,5628.7,5596.72,5618.49,1438258425
2024-10-02 12:00:00,5618.49,5638.78,5552.26,5558.78,1689352000
2024-10-03 08:00:00,5552.23,5671.01,5551.46,5658.43,1658647219
2024-10-03 12:00:00,5658.43,5698.04,5643.08,5680.22,1706712134
2024-10-04 08:00:00,5678.78,5714.96,5671.74,5695.69,2480641439
2024-10-04 12:00:00,5695.69,5735.41,5679.21,5732.96,2487102569
2024-10-07 08:00:00,5734.1,5794.65,5724.93,5774.49,1469506432
2024-10-07 12:00:00,5774.49,5804.29,5728.95,5799.78,1641649099
2024-10-08 08:00:00,5798.23,5799.4,5744.65,5757.33,1933218247
2024-10-08 12:00:00,5757.33,5828.68,5736.17,5761.04,2065886267
2024-10-09 08:00:00,5784.42,5801.28,5727.09,5759.73,2535407332
2024-10-09 12:00:00,5759.73,5902.02,5753.78,5882.54,2791714209
2024-10-10 08:00:00,5852.24,5960.1,5851.78,5956.66,2271913279
2024-10-10 12:00:00,5956.66,6017.47,5939.68,6010.68,2458977675
2024-10-11 08:00:00,5978.86,5980.36,5854.5,5920.34,1832152209
2024-10-11 12:00:00,5920.34,6010.41,5918.08,5962.28,1959403772
2024-10-14 08:00:00,5963.05,5967.82,5858.23,5876.63,1840749718
2024-10-14 12:00:00,5876.63,5897.85,5834.23,5837.63,1828852876
2024-10-15 08:00:00,5799.04,5831.7,5783.77,5811.86,1254100742
2024-10-15 12:00:00,5811.86,5853.48,5733.9,5834.22,1432875431
2024-10-16 08:00:00,5864.02,5868.6,5784.95,5786.76,1863866610
2024-10-16 12:00:00,5786.76,5938.98,5765.28,5935.36,1999510722
2024-10-17 08:00:00,5916.41,6008.05,5898.87,6003.67,1455974998
2024-10-17 12:00:00,6003.67,6077.01,5924.67,5930.35,1615117642
2024-10-18 08:00:00,5891.77,5902.96,5797.93,5812.64,1471406067
2024-10-18 12:00:00,5812.64,5866.38,5748.71,5797.2,1611402504
2024-10-21 08:00:00,5791.14,5867.94,5760.42,5857.91,1850303157
2024-10-21 12:00:00,5857.91,5993.12,5851.02,5977.56,2106405111
2024-10-22 08:00:00,5968.78,6016.79,5895.47,5929.71,1696708382
2024-10-22 12:00:00,5929.71,5997.28,5900.46,5983.3,2027665167
2024-10-23 08:00:00,6000.33,6024.81,5929.19,5944.11,1086561722
2024-10-23 12:00:00,5944.11,5956.22,5879.52,5915.7,1230217529
2024-10-24 08:00:00,5949.3,5986.23,5892.9,5936.52,1186537706
2024-10-24 12:00:00,5936.52,6080.92,5934.27,6060.77,1386825885
2024-10-25 08:00:00,6085.19,6185.96,6077.85,6175.18,1016918819
2024-10-25 12:00:00,6175.18,6318.19,6169.13,6302.74,1158188006
2024-10-28 08:00:00,6310.45,6505.23,6308.42,6461.16,1638031891
2024-10-28 12:00:00,6461.16,6557.05,6445.46,6525.55,1588663245
2024-10-29 08:00:00,6566.3,6602.02,6536.85,6565.21,1436609054
2024-10-29 12:00:00,6565.21,6574.68,6478.49,6494.65,1514439001
2024-10-30 08:00:00,6451.0,6526.11,6418.25,6482.3,1072277768
2024-10-30 12:00:00,6482.3,6539.89,6446.22,6522.8,1157857178
2024-10-31 08:00:00,6565.37,6672.32,6510.36,6670.04,2356058367
2024-10-31 12:00:00,6670.04,6755.21,6626.86,6703.48,2325797673
2024-11-01 08:00:00,6689.15,6699.46,6590.45,6611.94,1483829485
2024-11-01 12:00:00,6611.94,6687.64,6569.22,6643.69,1489000950
2024-11-04 08:00:00,6711.47,6844.99,6705.08,6836.46,2990318043
2024-11-04 12:00:00,6836.46,6890.33,6806.16,6835.19,2967563882
2024-11-05 08:00:00,6867.02,6923.11,6858.67,6886.15,969426469
2024-11-05 12:00:00,6886.15,6995.55,6827.34,6938.19,1102116601
2024-11-06 08:00:00,6945.12,6963.73,6882.43,6953.28,1065329348
2024-11-06 12:00:00,6953.28,6985.11,6909.13,6922.85,1029161054
2024-11-07 08:00:00,6878.52,6906.04,6775.5,6799.96,1888666822
2024-11-07 12:00:00,6799.96,6840.74,6715.08,6773.55,2175639484
2024-11-08 08:00:00,6738.9,6825.0,6718.25,6808.14,1790210619
2024-11-08 12:00:00,6808.14,6838.58,6624.12,6641.37,1897674588
2024-11-11 08:00:00,6642.71,6747.17,6638.05,6733.76,2089804589
2024-11-11 12:00:00,6733.76,6751.93,6657.03,6705.22,2266355698
2024-11-12 08:00:00,6679.9,6749.1,6650.55,6714.91,2026481926
2024-11-12 12:00:00,6714.91,6741.93,6635.79,6646.01,2074787121
2024-11-13 08:00:00,6646.75,6677.21,6596.25,6610.87,1738840716
2024-11-13 12:00:00,6610.87,6643.4,6486.4,6499.99,1794767821
2024-11-14 08:00:00,6481.14,6486.54,6405.52,6410.35,1056831199
2024-11-14 12:00:00,6410.35,6410.54,6318.53,6321.16,1184271539
2024-11-15 08:00:00,6325.78,6341.53,6194.63,6225.31,2469299622
2024-11-15 12:00:00,6225.31,6276.84,6177.45,6232.96,2737490394
2024-11-18 08:00:00,6257.17,6272.45,6139.16,6161.28,3658342061
2024-11-18 12:00:00,6161.28,6163.71,6033.27,6058.72,3726638975
2024-11-19 08:00:00,6040.11,6086.71,6017.18,6065.56,1608606850
2024-11-19 12:00:00,6065.56,6089.14,5956.21,5989.01,1782778945
2024-11-20 08:00:00,5987.93,6002.07,5914.87,5917.81,3226031155
2024-11-20 12:00:00,5917.81,5978.33,5917.59,5930.62,3170300661
2024-11-21 08:00:00,5947.36,5998.65,5897.83,5938.65,1872909081
2024-11-21 12:00:00,5938.65,6012.25,5921.67,5997.68,2172304536
2024-11-22 08:00:00,6002.51,6044.76,5984.67,6012.67,1574310283
2024-11-22 12:00:00,6012.67,6121.35,6004.77,6117.2,1856936464
2024-11-25 08:00:00,6106.25,6241.84,6105.0,6223.46,1940474394
2024-11-25 12:00:00,6223.46,6242.25,6082.94,6088.62,1938163032
2024-11-26 08:00:00,6044.64,6109.92,6025.62,6027.52,1698065360
2024-11-26 12:00:00,6027.52,6063.52,5934.2,5941.08,1802382458
2024-11-27 08:00:00,5897.55,5904.42,5831.29,5879.23,1546354489
2024-11-27 12:00:00,5879.23,5903.6,5822.85,5858.76,1616676607
2024-11-29 08:00:00,5848.46,5880.89,5812.0,5823.82,2175782842
2024-11-29 12:00:00,5823.82,5847.64,5741.85,5835.33,2307793888
2024-12-02 08:00:00,5810.37,5869.38,5788.11,5805.08,1234060457
2024-12-02 12:00:00,5805.08,5831.11,5683.9,5731.73,1279773566
2024-12-03 08:00:00,5705.71,5764.94,5690.39,5749.43,957602332
2024-12-03 12:00:00,5749.43,5766.55,5689.83,5716.72,906501221
2024-12-04 08:00:00,5729.9,5735.91,5652.05,5676.27,1949354062
2024-12-04 12:00:00,5676.27,5678.64,5515.06,5519.49,2093302383
2024-12-05 08:00:00,5540.19,5616.3,5537.25,5568.55,1633296644
2024-12-05 12:00:00,5568.55,5648.43,5523.19,5528.96,1642679537
2024-12-06 08:00:00,5509.01,5539.36,5480.83,5515.78,982877817
2024-12-06 12:00:00,5515.78,5649.87,5496.5,5638.31,1056549291
2024-12-09 08:00:00,5675.55,5698.84,5636.34,5639.82,2437133841
2024-12-09 12:00:00,5639.82,5731.31,5635.66,5657.71,2578171027
2024-12-10 08:00:00,5645.23,5665.26,5610.07,5619.05,2127879468
2024-12-10 12:00:00,5619.05,5630.26,5499.86,5506.26,2229627438
2024-12-11 08:00:00,5509.87,5551.66,5491.6,5540.41,2037992932
2024-12-11 12:00:00,5540.41,5577.06,5489.84,5517.41,2105648822
2024-12-12 08:00:00,5510.4,5541.24,5459.4,5473.92,1034190232
2024-12-12 12:00:00,5473.92,5542.64,5469.4,5526.3,1174125193
2024-12-13 08:00:00,5508.67,5595.18,5504.95,5577.22,1427137005
2024-12-13 12:00:00,5577.22,5657.54,5566.11,5583.62,1763074058
2024-12-16 08:00:00,5635.15,5709.85,5617.67,5671.44,1643007210
2024-12-16 12:00:00,5671.44,5726.49,5638.26,5642.91,1974997973
2024-12-17 08:00:00,5636.49,5729.38,5621.25,5726.62,2193368594
2024-12-17 12:00:00,5726.62,5758.32,5666.96,5686.55,2519435397
2024-12-18 08:00:00,5684.18,5703.48,5597.69,5624.12,1632003836
2024-12-18 12:00:00,5624.12,5626.0,5510.8,5525.42,1691516636
2024-12-19 08:00:00,5552.68,5640.49,5550.8,5636.61,2428092593
2024-12-19 12:00:00,5636.61,5731.65,5614.3,5724.15,2662291539
2024-12-20 08:00:00,5722.33,5754.67,5712.69,5743.39,1466410170
2024-12-20 12:00:00,5743.39,5799.64,5718.04,5749.21,1527168420
2024-12-23 08:00:00,5720.96,5808.12,5690.08,5798.68,1095239966
2024-12-23 12:00:00,5798.68,5831.32,5724.16,5800.97,1158002826
2024-12-24 08:00:00,5801.08,5822.84,5737.28,5779.44,1481860592
2024-12-24 12:00:00,5779.44,5847.29,5744.43,5845.32,1565406317
2024-12-26 08:00:00,5838.91,5879.04,5808.07,5829.08,498564798
2024-12-26 12:00:00,5829.08,5900.26,5803.73,5804.11,598748293
2024-12-27 08:00:00,5816.37,5878.84,5803.58,5854.34,1591727678
2024-12-27 12:00:00,5854.34,5881.97,5815.1,5842.59,1778899370
2024-12-30 08:00:00,5824.29,5850.05,5794.22,5819.79,1111440129
2024-12-30 12:00:00,5819.79,5870.24,5758.77,5787.05,1255411471
2024-12-31 08:00:00,5843.28,5923.29,5841.23,5907.98,1898039258
2024-12-31 12:00:00,5907.98,6018.18,5903.25,6000.23,2042931012
2025-01-02 08:00:00,6018.13,6115.41,5975.79,5977.21,1201299412
2025-01-02 12:00:00,5977.21,6100.88,5958.45,6087.79,1108212572
2025-01-03 08:00:00,6069.51,6141.09,6042.75,6139.18,2039756331
2025-01-03 12:00:00,6139.18,6226.23,6132.91,6224.27,2260335920
2025-01-06 08:00:00,6256.69,6300.7,6190.83,6215.78,1544949215
2025-01-06 12:00:00,6215.78,6227.55,6101.58,6149.57,1692305201
2025-01-07 08:00:00,6169.31,6215.6,6152.25,6173.94,1228040559
2025-01-07 12:00:00,6173.94,6184.08,6106.35,6165.25,1229304781
2025-01-08 08:00:00,6119.96,6128.41,6052.46,6062.82,1877036717
2025-01-08 12:00:00,6062.82,6070.56,5939.43,5957.85,2033762719
2025-01-09 08:00:00,5968.46,5993.32,5927.95,5973.05,2356662330
2025-01-09 12:00:00,5973.05,5975.16,5834.61,5861.19,2631326583
2025-01-10 08:00:00,5844.78,5920.75,5830.99,5910.8,1139181736
2025-01-10 12:00:00,5910.8,6065.6,5894.89,6056.09,1301333683
2025-01-13 08:00:00,6100.31,6110.09,6014.96,6052.77,1511186223
2025-01-13 12:00:00,6052.77,6149.69,6045.08,6138.64,1660030905
2025-01-14 08:00:00,6095.55,6132.86,6037.97,6112.31,1392051325
2025-01-14 12:00:00,6112.31,6125.72,6064.45,6098.43,1518573068
2025-01-15 08:00:00,6097.66,6212.98,6092.89,6203.8,1584253776
2025-01-15 12:00:00,6203.8,6221.45,6129.99,6204.7,1613943830
2025-01-16 08:00:00,6202.14,6232.14,6154.57,6169.72,2049690184
2025-01-16 12:00:00,6169.72,6173.7,6070.4,6072.24,2082298878
2025-01-17 08:00:00,6063.5,6081.8,5952.96,5980.64,2042529247
2025-01-17 12:00:00,5980.64,6049.22,5960.31,6030.91,2110331847
2025-01-21 08:00:00,6058.96,6066.62,5999.32,6015.56,1168254215
2025-01-21 12:00:00,6015.56,6034.47,5872.4,5881.26,1212451325
2025-01-22 08:00:00,5927.98,5982.59,5916.91,5941.23,2039451433
2025-01-22 12:00:00,5941.23,6052.19,5940.45,6037.47,1991616808
2025-01-23 08:00:00,6020.36,6032.3,5926.41,5975.14,1360344885
2025-01-23 12:00:00,5975.14,5994.99,5944.51,5967.01,1415932093
2025-01-24 08:00:00,5953.75,5970.98,5874.92,5938.09,2056008828
2025-01-24 12:00:00,5938.09,6088.15,5935.83,6060.09,2418592261
2025-01-27 08:00:00,6054.78,6060.21,5963.71,5992.46,1765463203
2025-01-27 12:00:00,5992.46,6032.28,5879.43,5894.98,2077894356
2025-01-28 08:00:00,5897.65,5956.46,5878.11,5931.79,1894765579
2025-01-28 12:00:00,5931.79,5951.2,5892.79,5934.88,1999995804
2025-01-29 08:00:00,5922.83,5945.58,5850.9,5907.49,1707986849
2025-01-29 12:00:00,5907.49,5944.55,5841.91,5942.42,1746735085
2025-01-30 08:00:00,5930.22,5949.31,5880.88,5897.73,1532232260
2025-01-30 12:00:00,5897.73,5963.95,5850.76,5952.35,1642639371
2025-01-31 08:00:00,5956.47,6002.03,5913.12,5987.23,2025657255
2025-01-31 12:00:00,5987.23,6123.72,5963.59,6092.96,2185057722
2025-02-03 08:00:00,6081.36,6128.68,6066.24,6084.73,1563605393
2025-02-03 12:00:00,6084.73,6139.72,6060.24,6090.0,1617554727
2025-02-04 08:00:00,6092.99,6151.18,6060.2,6139.13,1596058950
2025-02-04 12:00:00,6139.13,6172.67,6100.2,6101.68,1705804351
2025-02-05 08:00:00,6119.79,6229.0,6106.1,6201.63,1464655071
2025-02-05 12:00:00,6201.63,6241.23,6101.93,6144.1,1459349894
2025-02-06 08:00:00,6106.89,6132.21,6064.29,6085.73,1469302012
2025-02-06 12:00:00,6085.73,6105.22,5989.18,6099.16,1599252490
2025-02-07 08:00:00,6108.58,6118.84,6066.98,6086.64,1866958382
2025-02-07 12:00:00,6086.64,6129.91,6072.73,6080.53,1846579960
2025-02-10 08:00:00,6070.12,6084.26,6017.81,6062.22,1942934808
2025-02-10 12:00:00,6062.22,6107.93,6049.6,6052.02,2286325144
2025-02-11 08:00:00,6026.07,6049.77,5948.18,6049.76,1637661714
2025-02-11 12:00:00,6049.76,6151.03,6021.03,6140.0,1918155049
2025-02-12 08:00:00,6168.1,6179.09,6098.51,6102.27,1712599695
2025-02-12 12:00:00,6102.27,6191.32,6077.9,6086.07,2038476640
2025-02-13 08:00:00,6124.75,6186.57,6086.87,6179.4,2542139924
2025-02-13 12:00:00,6179.4,6189.36,6056.45,6057.97,2706845148
2025-02-14 08:00:00,6100.24,6134.93,6068.83,6097.8,1509858734
2025-02-14 12:00:00,6097.8,6119.56,6041.77,6096.65,1603557054
2025-02-18 08:00:00,6083.04,6104.15,6024.63,6048.25,1936932464
2025-02-18 12:00:00,6048.25,6133.77,6027.56,6126.03,2047288955
2025-02-19 08:00:00,6139.71,6166.9,6072.38,6122.92,1735424455
2025-02-19 12:00:00,6122.92,6164.55,6088.36,6099.85,1645677505
2025-02-20 08:00:00,6121.79,6148.14,6058.11,6059.4,1334738313
2025-02-20 12:00:00,6059.4,6112.77,5985.04,6084.39,1314314795
2025-02-21 08:00:00,6098.15,6126.77,5995.58,6008.87,2938223507
2025-02-21 12:00:00,6008.87,6118.65,5996.78,6010.29,2860509301
2025-02-24 08:00:00,5988.62,6020.69,5912.14,5987.56,1897745565
2025-02-24 12:00:00,5987.56,6031.86,5901.72,5909.73,2059653934
2025-02-25 08:00:00,5898.7,6020.58,5888.63,5976.15,1690309629
2025-02-25 12:00:00,5976.15,5992.44,5855.19,5911.09,1659003320
2025-02-26 08:00:00,5868.37,5912.73,5853.44,5883.96,1262489585
2025-02-26 12:00:00,5883.96,5884.68,5793.49,5833.67,1479836985
2025-02-27 08:00:00,5831.3,5862.95,5813.3,5840.37,1536227972
2025-02-27 12:00:00,5840.37,5862.15,5672.99,5719.74,1657756730
2025-02-28 08:00:00,5705.86,5719.6,5628.18,5659.73,2280545440
2025-02-28 12:00:00,5659.73,5684.74,5573.11,5576.44,2197991543
2025-03-03 08:00:00,5560.05,5595.44,5499.84,5531.0,1352668233
2025-03-03 12:00:00,5531.0,5536.44,5396.79,5408.1,1421625730
2025-03-04 08:00:00,5411.42,5425.81,5356.96,5367.55,1121616735
2025-03-04 12:00:00,5367.55,5449.21,5354.2,5425.48,1153110744
2025-03-05 08:00:00,5458.38,5489.18,5429.43,5482.38,1879180427
2025-03-05 12:00:00,5482.38,5525.95,5414.63,5429.94,1942534162
2025-03-06 08:00:00,5430.44,5496.45,5403.48,5488.48,1479503923
2025-03-06 12:00:00,5488.48,5525.52,5435.36,5513.8,1661315158
2025-03-07 08:00:00,5484.75,5610.71,5482.11,5610.08,1296665220
2025-03-07 12:00:00,5610.08,5707.45,5608.96,5669.48,1342612832
2025-03-10 08:00:00,5707.39,5817.04,5696.72,5805.36,1400506641
2025-03-10 12:00:00,5805.36,5884.67,5796.77,5827.73,1354573942
2025-03-11 08:00:00,5859.07,5910.05,5840.67,5889.15,2475213059
2025-03-11 12:00:00,5889.15,5946.48,5861.75,5942.32,2591072023
2025-03-12 08:00:00,5915.07,5945.36,5894.15,5930.94,1621848518
2025-03-12 12:00:00,5930.94,5933.23,5823.78,5857.68,1914110871
2025-03-13 08:00:00,5799.76,5824.06,5771.73,5778.88,1031106363
2025-03-13 12:00:00,5778.88,5801.41,5682.44,5748.9,1143490526
2025-03-14 08:00:00,5743.69,5819.95,5719.64,5766.82,2286329194
2025-03-14 12:00:00,5766.82,5817.49,5733.68,5808.63,2592329522
2025-03-17 08:00:00,5804.15,5894.68,5795.99,5885.47,1351202986
2025-03-17 12:00:00,5885.47,5920.95,5833.16,5875.05,1575318168
2025-03-18 08:00:00,5887.82,5971.4,5868.83,5940.19,973635116
2025-03-18 12:00:00,5940.19,5945.58,5828.51,5857.78,1045202579
2025-03-19 08:00:00,5856.43,5866.89,5733.64,5750.8,1836769764
2025-03-19 12:00:00,5750.8,5824.07,5711.88,5756.38,2104310054
2025-03-20 08:00:00,5745.44,5745.73,5691.98,5693.19,1223194016
2025-03-20 12:00:00,5693.19,5761.59,5691.2,5750.0,1263650454
2025-03-21 08:00:00,5729.9,5833.91,5708.22,5775.0,2065016165
2025-03-21 12:00:00,5775.0,5790.18,5631.95,5644.1,2381522557
2025-03-24 08:00:00,5672.91,5782.6,5666.47,5771.52,1488136626
2025-03-24 12:00:00,5771.52,5804.89,5738.34,5803.85,1455201429
2025-03-25 08:00:00,5825.11,5884.86,5807.74,5846.39,2488456999
2025-03-25 12:00:00,5846.39,5996.62,5841.05,5969.21,2811166996
2025-03-26 08:00:00,5963.17,5978.26,5911.16,5933.57,1978113774
2025-03-26 12:00:00,5933.57,5966.22,5846.74,5963.07,2270109715
2025-03-27 08:00:00,5970.12,6040.32,5952.66,6037.56,1149795128
2025-03-27 12:00:00,6037.56,6086.8,6001.83,6046.4,1203371443
2025-03-28 08:00:00,6017.93,6059.83,5990.13,6029.81,1334216501
2025-03-28 12:00:00,6029.81,6073.68,5935.1,5969.23,1483745759
2025-03-31 08:00:00,5973.15,6044.62,5950.53,6042.76,1510600440
2025-03-31 12:00:00,6042.76,6083.65,6005.42,6038.85,1741273918
2025-04-01 08:00:00,6039.64,6046.29,5985.19,6011.07,2418473194
2025-04-01 12:00:00,6011.07,6068.49,5969.54,5996.89,2697949413
2025-04-02 08:00:00,5997.1,6143.56,5996.25,6139.59,1217361278
2025-04-02 12:00:00,6139.59,6167.53,6093.61,6148.52,1258331080
2025-04-03 08:00:00,6133.14,6174.3,6105.05,6166.3,1397075710
2025-04-03 12:00:00,6166.3,6262.94,6157.66,6228.14,1533276215
2025-04-04 08:00:00,6258.69,6389.92,6249.37,6385.9,1878866937
2025-04-04 12:00:00,6385.9,6543.91,6363.58,6520.6,2224743161
2025-04-07 08:00:00,6534.84,6604.95,6501.08,6604.57,1306849956
2025-04-07 12:00:00,6604.57,6639.69,6534.38,6550.77,1496877426
2025-04-08 08:00:00,6533.5,6599.05,6484.47,6588.58,2812801771
2025-04-08 12:00:00,6588.58,6709.35,6584.4,6702.63,2869900178
2025-04-09 08:00:00,6714.75,6748.54,6662.18,6690.11,2389754119
2025-04-09 12:00:00,6690.11,6714.21,6576.51,6592.01,2487885157
2025-04-10 08:00:00,6624.69,6634.72,6498.32,6537.21,1555590501
2025-04-10 12:00:00,6537.21,6601.28,6451.38,6461.31,1643842944
2025-04-11 08:00:00,6426.81,6546.18,6422.39,6511.11,2874740032
2025-04-11 12:00:00,6511.11,6602.86,6506.77,6564.63,3333681929
2025-04-14 08:00:00,6485.24,6524.03,6440.28,6516.0,1469936804
2025-04-14 12:00:00,6516.0,6541.08,6441.6,6517.39,1602868341
2025-04-15 08:00:00,6520.87,6529.15,6415.62,6453.93,1409524030
2025-04-15 12:00:00,6453.93,6499.59,6417.33,6470.89,1462352786
2025-04-16 08:00:00,6451.04,6511.03,6422.57,6425.74,902651761
2025-04-16 12:00:00,6425.74,6465.99,6333.33,6353.62,971611214
2025-04-17 08:00:00,6369.83,6382.91,6330.94,6347.89,2187071579
2025-04-17 12:00:00,6347.89,6355.91,6257.28,6284.12,2358545503
2025-04-21 08:00:00,6285.5,6308.06,6245.42,6286.41,2263871841
2025-04-21 12:00:00,6286.41,6329.56,6261.27,6322.01,2656447953
2025-04-22 08:00:00,6315.84,6340.42,6286.3,6302.49,1568627685
2025-04-22 12:00:00,6302.49,6365.01,6266.95,6361.89,1633429968
2025-04-23 08:00:00,6325.38,6345.59,6260.47,6261.53,1961060771
2025-04-23 12:00:00,6261.53,6282.73,6153.73,6200.94,1984887344
2025-04-24 08:00:00,6165.47,6211.06,6160.05,6183.87,3757658725
2025-04-24 12:00:00,6183.87,6193.61,6118.44,6158.45,3783566020
2025-04-25 08:00:00,6189.74,6258.93,6178.87,6213.45,1475706361
2025-04-25 12:00:00,6213.45,6234.89,6148.41,6170.31,1697779529
2025-04-28 08:00:00,6129.12,6188.97,6118.46,6177.95,1677139449
2025-04-28 12:00:00,6177.95,6230.08,6130.23,6210.34,1916916095
2025-04-29 08:00:00,6229.18,6315.2,6225.11,6261.88,1556659952
2025-04-29 12:00:00,6261.88,6262.86,6148.23,6169.44,1716570420
2025-04-30 08:00:00,6203.63,6233.19,6164.02,6183.86,1602198186
2025-04-30 12:00:00,6183.86,6216.79,6084.34,6149.59,1823500151
2025-05-01 08:00:00,6127.97,6215.53,6127.75,6200.5,1565893705
2025-05-01 12:00:00,6200.5,6200.9,6102.81,6174.12,1627239168
2025-05-02 08:00:00,6217.92,6266.97,6161.55,6234.42,1950563629
2025-05-02 12:00:00,6234.42,6247.33,6155.0,6226.07,1997058663
2025-05-05 08:00:00,6230.9,6262.18,6197.47,6224.03,1278859357
2025-05-05 12:00:00,6224.03,6309.11,6200.12,6304.78,1351950952
2025-05-06 08:00:00,6311.87,6359.07,6301.45,6316.57,1674945886
2025-05-06 12:00:00,6316.57,6324.78,6211.98,6268.12,1996022484
2025-05-07 08:00:00,6260.77,6336.05,6241.25,6242.86,908995877
2025-05-07 12:00:00,6242.86,6277.58,6197.75,6206.19,1129617176
2025-05-08 08:00:00,6187.05,6215.72,6163.52,6185.95,1457367622
2025-05-08 12:00:00,6185.95,6251.59,6156.95,6218.99,1540341299
2025-05-09 08:00:00,6244.83,6285.98,6223.76,6229.22,1376874479
2025-05-09 12:00:00,6229.22,6254.55,6190.84,6197.74,1558476909
2025-05-12 08:00:00,6193.9,6266.19,6189.38,6202.73,2214644059
2025-05-12 12:00:00,6202.73,6258.48,6194.64,6225.32,2341539572
2025-05-13 08:00:00,6213.15,6229.06,6168.65,6188.33,1825558713
2025-05-13 12:00:00,6188.33,6230.95,6174.51,6198.61,1944282694
2025-05-14 08:00:00,6207.91,6242.89,6198.03,6211.48,1263068369
2025-05-14 12:00:00,6211.48,6328.75,6210.5,6297.68,1270971213
2025-05-15 08:00:00,6305.52,6329.35,6260.03,6262.6,1685689157
2025-05-15 12:00:00,6262.6,6304.72,6214.96,6257.66,1825754429
2025-05-16 08:00:00,6286.35,6391.59,6279.6,6376.56,2239494385
2025-05-16 12:00:00,6376.56,6423.74,6285.84,6314.47,2418387765
2025-05-19 08:00:00,6314.1,6315.09,6233.61,6293.26,1950121808
2025-05-19 12:00:00,6293.26,6369.44,6281.29,6349.51,2017962015
2025-05-20 08:00:00,6330.83,6338.35,6253.72,6274.77,3058746832
2025-05-20 12:00:00,6274.77,6283.5,6232.14,6267.6,3250171421
2025-05-21 08:00:00,6259.73,6275.08,6225.08,6234.51,1491179520
2025-05-21 12:00:00,6234.51,6258.23,6204.65,6222.09,1471461068
2025-05-22 08:00:00,6224.94,6264.6,6197.23,6252.48,697269578
2025-05-22 12:00:00,6252.48,6379.2,6250.61,6377.06,738250210
2025-05-23 08:00:00,6417.53,6430.24,6380.45,6383.58,2353114584
2025-05-23 12:00:00,6383.58,6385.7,6298.32,6303.59,2559828871
2025-05-27 08:00:00,6304.38,6331.11,6262.93,6330.05,1251470526
2025-05-27 12:00:00,6330.05,6378.97,6295.02,6343.4,1279065084
2025-05-28 08:00:00,6344.42,6355.04,6303.34,6314.56,892837285
2025-05-28 12:00:00,6314.56,6372.28,6305.88,6349.7,975267846
2025-05-29 08:00:00,6350.7,6376.53,6318.02,6323.2,1061995289
2025-05-29 12:00:00,6323.2,6330.72,6242.35,6265.99,1311186977
2025-05-30 08:00:00,6249.44,6276.81,6219.73,6223.06,2631401641
2025-05-30 12:00:00,6223.06,6289.27,6217.94,6250.04,2998842930
2025-06-02 08:00:00,6278.86,6314.29,6263.34,6284.47,1579290218
2025-06-02 12:00:00,6284.47,6294.71,6181.69,6182.76,1800951977
2025-06-03 08:00:00,6177.72,6225.84,6153.25,6211.55,1593234409
2025-06-03 12:00:00,6211.55,6288.58,6195.17,6263.7,1684970280
2025-06-04 08:00:00,6259.41,6272.17,6209.55,6221.23,2581850828
2025-06-04 12:00:00,6221.23,6296.83,6211.12,6287.72,2976420115
2025-06-05 08:00:00,6298.12,6307.98,6256.32,6282.98,1848649807
2025-06-05 12:00:00,6282.98,6339.65,6260.47,6311.78,1902745588
2025-06-06 08:00:00,6334.86,6367.5,6283.04,6318.81,2438739863
2025-06-06 12:00:00,6318.81,6328.93,6253.01,6254.05,3011869990
2025-06-09 08:00:00,6259.44,6282.28,6230.55,6247.11,1914827973
2025-06-09 12:00:00,6247.11,6267.65,6209.96,6253.23,1954526609
2025-06-10 08:00:00,6250.12,6278.63,6202.17,6214.13,2099958057
2025-06-10 12:00:00,6214.13,6269.39,6206.78,6264.28,2223832230
2025-06-11 08:00:00,6269.11,6279.04,6212.48,6244.79,1520860549
2025-06-11 12:00:00,6244.79,6288.92,6191.92,6266.39,1567576718
2025-06-12 08:00:00,6256.17,6265.41,6173.08,6173.61,705580574
2025-06-12 12:00:00,6173.61,6287.58,6170.21,6228.24,831139576
2025-06-13 08:00:00,6241.11,6293.76,6240.88,6279.36,1517284990
2025-06-13 12:00:00,6279.36,6369.35,6278.79,6368.53,1669604182
2025-06-16 08:00:00,6349.32,6387.18,6342.04,6370.02,1332132652
2025-06-16 12:00:00,6370.02,6378.13,6312.55,6319.49,1476681639
2025-06-17 08:00:00,6306.12,6344.93,6283.35,6323.63,1613979298
2025-06-17 12:00:00,6323.63,6356.79,6301.4,6325.91,1662169487
2025-06-18 08:00:00,6343.27,6372.27,6299.64,6311.14,1464811030
2025-06-18 12:00:00,6311.14,6329.79,6277.46,6298.44,1634453459
2025-06-20 08:00:00,6280.13,6322.23,6272.22,6297.74,884684523
2025-06-20 12:00:00,6297.74,6365.6,6264.75,6273.68,948702211
2025-06-23 08:00:00,6291.45,6390.89,6270.0,6380.75,2475753066
2025-06-23 12:00:00,6380.75,6471.5,6366.61,6442.34,2458638434
2025-06-24 08:00:00,6455.37,6481.07,6426.24,6439.71,1608661964
2025-06-24 12:00:00,6439.71,6545.42,6423.99,6517.01,1819485257
2025-06-25 08:00:00,6514.57,6520.89,6454.18,6489.24,1983428649
2025-06-25 12:00:00,6489.24,6525.15,6432.78,6520.17,2210457340
2025-06-26 08:00:00,6500.3,6519.59,6426.98,6461.52,1674949643
2025-06-26 12:00:00,6461.52,6588.77,6341.26,6567.72,1860911686
2025-06-27 08:00:00,6547.72,6591.67,6523.55,6570.37,1145745683
2025-06-27 12:00:00,6570.37,6716.37,6560.05,6686.57,1313441873
2025-06-30 08:00:00,6717.1,6731.13,6681.67,6685.84,2154973745
2025-06-30 12:00:00,6685.84,6726.0,6680.35,6693.72,2338777816
2025-07-01 08:00:00,6715.97,6774.98,6705.86,6750.42,1416615713
2025-07-01 12:00:00,6750.42,6756.81,6651.25,6656.53,1495369501
2025-07-02 08:00:00,6655.25,6674.29,6598.79,6612.02,1350165363
2025-07-02 12:00:00,6612.02,6623.24,6545.88,6589.82,1517542884
2025-07-03 08:00:00,6559.58,6602.66,6537.92,6562.16,993224498
2025-07-03 12:00:00,6562.16,6574.62,6515.56,6562.75,1144281780
2025-07-07 08:00:00,6586.14,6608.71,6543.53,6556.27,2142678875
2025-07-07 12:00:00,6556.27,6594.03,6552.05,6562.61,2216683727
2025-07-08 08:00:00,6567.94,6610.31,6547.02,6579.65,1574879582
2025-07-08 12:00:00,6579.65,6626.83,6561.32,6578.59,1690872160
2025-07-09 08:00:00,6581.21,6624.66,6577.02,6598.66,1332900189
2025-07-09 12:00:00,6598.66,6627.04,6545.77,6591.36,1520358122
2025-07-10 08:00:00,6620.02,6639.01,6603.89,6621.71,1353261689
2025-07-10 12:00:00,6621.71,6668.02,6584.58,6640.08,1458927649
2025-07-11 08:00:00,6618.75,6657.73,6606.06,6642.74,2293117303
2025-07-11 12:00:00,6642.74,6677.36,6610.73,6635.77,2725241897
2025-07-14 08:00:00,6656.75,6778.4,6649.72,6746.1,2967842169
2025-07-14 12:00:00,6746.1,6811.28,6736.39,6809.82,3186132220
2025-07-15 08:00:00,6836.61,6845.45,6787.47,6799.51,1540432988
2025-07-15 12:00:00,6799.51,6839.76,6741.61,6763.2,1625669459
2025-07-16 08:00:00,6759.68,6825.6,6754.2,6785.63,1538693741
2025-07-16 12:00:00,6785.63,6861.4,6773.74,6844.65,1584648479
2025-07-17 08:00:00,6866.79,6885.02,6797.49,6797.83,1592641316
2025-07-17 12:00:00,6797.83,6845.27,6728.48,6770.5,1713730049
2025-07-18 08:00:00,6790.04,6818.88,6764.74,6788.24,1455942151
2025-07-18 12:00:00,6788.24,6834.16,6756.09,6829.42,1752325970
2025-07-21 08:00:00,6858.15,6961.58,6818.17,6881.26,1818559609
2025-07-21 12:00:00,6881.26,6913.45,6866.22,6885.86,2089634568
2025-07-22 08:00:00,6871.42,6944.73,6861.08,6931.88,2122004058
2025-07-22 12:00:00,6931.88,6990.17,6920.73,6970.02,2200336486
2025-07-23 08:00:00,7014.19,7022.89,6941.76,7008.04,1245002749
2025-07-23 12:00:00,7008.04,7026.2,6925.53,7025.65,1526494546
2025-07-24 08:00:00,7039.15,7043.45,6955.1,6959.46,1138670005
2025-07-24 12:00:00,6959.46,7018.44,6935.07,7000.72,1116926730
2025-07-25 08:00:00,6966.1,7011.75,6951.58,6982.75,1659256452
2025-07-25 12:00:00,6982.75,7018.1,6891.61,6891.68,1889450818
2025-07-28 08:00:00,6907.99,6920.22,6876.99,6897.13,2774959738
2025-07-28 12:00:00,6897.13,6918.98,6859.84,6884.71,3038860181
2025-07-29 08:00:00,6857.32,6859.75,6789.75,6813.12,1721925181
2025-07-29 12:00:00,6813.12,6884.85,6778.37,6848.2,1793558640
2025-07-30 08:00:00,6874.66,6945.49,6872.71,6914.04,1549999114
2025-07-30 12:00:00,6914.04,6936.13,6853.1,6916.79,1571367011
2025-07-31 08:00:00,6926.03,6954.11,6911.22,6933.53,1268354270
2025-07-31 12:00:00,6933.53,7011.63,6907.16,6924.0,1307169325
2025-08-01 08:00:00,6926.39,6952.25,6881.21,6908.22,1110069483
2025-08-01 12:00:00,6908.22,6994.07,6878.73,6975.25,1141724682
2025-08-04 08:00:00,6964.6,6982.94,6922.2,6953.37,1527330740
2025-08-04 12:00:00,6953.37,6972.17,6901.57,6946.19,1643389912
2025-08-05 08:00:00,6959.7,6996.24,6912.94,6920.06,1524219667
2025-08-05 12:00:00,6920.06,6939.77,6865.63,6869.59,1756481608
2025-08-06 08:00:00,6843.02,6893.19,6835.1,6836.48,1147538933
2025-08-06 12:00:00,6836.48,6903.42,6815.48,6880.4,1261357764
2025-08-07 08:00:00,6929.31,7013.12,6926.63,7003.78,1797263516
2025-08-07 12:00:00,7003.78,7014.28,6897.15,6905.8,1989374598
2025-08-08 08:00:00,6908.86,6949.82,6872.29,6892.86,1573161709
2025-08-08 12:00:00,6892.86,6928.99,6848.48,6885.22,1763895781
2025-08-11 08:00:00,6849.64,6876.47,6822.57,6846.14,1216646461
2025-08-11 12:00:00,6846.14,6854.28,6807.09,6831.34,1268603943
2025-08-12 08:00:00,6779.61,6790.29,6731.1,6774.54,1850762907
2025-08-12 12:00:00,6774.54,6863.58,6721.71,6829.83,1879194733
2025-08-13 08:00:00,6820.18,6825.56,6705.69,6711.52,1738984517
2025-08-13 12:00:00,6711.52,6756.69,6693.02,6731.83,2004075985
2025-08-14 08:00:00,6753.94,6759.67,6712.49,6719.19,1821806737
2025-08-14 12:00:00,6719.19,6750.8,6651.48,6679.0,2009539959
2025-08-15 08:00:00,6694.02,6729.1,6668.61,6688.51,1877064263
2025-08-15 12:00:00,6688.51,6696.63,6598.18,6673.84,1870500268
2025-08-18 08:00:00,6677.38,6714.37,6666.85,6698.87,1456443962
2025-08-18 12:00:00,6698.87,6742.57,6683.17,6737.54,1689507894
2025-08-19 08:00:00,6771.55,6830.38,6755.07,6785.74,1685589110
2025-08-19 12:00:00,6785.74,6856.85,6762.44,6784.75,1866874960
2025-08-20 08:00:00,6758.03,6767.46,6696.4,6748.66,2543129079
2025-08-20 12:00:00,6748.66,6775.67,6695.82,6704.26,2848102030
2025-08-21 08:00:00,6722.78,6793.33,6719.35,6789.85,1973526409
2025-08-21 12:00:00,6789.85,6860.58,6767.23,6855.43,2195571763
2025-08-22 08:00:00,6819.41,6854.73,6790.68,6848.19,1218690635
2025-08-22 12:00:00,6848.19,6905.93,6832.18,6848.16,1340502234
2025-08-25 08:00:00,6892.82,6898.06,6836.05,6870.22,1477799327
2025-08-25 12:00:00,6870.22,6921.06,6858.52,6879.62,1733560938
2025-08-26 08:00:00,6875.5,6925.78,6855.5,6908.17,1164879572
2025-08-26 12:00:00,6908.17,6914.45,6840.39,6873.08,1293522070
2025-08-27 08:00:00,6871.3,6884.83,6835.12,6870.93,1307701979
2025-08-27 12:00:00,6870.93,6898.94,6848.87,6860.73,1451294744
2025-08-28 08:00:00,6842.54,6899.91,6823.47,6881.27,1016849485
2025-08-28 12:00:00,6881.27,6921.28,6807.86,6819.5,1123860504
2025-08-29 08:00:00,6808.7,6861.12,6803.07,6837.37,1566476647
2025-08-29 12:00:00,6837.37,6880.78,6792.96,6837.78,1776121079
2025-09-02 08:00:00,6827.5,6830.49,6728.7,6745.94,2172673597
2025-09-02 12:00:00,6745.94,6836.01,6704.45,6832.85,2186969503
2025-09-03 08:00:00,6824.65,6841.57,6782.23,6811.19,1693344221
2025-09-03 12:00:00,6811.19,6857.32,6751.85,6832.25,1984502965
2025-09-04 08:00:00,6860.99,6890.11,6826.73,6851.39,2590501114
2025-09-04 12:00:00,6851.39,6983.36,6844.98,6967.04,2921278885
2025-09-05 08:00:00,6962.31,6985.2,6927.56,6964.18,3326502209
2025-09-05 12:00:00,6964.18,7012.93,6939.46,6989.99,3409845249
2025-09-08 08:00:00,6999.93,7040.41,6977.46,6993.88,1900351588
2025-09-08 12:00:00,6993.88,7116.46,6975.88,7111.9,2221117690
2025-09-09 08:00:00,7073.28,7082.64,6998.23,7014.01,1610148551
2025-09-09 12:00:00,7014.01,7042.01,6967.65,6988.67,1586808194
2025-09-10 08:00:00,7031.34,7100.99,6926.13,6941.2,1131605581
2025-09-10 12:00:00,6941.2,6949.13,6869.41,6929.36,1253414574
2025-09-11 08:00:00,6890.25,6957.73,6876.62,6943.97,1823944281
2025-09-11 12:00:00,6943.97,7000.44,6907.55,6959.54,1993168269
2025-09-12 08:00:00,6966.4,7025.35,6961.66,7007.1,1568838303
2025-09-12 12:00:00,7007.1,7064.93,6991.96,7011.8,1778870352
2025-09-15 08:00:00,7012.87,7017.65,6954.28,6984.41,1318529917
2025-09-15 12:00:00,6984.41,7023.09,6951.16,6969.69,1431032200
2025-09-16 08:00:00,6963.08,6963.27,6870.0,6874.31,1403425659
2025-09-16 12:00:00,6874.31,6912.15,6835.29,6854.11,1367775658
2025-09-17 08:00:00,6839.33,6841.47,6763.91,6785.59,1269825866
2025-09-17 12:00:00,6785.59,6930.19,6777.32,6878.76,1504743768
2025-09-18 08:00:00,6909.34,6912.09,6832.12,6855.31,2220446630
2025-09-18 12:00:00,6855.31,6879.33,6801.59,6817.08,2344888560
2025-09-19 08:00:00,6804.39,6808.31,6757.6,6775.07,1635947627
2025-09-19 12:00:00,6775.07,6848.11,6770.79,6829.14,1837294059
2025-09-22 08:00:00,6842.97,6922.46,6837.96,6860.46,2510136873
2025-09-22 12:00:00,6860.46,6862.33,6789.08,6823.21,2733821014
2025-09-23 08:00:00,6797.02,6815.24,6764.98,6780.1,2530006195
2025-09-23 12:00:00,6780.1,6782.47,6701.43,6702.97,2719658650
2025-09-24 08:00:00,6731.98,6783.53,6719.07,6771.67,2069903617
2025-09-24 12:00:00,6771.67,6788.78,6707.71,6778.18,2231822045
2025-09-25 08:00:00,6775.8,6800.35,6702.75,6710.63,2711124970
2025-09-25 12:00:00,6710.63,6717.72,6643.41,6700.11,3001215689
2025-09-26 08:00:00,6702.05,6706.65,6614.51,6668.71,1412194581
2025-09-26 12:00:00,6668.71,6763.21,6633.8,6734.96,1576461550
2025-09-29 08:00:00,6763.08,6870.09,6742.59,6856.64,2124615041
2025-09-29 12:00:00,6856.64,6908.61,6843.21,6884.29,2497806477
2025-09-30 08:00:00,6847.87,6874.71,6813.94,6820.71,1890392534
2025-09-30 12:00:00,6820.71,6852.34,6757.31,6760.22,2164626776
2025-10-01 08:00:00,6767.12,6769.8,6707.27,6711.23,1575115784
2025-10-01 12:00:00,6711.23,6745.54,6611.78,6619.1,1569741032
2025-10-02 08:00:00,6603.34,6610.39,6553.15,6569.22,1931875368
2025-10-02 12:00:00,6569.22,6615.7,6556.5,6574.5,2001112573
2025-10-03 08:00:00,6558.78,6605.39,6541.01,6570.46,2307490539
2025-10-03 12:00:00,6570.46,6607.34,6515.12,6518.69,2430434826
2025-10-06 08:00:00,6525.9,6532.79,6459.49,6460.34,1847059870
2025-10-06 12:00:00,6460.34,6510.6,6455.44,6505.15,1959691738
2025-10-07 08:00:00,6509.41,6573.36,6483.01,6551.91,2349226308
2025-10-07 12:00:00,6551.91,6619.52,6535.73,6610.12,2585052954
2025-10-08 08:00:00,6610.28,6653.85,6588.6,6613.35,2438304926
2025-10-08 12:00:00,6613.35,6616.81,6509.35,6557.73,2441051959
2025-10-09 08:00:00,6572.35,6673.31,6571.68,6661.5,1539252723
2025-10-09 12:00:00,6661.5,6686.47,6602.97,6621.77,1754806985
2025-10-10 08:00:00,6603.26,6619.03,6556.57,6573.92,1643843307
2025-10-10 12:00:00,6573.92,6588.76,6449.68,6518.44,1784811784
2025-10-13 08:00:00,6524.52,6528.9,6465.98,6470.26,2952017279
2025-10-13 12:00:00,6470.26,6510.33,6456.82,6484.42,3425463368
2025-10-14 08:00:00,6512.27,6559.82,6489.77,6493.66,1709846864
2025-10-14 12:00:00,6493.66,6573.57,6482.28,6570.47,1895940340
2025-10-15 08:00:00,6567.46,6582.61,6524.66,6553.05,2340534799
2025-10-15 12:00:00,6553.05,6576.7,6520.18,6522.3,2602203227
2025-10-16 08:00:00,6525.51,6555.26,6464.58,6538.38,1428698139
2025-10-16 12:00:00,6538.38,6573.52,6498.22,6511.59,1571575959
2025-10-17 08:00:00,6510.59,6579.27,6502.53,6553.94,1559045739
2025-10-17 12:00:00,6553.94,6565.57,6523.24,6555.6,1679850351
2025-10-20 08:00:00,6574.46,6609.89,6546.56,6594.91,1700494928
2025-10-20 12:00:00,6594.91,6682.45,6591.48,6642.01,1951296489
2025-10-21 08:00:00,6661.03,6696.47,6626.3,6639.19,1889893220
2025-10-21 12:00:00,6639.19,6665.72,6577.9,6592.58,1948649652
2025-10-22 08:00:00,6599.24,6648.63,6587.42,6607.33,1068201230
2025-10-22 12:00:00,6607.33,6689.92,6568.38,6674.03,1184755565
2025-10-23 08:00:00,6658.12,6693.04,6632.52,6655.68,1270469048
2025-10-23 12:00:00,6655.68,6687.58,6629.19,6678.72,1344558646
2025-10-24 08:00:00,6691.82,6740.72,6680.34,6687.33,2046440369
2025-10-24 12:00:00,6687.33,6719.44,6635.47,6718.83,2287477066
2025-10-27 08:00:00,6734.95,6743.76,6706.38,6737.18,1138039480
2025-10-27 12:00:00,6737.18,6778.77,6716.06,6736.95,1222864570
2025-10-28 08:00:00,6743.84,6786.51,6739.45,6777.77,941130756
2025-10-28 12:00:00,6777.77,6893.92,6774.2,6861.74,1071960568
2025-10-29 08:00:00,6843.31,6903.11,6828.32,6894.51,2024720046
2025-10-29 12:00:00,6894.51,6988.21,6885.95,6911.09,2178520821
2025-10-30 08:00:00,6929.27,6964.97,6864.01,6865.82,1650749388
2025-10-30 12:00:00,6865.82,6873.12,6706.0,6713.28,1748482689
2025-10-31 08:00:00,6728.37,6779.69,6714.1,6755.17,1809408451
2025-10-31 12:00:00,6755.17,6793.15,6739.65,6751.33,1959991053
2025-11-03 08:00:00,6744.91,6785.21,6738.06,6748.2,1426921708
2025-11-03 12:00:00,6748.2,6795.98,6692.63,6776.4,1487827403
2025-11-04 08:00:00,6805.63,6880.09,6793.19,6856.78,1532843017
2025-11-04 12:00:00,6856.78,6930.4,6841.81,6896.33,1660715519
2025-11-05 08:00:00,6905.75,6982.9,6898.9,6974.54,2549384910
2025-11-05 12:00:00,6974.54,7005.77,6909.03,6925.82,2959218954
2025-11-06 08:00:00,6907.77,6954.7,6893.92,6935.58,845762512
2025-11-06 12:00:00,6935.58,6961.5,6882.91,6942.84,846640519
2025-11-07 08:00:00,6967.7,7028.03,6941.18,6959.61,2876371558
2025-11-07 12:00:00,6959.61,7000.32,6897.59,6983.6,3250296830
2025-11-10 08:00:00,6991.63,7020.35,6970.24,6980.94,1721711196
2025-11-10 12:00:00,6980.94,7056.99,6979.31,7034.68,1926827643
2025-11-11 08:00:00,7013.52,7027.23,6975.84,6991.06,2092800849
2025-11-11 12:00:00,6991.06,7052.49,6937.42,6943.16,2213847905
2025-11-12 08:00:00,6961.24,7037.61,6958.66,7001.25,1505080394
2025-11-12 12:00:00,7001.25,7022.48,6952.19,7022.29,1661226401
2025-11-13 08:00:00,7056.05,7059.92,6999.51,7030.14,2401577230
2025-11-13 12:00:00,7030.14,7030.29,6951.49,7008.37,2633382954
2025-11-14 08:00:00,7010.57,7098.73,7006.65,7094.16,2217044600
2025-11-14 12:00:00,7094.16,7161.68,7076.48,7128.63,2264439410
2025-11-17 08:00:00,7093.12,7100.31,6990.83,6991.03,1226778193
2025-11-17 12:00:00,6991.03,7151.05,6973.62,7095.54,1329280449
2025-11-18 08:00:00,7065.61,7071.77,6960.76,6981.09,2700517688
2025-11-18 12:00:00,6981.09,7064.44,6935.37,7055.93,2900602206
2025-11-19 08:00:00,7063.98,7082.34,6997.46,7000.36,1825555311
2025-11-19 12:00:00,7000.36,7048.68,6911.44,6926.04,2047678625
2025-11-20 08:00:00,6907.43,6981.24,6897.99,6941.71,1592081690
2025-11-20 12:00:00,6941.71,6967.77,6884.06,6935.86,1644916125
2025-11-21 08:00:00,6976.97,7013.98,6953.38,6983.68,1755833447
2025-11-21 12:00:00,6983.68,6991.82,6848.47,6869.2,1996085568
2025-11-24 08:00:00,6894.72,6902.49,6853.08,6866.38,1765566359
2025-11-24 12:00:00,6866.38,6873.4,6767.11,6780.5,1947489490
2025-11-25 08:00:00,6779.35,6843.53,6778.38,6783.08,1946711933
2025-11-25 12:00:00,6783.08,6786.72,6721.86,6738.18,2173727008
2025-11-26 08:00:00,6771.5,6804.22,6749.85,6802.19,1706747624
2025-11-26 12:00:00,6802.19,6829.21,6721.09,6723.91,1996221432
2025-11-28 08:00:00,6749.71,6802.08,6715.41,6773.22,2719069936
2025-11-28 12:00:00,6773.22,6843.29,6743.22,6830.47,3052071813
2025-12-01 08:00:00,6839.77,6891.51,6827.36,6856.01,1439688880
2025-12-01 12:00:00,6856.01,6897.4,6819.91,6894.96,1631322561
2025-12-02 08:00:00,6882.66,6884.12,6821.73,6829.05,1405720988
2025-12-02 12:00:00,6829.05,6897.45,6828.57,6865.48,1417777176
2025-12-03 08:00:00,6867.56,6948.93,6863.05,6886.28,1320040933
2025-12-03 12:00:00,6886.28,6899.36,6830.21,6877.06,1321946781
2025-12-04 08:00:00,6908.29,6926.37,6887.56,6914.12,1675599041
2025-12-04 12:00:00,6914.12,6935.77,6837.56,6851.58,1989090649
2025-12-05 08:00:00,6882.42,6889.51,6843.47,6856.31,1601148260
2025-12-05 12:00:00,6856.31,6914.06,6842.54,6885.75,1907801360
2025-12-08 08:00:00,6850.35,6920.8,6849.66,6876.51,1542932195
2025-12-08 12:00:00,6876.51,6905.16,6836.67,6881.71,1747549455
2025-12-09 08:00:00,6860.26,6931.58,6856.68,6930.37,2326192842
2025-12-09 12:00:00,6930.37,6967.42,6891.42,6911.51,2730134904
2025-12-10 08:00:00,6903.3,6967.55,6882.53,6959.83,1166694509
2025-12-10 12:00:00,6959.83,6962.48,6872.29,6894.79,1174527008
2025-12-11 08:00:00,6865.16,6869.44,6786.82,6807.67,953979799
2025-12-11 12:00:00,6807.67,6854.69,6777.93,6806.49,1032134360
2025-12-12 08:00:00,6842.4,6853.58,6799.64,6851.82,2303947874
2025-12-12 12:00:00,6851.82,6870.8,6730.97,6787.38,2617748019
2025-12-15 08:00:00,6793.02,6874.26,6764.4,6865.29,1741293708
2025-12-15 12:00:00,6865.29,6942.27,6847.53,6939.9,1977579066
2025-12-16 08:00:00,6936.16,6980.82,6931.4,6979.24,1740216606
2025-12-16 12:00:00,6979.24,6983.41,6865.29,6868.89,1784859591
2025-12-17 08:00:00,6888.45,6905.64,6840.12,6870.48,1396298426
2025-12-17 12:00:00,6870.48,6915.72,6827.17,6837.56,1442560568
2025-12-18 08:00:00,6852.06,6894.09,6841.05,6875.55,1952340266
2025-12-18 12:00:00,6875.55,6903.53,6812.06,6817.71,2037573568
2025-12-19 08:00:00,6818.7,6862.43,6795.69,6856.99,1766615115
2025-12-19 12:00:00,6856.99,6930.44,6808.71,6921.01,1841770214
2025-12-22 08:00:00,6940.35,6947.67,6881.36,6902.14,1848585368
2025-12-22 12:00:00,6902.14,6937.17,6888.57,6926.75,1964757075
2025-12-23 08:00:00,6911.55,6935.78,6891.56,6918.11,2722621748
2025-12-23 12:00:00,6918.11,6965.77,6899.81,6918.5,2890533178
2025-12-24 08:00:00,6917.14,6957.68,6880.07,6891.89,1594063726
2025-12-24 12:00:00,6891.89,6954.43,6873.55,6929.25,1778249575
2025-12-26 08:00:00,6924.72,6935.74,6867.93,6887.21,875447871
2025-12-26 12:00:00,6887.21,6968.43,6885.42,6968.36,948303839
2025-12-29 08:00:00,6965.74,7052.22,6965.37,7037.61,1566998192
2025-12-29 12:00:00,7037.61,7089.19,7025.79,7086.45,1640358373
2025-12-30 08:00:00,7125.74,7132.28,7061.67,7075.87,2630620648
2025-12-30 12:00:00,7075.87,7083.91,7032.88,7042.01,2981232595
2025-12-31 08:00:00,7040.85,7058.79,7010.77,7027.22,1823290184
2025-12-31 12:00:00,7027.22,7115.73,7000.51,7110.14,1920902979
